level	page_num	block_num	par_num	line_num	word_num	left	top	width	height	conf	text
1	1	0	0	0	0	0	0	2606	3510	-1	
2	1	1	0	0	0	0	0	1077	9	-1	
3	1	1	1	0	0	0	0	1077	9	-1	
4	1	1	1	1	0	0	0	1077	9	-1	
5	1	1	1	1	1	0	0	1077	9	95.000000	 
2	1	2	0	0	0	21	3480	106	30	-1	
3	1	2	1	0	0	21	3480	106	30	-1	
4	1	2	1	1	0	21	3480	106	30	-1	
5	1	2	1	1	1	21	3480	106	30	95.000000	 
2	1	3	0	0	0	204	163	647	275	-1	
3	1	3	1	0	0	204	163	647	275	-1	
4	1	3	1	1	0	204	163	647	275	-1	
5	1	3	1	1	1	204	163	647	275	95.000000	  
2	1	4	0	0	0	659	257	261	181	-1	
3	1	4	1	0	0	659	257	261	181	-1	
4	1	4	1	1	0	659	257	261	181	-1	
5	1	4	1	1	1	659	257	261	181	49.985741	ΓΕ
2	1	5	0	0	0	275	468	374	60	-1	
3	1	5	1	0	0	275	468	374	60	-1	
4	1	5	1	1	0	275	468	374	26	-1	
5	1	5	1	1	1	275	468	2	2	0.000000	᾿
5	1	5	1	1	2	295	473	111	20	50.992905	ΝΕΑΡΟΙ
5	1	5	1	1	3	419	474	230	20	78.294342	ΓΕΩΡΓΙΤΣΙΑΝΟΙ
4	1	5	1	2	0	298	502	349	26	-1	
5	1	5	1	2	1	298	502	160	20	85.945847	ΑΓΑΠΗΣΤΕ
5	1	5	1	2	2	470	504	177	24	71.283096	ΟΛΦΨΥΧΑ...,
2	1	6	0	0	0	193	614	348	8	-1	
3	1	6	1	0	0	193	614	348	8	-1	
4	1	6	1	1	0	193	614	348	8	-1	
5	1	6	1	1	1	193	614	348	8	95.000000	 
2	1	7	0	0	0	287	671	510	67	-1	
3	1	7	1	0	0	287	671	510	67	-1	
4	1	7	1	1	0	287	671	510	67	-1	
5	1	7	1	1	1	287	671	30	53	21.368217	Ὀ
5	1	7	1	1	2	339	672	288	66	87.971268	Επαρχιακὺς
5	1	7	1	1	3	648	677	149	59	92.038132	Τύπος
2	1	8	0	0	0	48	774	848	1528	-1	
3	1	8	1	0	0	185	774	711	108	-1	
4	1	8	1	1	0	210	774	685	38	-1	
5	1	8	1	1	1	210	774	28	21	38.504429	Σ᾽
5	1	8	1	1	2	251	774	63	27	95.679749	όλες
5	1	8	1	1	3	331	775	96	30	96.640816	σχεδόν
5	1	8	1	1	4	438	783	39	21	96.356346	τις
5	1	8	1	1	5	491	779	184	29	73.442482	μεγαλύτερες
5	1	8	1	1	6	688	781	93	31	96.121727	πόλεις
5	1	8	1	1	7	794	787	46	25	93.165100	της
5	1	8	1	1	8	856	782	39	30	92.285271	χώ
4	1	8	1	2	0	185	810	711	51	-1	
5	1	8	1	2	1	185	815	59	23	86.124825	ρας,
5	1	8	1	2	2	262	810	26	22	90.892967	σ’
5	1	8	1	2	3	306	811	63	27	96.977173	όλες
5	1	8	1	2	4	381	817	41	21	95.588074	τις
5	1	8	1	2	5	439	813	142	31	96.806480	Επαρχίες,
5	1	8	1	2	6	593	811	188	50	94.689835	κυκλοφορούν
5	1	8	1	2	7	793	817	103	30	83.434189	καθηµε
4	1	8	1	3	0	185	841	705	51	-1	
5	1	8	1	3	1	185	845	72	34	75.919571	ρινές
5	1	8	1	3	2	274	841	173	51	92.812317	ἐφημερίδες,
5	1	8	1	3	3	460	849	219	30	10.511887	ἑθδομαδιαῖες
5	1	8	1	3	4	667	845	15	41	90.113724	ἤ
5	1	8	1	3	5	693	852	130	30	88.324638	μηνιαῖες.
5	1	8	1	3	6	859	853	31	22	15.962151	ὪὍ
3	1	8	2	0	0	60	881	835	819	-1	
4	1	8	2	1	0	60	881	834	49	-1	
5	1	8	2	1	1	60	887	8	24	3.731567	ὃ
5	1	8	2	1	2	100	889	15	7	19.092712	5
5	1	8	2	1	3	162	881	106	26	15.662300	 “πύπος
5	1	8	2	1	4	272	882	90	26	89.652748	αὐτός
5	1	8	2	1	5	373	883	121	27	60.472103	λέγεται.
5	1	8	2	1	6	501	881	182	49	71.802879	᾿Ἐπαρχιακός
5	1	8	2	1	7	698	888	75	25	91.990700	γιατί
5	1	8	2	1	8	791	887	103	22	91.990700	ἐκδίδε-
4	1	8	2	2	0	63	912	832	40	-1	
5	1	8	2	2	1	63	912	2	5	0.000000	ἳ
5	1	8	2	2	2	182	921	45	17	93.305229	ται
5	1	8	2	2	3	238	917	32	29	90.752777	µέ
5	1	8	2	2	4	282	917	95	30	93.297997	κέντρο
5	1	8	2	2	5	394	918	48	30	89.045044	µιά
5	1	8	2	2	6	454	920	81	29	93.253372	µικρή
5	1	8	2	2	7	548	920	15	29	93.167038	ἤ
5	1	8	2	2	8	580	921	169	30	81.371628	μεγαλύτερη
5	1	8	2	2	9	766	922	67	30	96.586266	πόλη
5	1	8	2	2	10	849	929	46	16	96.108223	και
4	1	8	2	3	0	182	952	711	40	-1	
5	1	8	2	3	1	182	952	102	40	96.695190	γράφει
5	1	8	2	3	2	298	953	50	27	31.205589	γιά
5	1	8	2	3	3	361	953	105	30	95.860420	θέµατα
5	1	8	2	3	4	481	960	51	16	93.293724	που
5	1	8	2	3	5	547	955	176	31	83.618446	ἐνδιαφέρουν
5	1	8	2	3	6	737	957	47	29	92.954521	τήν
5	1	8	2	3	7	797	956	96	32	27.882309	Ἐπαρ-
4	1	8	2	4	0	182	987	710	33	-1	
5	1	8	2	4	1	182	987	56	29	90.510918	χία.
5	1	8	2	4	2	257	987	172	31	87.077469	Πληροφορεῖ
5	1	8	2	4	3	453	989	167	30	50.632023	ἐπισημαίνει
5	1	8	2	4	4	641	997	41	20	95.843292	τις
5	1	8	2	4	5	692	992	123	28	84.982758	ανάγκες
5	1	8	2	4	6	846	999	46	17	96.063850	και
4	1	8	2	5	0	184	1023	595	46	-1	
5	1	8	2	5	1	184	1023	159	30	96.217567	καλλιεργεί
5	1	8	2	5	2	359	1029	47	25	96.717796	την
5	1	8	2	5	3	419	1025	74	30	96.689964	κοινή
5	1	8	2	5	4	509	1027	151	30	96.255066	επαρχιακή
5	1	8	2	5	5	678	1027	101	42	57.648262	γνώμη.
4	1	8	2	6	0	64	1059	827	32	-1	
5	1	8	2	6	1	64	1064	3	24	4.536484	;
5	1	8	2	6	2	203	1059	50	21	96.839081	Πιό
5	1	8	2	6	3	266	1059	73	22	96.235138	κάτω
5	1	8	2	6	4	355	1060	53	22	95.957977	από
5	1	8	2	6	5	418	1066	46	16	95.957977	τον
5	1	8	2	6	6	476	1062	151	29	69.511871	επαρχιακό
5	1	8	2	6	7	642	1063	64	21	96.751648	τύπο
5	1	8	2	6	8	720	1063	71	23	96.915703	είναι
5	1	8	2	6	9	804	1071	16	16	93.306023	ο
5	1	8	2	6	10	836	1070	55	16	91.105583	στε-
4	1	8	2	7	0	181	1094	710	47	-1	
5	1	8	2	7	1	181	1094	99	29	92.624313	γότερα
5	1	8	2	7	2	289	1096	151	26	73.644882	κεινοτικός
5	1	8	2	7	3	456	1097	80	27	96.075699	τύπος
5	1	8	2	7	4	548	1103	51	18	96.548286	που
5	1	8	2	7	5	613	1098	137	23	95.324356	εκδίδεται
5	1	8	2	7	6	766	1105	31	16	96.869469	σε
5	1	8	2	7	7	811	1101	80	40	77.032234	μεγά-
4	1	8	2	8	0	66	1129	826	33	-1	
5	1	8	2	8	1	66	1135	2	26	44.842010	|
5	1	8	2	8	2	180	1129	38	22	96.258682	λα
5	1	8	2	8	3	227	1131	88	29	94.842407	χωριά
5	1	8	2	8	4	330	1137	32	24	93.288788	µε
5	1	8	2	8	5	373	1133	188	26	74.028389	ανογνωστικό
5	1	8	2	8	6	572	1133	74	23	96.748863	κοινό
5	1	8	2	8	7	658	1139	63	21	93.504929	τους
5	1	8	2	8	8	748	1135	144	27	79.906219	κατοίκους
4	1	8	2	9	0	181	1167	710	33	-1	
5	1	8	2	9	1	181	1171	47	16	96.733200	του
5	1	8	2	9	2	241	1167	101	29	92.733688	χωριού
5	1	8	2	9	3	358	1172	46	17	65.750603	και
5	1	8	2	9	4	418	1172	63	22	91.830193	τους
5	1	8	2	9	5	496	1168	163	30	91.830193	αποδήµους.
5	1	8	2	9	6	673	1169	40	23	96.982208	Τα
5	1	8	2	9	7	725	1170	104	30	42.200378	θέματά
5	1	8	2	9	8	845	1177	46	15	96.334564	του
4	1	8	2	10	0	67	1196	824	40	-1	
5	1	8	2	10	1	67	1196	3	37	11.800758	!
5	1	8	2	10	2	183	1200	68	22	93.206017	είναι
5	1	8	2	10	3	263	1202	98	30	96.331009	κυρίως
5	1	8	2	10	4	377	1202	182	31	94.952400	πληροφορίες
5	1	8	2	10	5	572	1210	47	16	96.432343	και
5	1	8	2	10	6	632	1205	49	30	96.261581	ύλη
5	1	8	2	10	7	697	1211	50	16	96.286362	που
5	1	8	2	10	8	773	1205	118	31	94.365067	προάγει
4	1	8	2	11	0	67	1234	824	63	-1	
5	1	8	2	11	1	67	1234	3	32	71.185081	|
5	1	8	2	11	2	181	1243	46	15	96.879593	και
5	1	8	2	11	3	241	1237	159	30	91.546379	καλλιεργεί
5	1	8	2	11	4	411	1244	48	24	66.959885	την.
5	1	8	2	11	5	473	1240	72	30	92.753204	κοινή
5	1	8	2	11	6	560	1240	92	31	79.839584	γνώμη
5	1	8	2	11	7	664	1246	48	18	94.663910	του
5	1	8	2	11	8	723	1238	102	59	91.121368	Χωριού
5	1	8	2	11	9	840	1248	51	16	96.889771	στα
4	1	8	2	12	0	68	1269	407	35	-1	
5	1	8	2	12	1	68	1269	2	35	84.912109	|
5	1	8	2	12	2	181	1273	77	21	96.115967	κοινά
5	1	8	2	12	3	269	1272	206	31	17.664375	ενδιαφέροντα...
4	1	8	2	13	0	64	1305	826	36	-1	
5	1	8	2	13	1	64	1305	8	36	21.845734	Ἰ
5	1	8	2	13	2	209	1307	69	23	96.270996	Τόσο
5	1	8	2	13	3	291	1315	17	15	91.329773	ο
5	1	8	2	13	4	325	1310	166	29	91.329773	επαρχιακός
5	1	8	2	13	5	505	1311	92	26	96.800766	τύπος,
5	1	8	2	13	6	611	1311	51	22	95.387733	όσο
5	1	8	2	13	7	675	1318	46	16	0.000000	και
5	1	8	2	13	8	733	1320	16	16	0.000000	ο
5	1	8	2	13	9	782	1319	108	18	52.589565	κοϊνοτι-
4	1	8	2	14	0	69	1342	819	34	-1	
5	1	8	2	14	1	69	1342	3	8	42.310215	ἵ
5	1	8	2	14	2	182	1343	48	27	93.010895	κός
5	1	8	2	14	3	241	1343	80	30	96.707748	έχουν
5	1	8	2	14	4	336	1346	191	30	47.978493	περιορισμένο
5	1	8	2	14	5	537	1347	190	27	80.048737	αναγνωστικό
5	1	8	2	14	6	737	1349	77	21	96.020073	κοινό
5	1	8	2	14	7	840	1355	48	17	23.123184	και
4	1	8	2	15	0	179	1380	711	34	-1	
5	1	8	2	15	1	179	1385	49	22	48.896751	για
5	1	8	2	15	2	241	1386	31	16	95.983566	το
5	1	8	2	15	3	285	1380	71	29	95.983566	λόγο
5	1	8	2	15	4	367	1381	67	23	96.758682	αυτό
5	1	8	2	15	5	447	1382	80	31	96.719513	έχουν
5	1	8	2	15	6	536	1383	68	21	96.624641	πολύ
5	1	8	2	15	7	614	1385	192	29	0.000000	περιορισμένα
5	1	8	2	15	8	821	1391	69	17	68.353188	οικο-
4	1	8	2	16	0	178	1416	712	36	-1	
5	1	8	2	16	1	178	1416	98	29	39.102497	νομικά
5	1	8	2	16	2	286	1416	78	30	92.908264	µέσα.
5	1	8	2	16	3	380	1417	28	23	95.516357	Γι
5	1	8	2	16	4	419	1419	68	21	96.841049	αυτό
5	1	8	2	16	5	498	1419	33	22	49.784885	άν
5	1	8	2	16	6	543	1419	126	23	93.302315	αποτελεί
5	1	8	2	16	7	680	1420	125	31	85.845543	τόλµηµα
5	1	8	2	16	8	819	1428	17	24	93.257767	η
5	1	8	2	16	9	850	1422	40	22	91.259964	έκ-
4	1	8	2	17	0	179	1449	710	50	-1	
5	1	8	2	17	1	179	1451	68	42	89.089935	δοση
5	1	8	2	17	2	257	1449	169	39	57.438171	επαρχιακής
5	1	8	2	17	3	435	1451	181	48	54.862095	εφημερίδας,
5	1	8	2	17	4	634	1463	16	24	95.983330	η
5	1	8	2	17	5	666	1455	98	32	93.235268	έκδοση
5	1	8	2	17	6	782	1463	107	17	48.238831	κοινοτι-
4	1	8	2	18	0	72	1487	818	35	-1	
5	1	8	2	18	1	72	1496	3	16	24.785629	]
5	1	8	2	18	2	180	1487	48	30	91.848915	κής
5	1	8	2	18	3	240	1489	126	22	93.303246	αποτελεί
5	1	8	2	18	4	379	1489	160	32	87.593742	αωτόχρηµα
5	1	8	2	18	5	554	1492	123	30	59.027908	ηρωϊσμό
5	1	8	2	18	6	689	1498	46	18	96.168793	και
5	1	8	2	18	7	762	1493	69	22	96.110497	είναι
5	1	8	2	18	8	854	1499	36	17	95.570274	να
4	1	8	2	19	0	180	1523	707	36	-1	
5	1	8	2	19	1	180	1523	132	30	90.222046	θαυμάζει
5	1	8	2	19	2	329	1525	91	27	96.232559	κανείς
5	1	8	2	19	3	436	1531	47	17	96.364441	και
5	1	8	2	19	4	496	1532	35	16	92.826157	να
5	1	8	2	19	5	547	1527	144	30	45.221535	µαικαρίζει
5	1	8	2	19	6	701	1533	47	25	92.070396	την
5	1	8	2	19	7	764	1529	123	30	92.070396	Κοινότη-
4	1	8	2	20	0	73	1556	816	41	-1	
5	1	8	2	20	1	73	1556	38	36	66.651993	..
5	1	8	2	20	2	178	1564	35	17	92.562775	τα
5	1	8	2	20	3	225	1559	179	31	88.467293	Γεωργιτσίου
5	1	8	2	20	4	416	1567	51	17	95.618675	που
5	1	8	2	20	5	483	1562	166	35	96.796402	κατορθώνει
5	1	8	2	20	6	658	1569	35	16	96.803337	να
5	1	8	2	20	7	710	1565	123	29	95.837341	συντηρεί
5	1	8	2	20	8	846	1565	43	29	95.042740	όχι
4	1	8	2	21	0	74	1593	813	36	-1	
5	1	8	2	21	1	74	1593	3	20	6.989960	ἱ
5	1	8	2	21	2	181	1595	48	29	89.808571	µία
5	1	8	2	21	3	243	1595	77	23	95.068985	αλλά
5	1	8	2	21	4	335	1602	73	24	95.608551	τρεις
5	1	8	2	21	5	421	1597	102	27	22.061913	τέτοιες
5	1	8	2	21	6	537	1599	174	29	41.740990	εφημερίδες.
5	1	8	2	21	7	721	1599	166	30	39.519463	Αμφιδθάλλω
4	1	8	2	22	0	179	1630	710	34	-1	
5	1	8	2	22	1	179	1630	33	22	96.103386	άν
5	1	8	2	22	2	230	1630	85	29	96.379967	άλλες
5	1	8	2	22	3	327	1632	152	30	96.395645	κοινότητες
5	1	8	2	22	4	492	1639	46	23	95.270042	της
5	1	8	2	22	5	552	1633	127	27	95.137390	Ελλάδας
5	1	8	2	22	6	695	1635	79	29	96.688721	έχουν
5	1	8	2	22	7	787	1641	35	17	90.192909	να
5	1	8	2	22	8	838	1642	51	17	92.629532	επι-
4	1	8	2	23	0	178	1666	399	34	-1	
5	1	8	2	23	1	178	1666	106	27	95.158005	δείξουν
5	1	8	2	23	2	297	1667	135	30	32.246811	παρόμοιο
5	1	8	2	23	3	447	1669	130	31	83.268082	ηρωϊσμό.
3	1	8	3	0	0	48	1701	845	245	-1	
4	1	8	3	1	0	205	1701	684	36	-1	
5	1	8	3	1	1	205	1701	36	23	96.589775	Το
5	1	8	3	1	2	255	1703	145	29	57.913010	φαινόμενο
5	1	8	3	1	3	410	1705	77	26	90.500496	αυτό,
5	1	8	3	1	4	500	1705	74	27	96.867447	γιατί
5	1	8	3	1	5	582	1705	61	30	93.300224	περί
5	1	8	3	1	6	655	1706	163	30	82.779419	φαινόµενου
5	1	8	3	1	7	828	1707	61	30	61.286774	πρό-
4	1	8	3	2	0	179	1739	710	33	-1	
5	1	8	3	2	1	179	1743	93	16	82.346176	κειται,
5	1	8	3	2	2	290	1739	138	28	94.364685	οφείλεται
5	1	8	3	2	3	444	1746	32	15	93.303192	σε
5	1	8	3	2	4	490	1740	149	29	92.770256	διόφορους
5	1	8	3	2	5	653	1741	111	27	96.187035	λόγους.
5	1	8	3	2	6	792	1743	97	29	96.283745	Πρώτα
4	1	8	3	3	0	48	1767	845	37	-1	
5	1	8	3	3	1	48	1779	3	2	13.792877	τς
5	1	8	3	3	2	179	1763	90	45	51.200691	περώτα
5	1	8	3	3	3	284	1763	132	45	63.160439	υπάρχουν
5	1	8	3	3	4	428	1767	465	37	41.842590	Γαορντστάναί-
5	1	8	3	3	5	655	1763	109	45	75.847122	εκδότες
5	1	8	3	3	6	771	1763	125	45	0.000000	με-δημο
4	1	8	3	4	0	177	1807	713	31	-1	
5	1	8	3	4	1	177	1807	164	29	88.399460	σιογραφική
5	1	8	3	4	2	356	1807	97	29	91.170273	φλέθα.
5	1	8	3	4	3	474	1807	111	22	87.532005	΄Επειτα
5	1	8	3	4	4	599	1814	31	16	96.501373	το
5	1	8	3	4	5	643	1809	85	29	48.675819	χωριό
5	1	8	3	4	6	737	1809	67	21	96.738129	αυτό
5	1	8	3	4	7	834	1809	56	29	96.738129	έχει
4	1	8	3	5	0	176	1841	713	33	-1	
5	1	8	3	5	1	176	1841	117	27	93.297218	πολλούς
5	1	8	3	5	2	303	1842	157	30	91.562531	απόδηµους
5	1	8	3	5	3	471	1849	46	16	96.640602	και
5	1	8	3	5	4	533	1843	163	30	43.017384	μετανάστες
5	1	8	3	5	5	706	1850	46	16	93.301590	και
5	1	8	3	5	6	764	1844	125	30	90.595802	ανάµεσα
4	1	8	3	6	0	176	1876	713	34	-1	
5	1	8	3	6	1	176	1876	26	22	80.262260	σ’
5	1	8	3	6	2	219	1877	100	27	96.787361	αυτούς
5	1	8	3	6	3	332	1877	118	28	93.264664	πολλούς
5	1	8	3	6	4	464	1879	195	30	85.309486	πετυχηµένους
5	1	8	3	6	5	669	1881	159	29	4.323425	οικονομικά
5	1	8	3	6	6	844	1886	45	17	86.436157	και
4	1	8	3	7	0	79	1910	810	36	-1	
5	1	8	3	7	1	79	1910	3	30	83.649849	|
5	1	8	3	7	2	178	1913	156	30	76.664230	µορφωτικά
5	1	8	3	7	3	345	1920	47	16	96.413177	και
5	1	8	3	7	4	401	1915	74	29	97.004684	τρίτο
5	1	8	3	7	5	486	1915	74	27	92.881416	γιατί
5	1	8	3	7	6	573	1921	26	16	92.499023	οι
5	1	8	3	7	7	607	1913	204	33	58.340477	Πιωργιτσιάνοι
5	1	8	3	7	8	821	1917	68	21	92.323845	πλού
3	1	8	4	0	0	176	1949	713	102	-1	
4	1	8	4	1	0	176	1949	713	32	-1	
5	1	8	4	1	1	176	1954	55	16	93.153137	σιοι
5	1	8	4	1	2	243	1955	47	15	96.031708	και
5	1	8	4	1	3	303	1949	109	30	93.300270	φτωχοί,
5	1	8	4	1	4	428	1950	172	30	90.725960	επιστήµονες
5	1	8	4	1	5	609	1951	15	30	91.679108	ή
5	1	8	4	1	6	640	1951	159	30	93.304337	υπάλληλοι,
5	1	8	4	1	7	813	1952	76	29	77.021721	έµπο-
4	1	8	4	2	0	176	1985	712	32	-1	
5	1	8	4	2	1	176	1990	44	24	92.310097	ροι
5	1	8	4	2	2	231	1985	15	29	58.223412	ή
5	1	8	4	2	3	260	1985	126	29	93.303001	τεχνίτες,
5	1	8	4	2	4	399	1986	135	30	89.882713	απόδηµοι
5	1	8	4	2	5	548	1987	19	29	4.199837	ή
5	1	8	4	2	6	575	1987	101	21	4.199837	ντόπιοι
5	1	8	4	2	7	689	1987	115	30	93.286057	τρέφουν
5	1	8	4	2	8	818	1988	70	21	91.981506	παθο
4	1	8	4	3	0	176	2019	554	32	-1	
5	1	8	4	3	1	176	2019	96	31	96.676979	λογική
5	1	8	4	3	2	289	2020	91	31	96.781693	αγάπη
5	1	8	4	3	3	397	2027	50	21	93.450554	για
5	1	8	4	3	4	460	2028	31	23	93.294640	τη
5	1	8	4	3	5	503	2021	142	30	21.296600	γενέτειρό;
5	1	8	4	3	6	660	2025	70	23	96.608521	τους.
3	1	8	5	0	0	175	2054	714	104	-1	
4	1	8	5	1	0	210	2054	671	34	-1	
5	1	8	5	1	1	210	2056	56	23	84.561508	Σαν
5	1	8	5	1	2	279	2054	94	31	96.594543	αγάπη
5	1	8	5	1	3	386	2061	47	24	91.312553	της
5	1	8	5	1	4	447	2057	159	30	91.312553	στενότερης
5	1	8	5	1	5	622	2057	139	30	96.365845	πατρίδας,
5	1	8	5	1	6	774	2063	48	25	93.172707	στη
5	1	8	5	1	7	838	2065	43	18	92.351730	νο-
4	1	8	5	2	0	176	2091	713	31	-1	
5	1	8	5	2	1	176	2091	120	27	86.655273	σταλγία
5	1	8	5	2	2	310	2097	53	16	91.775902	των
5	1	8	5	2	3	375	2091	146	31	47.317944	απόδηµων
5	1	8	5	2	4	536	2099	45	15	94.191650	και
5	1	8	5	2	5	591	2098	52	16	95.659401	των
5	1	8	5	2	6	660	2093	171	29	31.918671	μεταναστών
5	1	8	5	2	7	843	2100	46	16	96.814911	και
4	1	8	5	3	0	175	2127	712	31	-1	
5	1	8	5	3	1	175	2132	64	16	96.320038	στον
5	1	8	5	3	2	251	2127	133	22	94.241463	κοινοτικό
5	1	8	5	3	3	394	2127	65	25	96.561546	τύπο
5	1	8	5	3	4	470	2128	154	29	88.602081	οφείλονται
5	1	8	5	3	5	638	2134	34	16	96.421677	τα
5	1	8	5	3	6	683	2129	108	29	33.849289	μεγάλα
5	1	8	5	3	7	804	2134	83	17	91.227829	κοινο-
3	1	8	6	0	0	87	2161	795	33	-1	
4	1	8	6	1	0	87	2161	795	33	-1	
5	1	8	6	1	1	87	2166	3	14	71.902534	[
5	1	8	6	1	2	177	2161	63	22	92.702255	τικά
5	1	8	6	1	3	255	2161	190	30	41.181187	επιτεύγματα,
5	1	8	6	1	4	465	2163	105	29	87.101280	δρόµοι,
5	1	8	6	1	5	601	2163	126	31	80.792923	ὕδρευση,
5	1	8	6	1	6	752	2164	130	30	90.368111	άρδευση,
3	1	8	7	0	0	177	2197	709	32	-1	
4	1	8	7	1	0	177	2197	709	32	-1	
5	1	8	7	1	1	177	2197	121	29	96.587708	σχολεία,
5	1	8	7	1	2	317	2197	114	30	93.303093	γήπεδα,
5	1	8	7	1	3	446	2199	90	30	92.466721	ηρώα,
5	1	8	7	1	4	548	2199	159	30	73.897400	ξενοδοχεία
5	1	8	7	1	5	732	2205	47	17	94.833054	και
5	1	8	7	1	6	804	2200	82	22	95.654503	λοιπά
3	1	8	8	0	0	177	2231	651	71	-1	
4	1	8	8	1	0	177	2231	643	39	-1	
5	1	8	8	1	1	177	2233	137	31	89.987991	κοινοτικά
5	1	8	8	1	2	331	2233	80	30	82.125008	έργα,
5	1	8	8	1	3	428	2240	51	16	96.488220	που
5	1	8	8	1	4	496	2235	93	27	95.832085	έγιναν
5	1	8	8	1	5	600	2239	49	17	96.698257	στο
5	1	8	8	1	6	662	2231	158	39	48.966858	Γεωργίτοι,,
4	1	8	8	2	0	526	2270	302	32	-1	
5	1	8	8	2	1	526	2270	88	32	61.244370	Ἐπαμ.
5	1	8	8	2	2	626	2271	29	21	90.778130	Δ.
5	1	8	8	2	3	672	2271	156	31	90.778130	Καφεντζής
2	1	9	0	0	0	179	2330	708	87	-1	
3	1	9	1	0	0	179	2330	708	87	-1	
4	1	9	1	1	0	179	2330	708	87	-1	
5	1	9	1	1	1	179	2330	234	70	0.000000	Σήνδευμοῖ
5	1	9	1	1	2	444	2333	249	84	0.000000	ΓεβΥ)γΥ
5	1	9	1	1	3	720	2334	167	70	73.742348	Αττικής
2	1	10	0	0	0	4	2435	883	376	-1	
3	1	10	1	0	0	4	2435	883	376	-1	
4	1	10	1	1	0	198	2435	688	31	-1	
5	1	10	1	1	1	198	2435	22	23	93.066605	Ο
5	1	10	1	1	2	229	2436	124	28	96.267998	πρόεδρος
5	1	10	1	1	3	367	2443	47	16	84.074173	του
5	1	10	1	1	4	427	2437	148	29	53.325989	Συνδέσμου
5	1	10	1	1	5	588	2438	213	28	79.586586	Γεωργιτσιάνων
5	1	10	1	1	6	815	2439	71	25	26.810707	«Απιι-
4	1	10	1	2	0	85	2471	801	33	-1	
5	1	10	1	2	1	85	2478	2	26	61.959839	|
5	1	10	1	2	2	175	2471	51	28	15.389946	ροής
5	1	10	1	2	3	234	2481	28	13	39.444023	σι.
5	1	10	1	2	4	276	2472	120	28	67.695694	Χρήστος
5	1	10	1	2	5	405	2473	36	24	23.486542	Τ'..
5	1	10	1	2	6	453	2474	221	28	0.000000	Κωσπομαμέλλης
5	1	10	1	2	7	686	2482	50	20	90.775566	µας
5	1	10	1	2	8	760	2475	126	29	5.167038	σληροφα-
4	1	10	1	3	0	85	2505	801	34	-1	
5	1	10	1	3	1	85	2505	3	26	39.353184	ἱ
5	1	10	1	3	2	175	2507	40	27	0.000000	αεξ
5	1	10	1	3	3	229	2507	122	29	0.000000	ποἈ)2εώς
5	1	10	1	3	4	359	2509	40	24	80.043205	ότι
5	1	10	1	3	5	415	2515	55	22	48.502380	οτις
5	1	10	1	3	6	484	2509	14	22	89.775711	ὃ
5	1	10	1	3	7	510	2509	127	23	35.244919	1-13-87.
5	1	10	1	3	8	652	2510	32	22	95.551247	θα
5	1	10	1	3	9	698	2511	63	27	34.957649	γίνει
5	1	10	1	3	10	798	2511	88	28	20.755150	γενωεή
4	1	10	1	4	0	178	2543	704	34	-1	
5	1	10	1	4	1	178	2543	139	28	18.949821	συνέλευση;
5	1	10	1	4	2	329	2549	63	23	22.509552	σπ]νὶ
5	1	10	1	4	3	411	2545	110	23	30.433762	Ιαὐθοιυσία.
5	1	10	1	4	4	530	2545	214	35	2.296158	᾿Δαμιεδαιμονόωνι
5	1	10	1	4	5	753	2547	129	30	14.667511	«Αππιυοήςι,,
4	1	10	1	5	0	177	2579	709	31	-1	
5	1	10	1	5	1	177	2579	54	27	95.938225	ώρα
5	1	10	1	5	2	249	2579	103	27	71.859215	10.980,
5	1	10	1	5	3	367	2579	134	29	43.214527	Πειραιώς
5	1	10	1	5	4	513	2581	52	21	83.102974	48.
5	1	10	1	5	5	574	2578	57	25	32.639015	Κίαι
5	1	10	1	5	6	644	2589	16	17	83.638481	ο
5	1	10	1	5	7	670	2582	90	28	93.896866	χορός
5	1	10	1	5	8	761	2588	42	18	35.060776	το
5	1	10	1	5	9	814	2580	72	24	23.246223	ΧΙ.4-
4	1	10	1	6	0	87	2614	790	47	-1	
5	1	10	1	6	1	87	2626	7	35	16.174408	ἱ
5	1	10	1	6	2	177	2614	71	22	82.857025	ΤΟΝ
5	1	10	1	6	3	269	2621	59	20	80.965614	στις
5	1	10	1	6	4	340	2615	21	21	89.151939	7.
5	1	10	1	6	5	375	2615	174	27	49.155807	Φεθρουαρίου
5	1	10	1	6	6	562	2617	55	25	64.637177	ώρα
5	1	10	1	6	7	633	2617	30	20	9.809250	9.3
5	1	10	1	6	8	666	2617	60	22	9.809250	Ο..
5	1	10	1	6	9	733	2617	42	21	89.015892	Θα
5	1	10	1	6	10	787	2618	90	25	34.601837	2ευλολος
4	1	10	1	7	0	4	2648	684	39	-1	
5	1	10	1	7	1	4	2655	85	32	64.131332	--
5	1	10	1	7	2	177	2648	111	26	86.673180	φορήσει
5	1	10	1	7	3	304	2649	137	25	0.000000	εγρύ»λιος
5	1	10	1	7	4	456	2657	31	19	76.517578	µε
5	1	10	1	7	5	501	2650	187	26	76.643280	Λεπτομέρειες.
4	1	10	1	8	0	81	2668	806	47	-1	
5	1	10	1	8	1	81	2691	5	24	79.626793	/
5	1	10	1	8	2	196	2682	102	27	35.541519	Ἐπίου]ς
5	1	10	1	8	3	309	2689	29	14	93.079910	το
5	1	10	1	8	4	348	2682	78	27	67.407959	θράδυ
5	1	10	1	8	5	437	2691	49	19	93.047600	της
5	1	10	1	8	6	504	2683	51	27	30.513252	Ίης
5	1	10	1	8	7	564	2683	175	28	84.791260	Φεθρουαρίου
5	1	10	1	8	8	755	2685	12	20	96.803596	1
5	1	10	1	8	9	774	2668	75	38	0.000000	988.
5	1	10	1	8	10	852	2691	35	15	70.371666	σα
4	1	10	1	9	0	79	2716	807	29	-1	
5	1	10	1	9	1	79	2716	2	3	0.000000	᾿
5	1	10	1	9	2	175	2717	97	27	22.682709	θαμονή
5	1	10	1	9	3	282	2724	49	20	90.776573	της
5	1	10	1	9	4	346	2717	155	28	0.000000	Ὑπαπιαναής
5	1	10	1	9	5	509	2718	36	24	81.712112	θα
5	1	10	1	9	6	552	2718	115	23	32.031090	πελεσίθεί
5	1	10	1	9	7	679	2725	60	16	7.497681	ιστον
5	1	10	1	9	8	750	2719	25	21	47.186279	Ι.
5	1	10	1	9	9	787	2719	56	23	13.746872	Νιαό
4	1	10	1	10	0	57	2739	830	43	-1	
5	1	10	1	10	1	57	2739	7	39	64.959846	{
5	1	10	1	10	2	177	2753	61	27	90.973267	γέων
5	1	10	1	10	3	250	2752	113	23	48.010677	Πάντων
5	1	10	1	10	4	372	2752	145	28	62.967789	Καλλιθέας
5	1	10	1	10	5	529	2761	13	13	91.177559	ο
5	1	10	1	10	6	556	2753	190	28	73.598282	καθιερωμένος.
5	1	10	1	10	7	756	2754	131	28	55.236641	εοτιερινός
4	1	10	1	11	0	235	2787	595	24	-1	
5	1	10	1	11	1	235	2787	158	23	81.785400	ΕΥΧΕΤΑΙ
5	1	10	1	11	2	407	2787	260	24	62.678898	ΕΥΤΥΧΙΣΗΕΝΟ
5	1	10	1	11	3	684	2789	43	22	96.263130	ΤΟ
5	1	10	1	11	4	748	2789	82	22	69.197784	19588
2	1	11	0	0	0	212	2842	663	60	-1	
3	1	11	1	0	0	212	2842	663	60	-1	
4	1	11	1	1	0	212	2842	663	60	-1	
5	1	11	1	1	1	212	2842	227	43	96.414886	Εκδήλωση
5	1	11	1	1	2	458	2843	165	50	77.943748	µνήµης
5	1	11	1	1	3	641	2856	67	28	96.050598	και
5	1	11	1	1	4	736	2844	139	58	16.384270	τιμής
2	1	12	0	0	0	58	2912	851	462	-1	
3	1	12	1	0	0	58	2912	825	320	-1	
4	1	12	1	1	0	194	2912	689	30	-1	
5	1	12	1	1	1	194	2913	65	27	48.156700	Ζπις
5	1	12	1	1	2	270	2912	42	22	65.188454	38
5	1	12	1	1	3	330	2913	161	27	32.893265	Οµπωθρίου,
5	1	12	1	1	4	510	2913	101	28	88.088661	αµέσως
5	1	12	1	1	5	622	2914	63	27	68.704681	µετά
5	1	12	1	1	6	701	2922	47	19	80.894394	την
5	1	12	1	1	7	778	2914	105	28	24.050690	σιαρέλα-
4	1	12	1	2	0	173	2948	710	29	-1	
5	1	12	1	2	1	173	2955	41	21	86.254318	ση,
5	1	12	1	2	2	231	2954	29	18	40.296341	ος
5	1	12	1	2	3	267	2948	81	28	81.999390	σεμνή
5	1	12	1	2	4	357	2949	90	27	87.775650	τελεπή
5	1	12	1	2	5	464	2954	62	22	1.248535	στην
5	1	12	1	2	6	537	2949	107	23	74.026100	αἰθουσία
5	1	12	1	2	7	657	2949	109	25	69.879532	τελεεών
5	1	12	1	2	8	777	2958	46	13	93.285103	που
5	1	12	1	2	9	836	2950	47	27	49.361328	Δ-
4	1	12	1	3	0	169	2983	714	30	-1	
5	1	12	1	3	1	169	2983	123	29	26.993805	µαρχιείου
5	1	12	1	3	2	305	2983	129	29	84.388100	Σπάρτης,
5	1	12	1	3	3	449	2984	192	28	12.578270	παρισππαμένων
5	1	12	1	3	4	654	2984	66	22	95.291794	όλων
5	1	12	1	3	5	731	2993	53	15	92.085381	των
5	1	12	1	3	6	800	2985	83	28	43.514282	επουσή-
4	1	12	1	4	0	172	3019	737	31	-1	
5	1	12	1	4	1	172	3028	54	20	0.000000	ων
5	1	12	1	4	2	239	3027	43	14	92.016533	και
5	1	12	1	4	3	293	3020	98	28	21.013145	πλήθος.
5	1	12	1	4	4	407	3019	103	29	26.675957	λάσμου,
5	1	12	1	4	5	530	3019	88	30	59.544449	έγιναν
5	1	12	1	4	6	630	3027	31	15	93.194862	τα
5	1	12	1	4	7	677	3021	232	29	6.978645	αποκαλυτητήριία
5	1	12	1	4	8	886	3015	10	39	76.606842	|
4	1	12	1	5	0	58	3055	821	30	-1	
5	1	12	1	5	1	58	3074	2	9	30.472572	'
5	1	12	1	5	2	173	3055	192	28	47.276352	ενποἰχισμένης
5	1	12	1	5	3	382	3055	172	29	64.700546	καλαίσθητης
5	1	12	1	5	4	564	3056	203	28	15.037857	ιαναμµνηοιτωθής
5	1	12	1	5	5	782	3057	97	28	33.975594	χάλνι-
4	1	12	1	6	0	59	3091	823	29	-1	
5	1	12	1	6	1	59	3108	1	7	0.000000	ι
5	1	12	1	6	2	171	3099	48	19	18.783333	νπῃς
5	1	12	1	6	3	227	3091	109	27	40.630066	σολάκας,
5	1	12	1	6	4	350	3098	31	21	64.389381	µε
5	1	12	1	6	5	394	3092	147	28	52.930382	χαραγμένα
5	1	12	1	6	6	552	3099	35	15	38.075184	ιτα
5	1	12	1	6	7	599	3092	110	28	51.123093	ονόματα
5	1	12	1	6	8	722	3092	13	21	83.509590	1
5	1	12	1	6	9	743	3087	26	37	34.242332	δ.
5	1	12	1	6	10	775	3092	107	28	10.993973	.Στύαρπυ-
4	1	12	1	7	0	174	3127	708	29	-1	
5	1	12	1	7	1	174	3127	68	22	92.622124	ατών
5	1	12	1	7	2	257	3134	50	15	73.869774	σου
5	1	12	1	7	3	331	3127	99	23	0.000000	ἐδωσίαν
5	1	12	1	7	4	440	3136	33	19	39.734932	τη
5	1	12	1	7	5	490	3128	55	28	89.856064	ζωή
5	1	12	1	7	6	580	3135	69	20	92.613571	τους,
5	1	12	1	7	7	674	3128	208	28	33.673294	πιροασιζόμενοι
4	1	12	1	8	0	172	3159	711	56	-1	
5	1	12	1	8	1	172	3170	46	23	93.248459	την
5	1	12	1	8	2	231	3163	59	30	50.053196	πιµή
5	1	12	1	8	3	309	3171	44	15	96.253555	και
5	1	12	1	8	4	367	3163	167	31	57.929947	ανεξαρτησία
5	1	12	1	8	5	557	3171	48	24	96.071472	της
5	1	12	1	8	6	618	3159	125	56	9.447670	παερῄδας
5	1	12	1	8	7	751	3171	66	25	86.235191	μας
5	1	12	1	8	8	818	3164	65	24	50.352345	κατά
4	1	12	1	9	0	170	3202	479	30	-1	
5	1	12	1	9	1	170	3208	44	16	92.246475	τον
5	1	12	1	9	2	235	3202	198	28	44.375347	Ἑλληνοϊταλιπό
5	1	12	1	9	3	448	3203	93	29	0.000000	σιόλεµο
5	1	12	1	9	4	557	3203	92	23	92.018631	1940.
3	1	12	2	0	0	170	3238	711	136	-1	
4	1	12	2	1	0	205	3238	674	32	-1	
5	1	12	2	1	1	205	3238	76	23	76.838478	Ἐνναι
5	1	12	2	1	2	296	3239	45	27	30.847824	μιά
5	1	12	2	1	3	358	3238	133	32	1.126259	αξιέσπιαινηι
5	1	12	2	1	4	514	3239	116	29	80.854797	ενέργεια
5	1	12	2	1	5	664	3248	47	14	87.648796	του
5	1	12	2	1	6	747	3240	132	28	75.347511	«Συλλόγου
4	1	12	2	2	0	173	3274	707	30	-1	
5	1	12	2	2	1	173	3274	181	28	56.133873	«Πνευματιή,
5	1	12	2	2	2	369	3274	81	25	61.942554	Εοτία
5	1	12	2	2	3	466	3275	134	28	90.307953	Σπάρτης»
5	1	12	2	2	4	616	3283	44	19	61.818489	και
5	1	12	2	2	5	669	3276	118	22	93.296638	αποτελεί
5	1	12	2	2	6	801	3276	79	28	85.501366	ελώχι-
4	1	12	2	3	0	172	3310	709	30	-1	
5	1	12	2	3	1	172	3318	45	19	87.412193	στη
5	1	12	2	3	2	230	3310	112	28	32.062233	συµθολή
5	1	12	2	3	3	359	3317	43	15	83.844368	και
5	1	12	2	3	4	412	3311	79	28	93.295135	χρέος
5	1	12	2	3	5	501	3311	76	28	87.365173	τιµής
5	1	12	2	3	6	587	3317	46	22	25.353310	ἄτη
5	1	12	2	3	7	644	3311	83	28	36.490685	μνήμη
5	1	12	2	3	8	742	3320	69	20	96.184937	τους,
5	1	12	2	3	9	828	3319	15	20	71.110580	η
5	1	12	2	3	10	854	3320	27	13	33.504745	ια-
4	1	12	2	4	0	170	3345	507	29	-1	
5	1	12	2	4	1	170	3345	120	28	90.203812	ναγραφή
5	1	12	2	4	2	313	3352	53	16	23.428398	πων
5	1	12	2	4	3	386	3346	40	22	72.479187	1δ
5	1	12	2	4	4	441	3346	129	28	66.770866	ονομάτων
5	1	12	2	4	5	582	3355	69	19	38.412125	τους.
2	1	13	0	0	0	463	749	166	9	-1	
3	1	13	1	0	0	463	749	166	9	-1	
4	1	13	1	1	0	463	749	166	9	-1	
5	1	13	1	1	1	463	749	166	9	95.000000	 
2	1	14	0	0	0	69	1378	18	692	-1	
3	1	14	1	0	0	69	1378	18	692	-1	
4	1	14	1	1	0	69	1378	18	692	-1	
5	1	14	1	1	1	69	1378	18	692	95.000000	 
2	1	15	0	0	0	82	2226	8	400	-1	
3	1	15	1	0	0	82	2226	8	400	-1	
4	1	15	1	1	0	82	2226	8	400	-1	
5	1	15	1	1	1	82	2226	8	400	95.000000	 
2	1	16	0	0	0	57	2790	5	610	-1	
3	1	16	1	0	0	57	2790	5	610	-1	
4	1	16	1	1	0	57	2790	5	610	-1	
5	1	16	1	1	1	57	2790	5	610	95.000000	 
2	1	17	0	0	0	283	3500	520	10	-1	
3	1	17	1	0	0	283	3500	520	10	-1	
4	1	17	1	1	0	283	3500	520	10	-1	
5	1	17	1	1	1	283	3500	520	10	95.000000	  
2	1	18	0	0	0	546	619	849	16	-1	
3	1	18	1	0	0	546	619	849	16	-1	
4	1	18	1	1	0	546	619	849	16	-1	
5	1	18	1	1	1	546	619	849	16	95.000000	 
2	1	19	0	0	0	892	2389	9	979	-1	
3	1	19	1	0	0	892	2389	9	979	-1	
4	1	19	1	1	0	892	2389	9	979	-1	
5	1	19	1	1	1	892	2389	9	979	95.000000	 
2	1	20	0	0	0	1267	3	1306	12	-1	
3	1	20	1	0	0	1267	3	1306	12	-1	
4	1	20	1	1	0	1267	3	1306	12	-1	
5	1	20	1	1	1	1267	3	1306	12	95.000000	 
2	1	21	0	0	0	1545	183	178	76	-1	
3	1	21	1	0	0	1545	183	178	76	-1	
4	1	21	1	1	0	1545	183	178	76	-1	
5	1	21	1	1	1	1545	234	36	5	10.958015	--
5	1	21	1	1	2	1609	231	37	8	7.308159	αν
5	1	21	1	1	3	1689	183	34	76	76.428146	4
2	1	22	0	0	0	957	139	573	158	-1	
3	1	22	1	0	0	966	139	564	158	-1	
4	1	22	1	1	0	972	139	558	143	-1	
5	1	22	1	1	1	972	186	113	28	55.047211	--..
5	1	22	1	1	2	1092	139	365	143	20.126564	στ
5	1	22	1	1	3	1474	197	56	78	0.000000	».
4	1	22	1	2	0	957	244	413	53	-1	
5	1	22	1	2	1	957	252	28	39	20.870285	ἁ
5	1	22	1	2	2	1040	255	39	39	1.597336	ο
5	1	22	1	2	3	1147	255	46	42	24.070808	δω
5	1	22	1	2	4	1223	244	147	50	11.470901	ΑΛΑ
2	1	23	0	0	0	924	189	382	268	-1	
3	1	23	1	0	0	924	189	394	268	-1	
4	1	23	1	1	0	924	189	382	268	-1	
5	1	23	1	1	1	924	189	382	268	13.753342	Ωβί
2	1	24	0	0	0	951	677	674	65	-1	
3	1	24	1	0	0	951	677	674	65	-1	
4	1	24	1	1	0	951	677	674	65	-1	
5	1	24	1	1	1	951	678	148	49	96.695328	Ευχές
5	1	24	1	1	2	1126	693	86	29	92.249138	του
5	1	24	1	1	3	1242	677	383	65	83.741104	Μπτροπολίτου
2	1	25	0	0	0	1214	741	142	8	-1	
3	1	25	1	0	0	1214	741	142	8	-1	
4	1	25	1	1	0	1214	741	142	8	-1	
5	1	25	1	1	1	1214	741	142	8	95.000000	 
2	1	26	0	0	0	925	766	728	435	-1	
3	1	26	1	0	0	925	766	728	421	-1	
4	1	26	1	1	0	958	766	323	33	-1	
5	1	26	1	1	1	958	766	41	22	92.956291	Μέ
5	1	26	1	1	2	1012	767	48	32	93.297264	τήν
5	1	26	1	1	3	1075	768	130	30	91.360016	εὐκαιρία
5	1	26	1	1	4	1234	769	47	30	96.316513	τῆς
4	1	26	1	2	0	932	802	347	32	-1	
5	1	26	1	2	1	932	802	121	30	7.746933	μεγάλης
5	1	26	1	2	2	1077	802	114	32	77.126282	γιορτῆς
5	1	26	1	2	3	1204	798	11	40	68.283409	΄
5	1	26	1	2	4	1226	805	53	22	96.198387	τῶν
4	1	26	1	3	0	928	837	354	33	-1	
5	1	26	1	3	1	928	837	214	29	95.708008	Χριστουγέννων
5	1	26	1	3	2	1158	840	46	22	95.446312	καί
5	1	26	1	3	3	1234	841	48	29	95.446312	τῆς
4	1	26	1	4	0	929	873	357	29	-1	
5	1	26	1	4	1	929	873	213	29	87.521599	Πρωτοχρονιᾶς-
5	1	26	1	4	2	1167	875	119	26	57.711334	ἀπευθύ-
4	1	26	1	5	0	927	908	354	31	-1	
5	1	26	1	5	1	927	913	37	16	80.595703	νω
5	1	26	1	5	2	975	908	66	28	96.400551	πρός
5	1	26	1	5	3	1054	909	63	25	92.966568	τούς
5	1	26	1	5	4	1144	909	137	30	37.737274	ἁδελφούς
4	1	26	1	6	0	926	942	355	33	-1	
5	1	26	1	6	1	926	942	46	21	93.254761	καί
5	1	26	1	6	2	987	943	228	31	92.598770	συλλειτουργούς
5	1	26	1	6	3	1229	952	52	23	92.594193	µου
4	1	26	1	7	0	926	976	355	33	-1	
5	1	26	1	7	1	926	976	152	31	4.474060	κληρικούς,
5	1	26	1	7	2	1095	980	67	29	84.061371	πρὀς
5	1	26	1	7	3	1172	981	65	25	93.224258	τούς
5	1	26	1	7	4	1252	981	29	22	91.173073	εὖ
4	1	26	1	8	0	926	1013	727	47	-1	
5	1	26	1	8	1	926	1013	93	27	92.748291	σεθεῖς
5	1	26	1	8	2	1028	1015	173	29	70.777527	χριστιανούς
5	1	26	1	8	3	1224	1016	49	30	93.293686	τῆς
5	1	26	1	8	4	1296	1018	47	30	87.720078	|τήν
5	1	26	1	8	5	1359	1018	49	42	92.730667	ὅλη
5	1	26	1	8	6	1423	1021	160	35	51.837860	πνευματική
5	1	26	1	8	7	1601	1027	52	27	95.607742	µας
4	1	26	1	9	0	926	1049	501	34	-1	
5	1	26	1	9	1	926	1049	195	29	90.926964	Μητροπόλεώς
5	1	26	1	9	2	1149	1057	53	24	92.888855	µας
5	1	26	1	9	3	1233	1052	174	31	2.182312	καί]πορεία..
4	1	26	1	10	0	925	1084	393	33	-1	
5	1	26	1	10	1	925	1084	68	30	40.887184	πρός
5	1	26	1	10	2	1017	1085	64	27	91.757759	τούς
5	1	26	1	10	3	1113	1086	160	31	82.002335	ἀγαπητούς|
5	1	26	1	10	4	1316	1107	2	7	82.002335	,
4	1	26	1	11	0	928	1115	399	37	-1	
5	1	26	1	11	1	928	1126	53	23	93.301872	µας
5	1	26	1	11	2	992	1120	165	31	49.048466	ἀποδήµους,
5	1	26	1	11	3	1173	1122	100	30	77.108009	ἐγκάρ-
5	1	26	1	11	4	1284	1111	12	45	51.430290	|
4	1	26	1	12	0	925	1155	349	46	-1	
5	1	26	1	12	1	925	1155	45	22	87.928108	διο
5	1	26	1	12	2	985	1157	160	30	72.620171	χαιρετισμό
5	1	26	1	12	3	1159	1158	49	22	96.693893	καί
5	1	26	1	12	4	1218	1159	56	42	88.641006	διά-
2	1	27	0	0	0	1295	769	361	245	-1	
3	1	27	1	0	0	1297	769	359	245	-1	
4	1	27	1	1	0	1298	769	358	33	-1	
5	1	27	1	1	1	1298	777	82	24	92.844276	πυρες
5	1	27	1	1	2	1396	769	77	33	91.092880	εὐχές
5	1	27	1	1	3	1486	773	49	27	95.499870	γιά
5	1	27	1	1	4	1548	773	49	22	86.988533	ἕνα
5	1	27	1	1	5	1611	774	45	22	96.609337	νέο
4	1	27	1	2	0	1299	802	350	51	-1	
5	1	27	1	2	1	1299	802	63	35	90.948959	Έτος
5	1	27	1	2	2	1382	803	104	50	80.125977	γεμᾶτο
5	1	27	1	2	3	1497	808	54	22	92.330353	ἀπό
5	1	27	1	2	4	1579	809	70	27	86.095009	θεῖες
4	1	27	1	3	0	1299	838	355	45	-1	
5	1	27	1	3	1	1299	838	134	43	91.595413	εὐλογίες,
5	1	27	1	3	2	1460	843	130	40	9.228607	εἰρηνικό.
5	1	27	1	3	3	1604	845	50	27	94.758095	γιά
4	1	27	1	4	0	1295	871	356	51	-1	
5	1	27	1	4	1	1295	875	52	31	10.929420	τήν
5	1	27	1	4	2	1369	871	130	51	42.691658	Πατρίδα:
5	1	27	1	4	3	1525	879	65	34	85.645386	µας
5	1	27	1	4	4	1605	880	46	20	91.359291	καί
4	1	27	1	5	0	1296	912	359	31	-1	
5	1	27	1	5	1	1296	912	53	26	82.722672	γιά
5	1	27	1	5	2	1357	913	46	21	96.233932	τόν
5	1	27	1	5	3	1414	913	87	30	78.896011	κόσµο
5	1	27	1	5	4	1512	913	59	27	90.802544	ὅλο,
5	1	27	1	5	5	1580	910	75	26	46.918713	᾽πλού
4	1	27	1	6	0	1297	948	358	30	-1	
5	1	27	1	6	1	1297	953	44	15	93.233742	σιο
5	1	27	1	6	2	1352	948	31	22	73.254364	σέ
5	1	27	1	6	3	1397	949	72	29	93.303474	ἔργα
5	1	27	1	6	4	1482	949	99	29	91.041771	ἀρετῆς
5	1	27	1	6	5	1607	950	48	22	95.596848	καί
4	1	27	1	7	0	1298	983	353	31	-1	
5	1	27	1	7	1	1298	983	119	29	96.782646	προόδου
5	1	27	1	7	2	1433	984	46	22	96.044456	καί
5	1	27	1	7	3	1490	984	98	30	49.813683	γόνιμο
5	1	27	1	7	4	1600	985	51	28	95.483566	γιά
2	1	28	0	0	0	1346	1095	300	43	-1	
3	1	28	1	0	0	1346	1095	300	43	-1	
4	1	28	1	1	0	1346	1095	300	43	-1	
5	1	28	1	1	1	1346	1107	30	22	83.002007	Ὁ
5	1	28	1	1	2	1391	1108	193	30	54.544479	Μονεµθασίας
5	1	28	1	1	3	1598	1095	48	39	96.320900	καί
2	1	29	0	0	0	1290	804	5	378	-1	
3	1	29	1	0	0	1290	804	5	378	-1	
4	1	29	1	1	0	1290	804	5	378	-1	
5	1	29	1	1	1	1290	804	5	378	95.000000	 
2	1	30	0	0	0	1300	1155	341	52	-1	
3	1	30	1	0	0	1300	1155	341	52	-1	
4	1	30	1	1	0	1300	1155	341	52	-1	
5	1	30	1	1	1	1300	1155	129	52	88.981247	Σπάρτης
5	1	30	1	1	2	1453	1161	188	46	93.708275	ΕΥΣΤΑΘΙΟΣ
2	1	31	0	0	0	1002	1213	624	14	-1	
3	1	31	1	0	0	1002	1213	624	14	-1	
4	1	31	1	1	0	1002	1213	624	14	-1	
5	1	31	1	1	1	1002	1213	624	14	95.000000	 
2	1	32	0	0	0	946	1226	692	123	-1	
3	1	32	1	0	0	946	1226	692	123	-1	
4	1	32	1	1	0	946	1226	692	123	-1	
5	1	32	1	1	1	946	1230	161	73	0.000000	ΛΠήΥΤΠΡΗ
5	1	32	1	1	2	1129	1227	38	81	65.656403	πε
5	1	32	1	1	3	1185	1229	124	76	0.000000	ΡΙΠῃ
5	1	32	1	1	4	1203	1231	85	92	0.000000	χύλΙΟ
5	1	32	1	1	5	1317	1235	54	58	78.052956	του
5	1	32	1	1	6	1380	1226	165	122	32.547501	Νομάρχη
5	1	32	1	1	7	1559	1265	79	84	8.103027	μι
2	1	33	0	0	0	982	1332	157	24	-1	
3	1	33	1	0	0	982	1332	157	24	-1	
4	1	33	1	1	0	982	1332	157	24	-1	
5	1	33	1	1	1	982	1332	69	22	92.200378	Κύριε
5	1	33	1	1	2	1063	1333	25	23	89.696495	Δ)
5	1	33	1	1	3	1100	1328	39	32	13.757904	ύὐτή,
2	1	34	0	0	0	905	1343	752	968	-1	
3	1	34	1	0	0	923	1343	714	240	-1	
4	1	34	1	1	0	954	1343	683	75	-1	
5	1	34	1	1	1	950	1373	28	27	53.891087	Σ’
5	1	34	1	1	2	994	1377	116	27	72.563019	οπάντηση
5	1	34	1	1	3	1124	1382	91	23	93.206360	σχολίου
5	1	34	1	1	4	1227	1388	39	18	90.082626	σος
5	1	34	1	1	5	1279	1389	30	17	95.432281	µε
5	1	34	1	1	6	1318	1385	62	18	93.170334	τίτλο
5	1	34	1	1	7	1393	1382	110	26	69.095100	«ΔΩΡΩΝ.
5	1	34	1	1	8	1518	1343	119	75	23.740471	μα.
4	1	34	1	2	0	924	1413	711	35	-1	
5	1	34	1	2	1	924	1415	53	20	93.215057	ΚΑΙ
5	1	34	1	2	2	990	1416	229	24	86.946648	ΑΠΟΓΟΗΤΕΥΣΗ»
5	1	34	1	2	3	1236	1424	41	14	93.299461	που
5	1	34	1	2	4	1290	1417	158	28	0.000000	δημοσιεώσαίίς
5	1	34	1	2	5	1459	1425	39	18	75.754951	στο
5	1	34	1	2	6	1511	1424	72	23	70.932320	φύλλα
5	1	34	1	2	7	1596	1413	39	35	72.804382	τις
4	1	34	1	3	0	924	1452	711	31	-1	
5	1	34	1	3	1	924	1452	138	26	59.488522	Εφημερίδας
5	1	34	1	3	2	1077	1458	38	20	96.572426	σας
5	1	34	1	3	3	1129	1455	69	23	56.750431	αριθμ.
5	1	34	1	3	4	1213	1456	24	18	86.016319	60
5	1	34	1	3	5	1250	1461	46	19	67.158791	ατις
5	1	34	1	3	6	1309	1452	94	31	68.886909	14-10-57,
5	1	34	1	3	7	1412	1459	93	23	56.410004	σχετικά
5	1	34	1	3	8	1516	1465	29	17	94.837143	µε
5	1	34	1	3	9	1559	1464	30	17	93.255569	τη
5	1	34	1	3	10	1599	1455	36	28	90.673302	φύ-
4	1	34	1	4	0	925	1486	706	33	-1	
5	1	34	1	4	1	925	1492	67	18	0.000000	νευση,
5	1	34	1	4	2	1005	1489	154	25	60.347633	δενδρυλλίων.
5	1	34	1	4	3	1170	1492	125	24	57.808357	Κριστκνιάς
5	1	34	1	4	4	1312	1489	43	26	82.979546	στη
5	1	34	1	4	5	1364	1486	56	29	16.401329	Βέσιι
5	1	34	1	4	6	1432	1495	161	24	0.000000	«Μεσκρράίχη»
5	1	34	1	4	7	1598	1496	33	19	46.857510	Τε:
4	1	34	1	5	0	924	1525	710	38	-1	
5	1	34	1	5	1	924	1520	114	28	2.709595	ὠργιτσίευ
5	1	34	1	5	2	1050	1526	51	20	40.095066	οιπό
5	1	34	1	5	3	1109	1532	26	12	95.356308	το
5	1	34	1	5	4	1149	1527	125	23	92.107918	Δασαρχείο
5	1	34	1	5	5	1286	1525	119	38	16.130333	Σπόρπης.
5	1	34	1	5	6	1408	1535	39	18	48.969711	σος
5	1	34	1	5	7	1465	1531	169	23	19.868683	πλπροφορούμε
4	1	34	1	6	0	923	1560	99	23	-1	
5	1	34	1	6	1	923	1564	28	13	93.234100	τος
5	1	34	1	6	2	964	1560	58	23	73.689087	Εξής:
3	1	34	2	0	0	923	1584	712	184	-1	
4	1	34	2	1	0	948	1584	686	44	-1	
5	1	34	2	1	1	948	1595	19	18	84.323036	Ἡ
5	1	34	2	1	2	981	1598	123	21	56.439228	παραγωγή
5	1	34	2	1	3	1119	1584	154	41	21.350105	δενδρυλλίων;
5	1	34	2	1	4	1282	1590	124	38	0.000000	παστανιός
5	1	34	2	1	5	1421	1590	45	38	68.513313	στα
5	1	34	2	1	6	1473	1602	82	19	59.089554	δασικά
5	1	34	2	1	7	1566	1603	68	24	52.558655	φυτώ»
4	1	34	2	2	0	925	1624	707	40	-1	
5	1	34	2	2	1	925	1635	37	18	69.514984	ρια
5	1	34	2	2	2	974	1631	51	23	63.334709	έχει
5	1	34	2	2	3	1040	1634	131	25	23.528198	ανασταλείη
5	1	34	2	2	4	1183	1634	78	19	84.596786	ἔπειτα
5	1	34	2	2	5	1271	1636	45	19	74.474709	οἰπό
5	1	34	2	2	6	1331	1637	93	22	54.267593	σχετική.
5	1	34	2	2	7	1436	1624	85	40	87.832550	Εντολή
5	1	34	2	2	8	1538	1642	39	14	88.223000	τευ
5	1	34	2	2	9	1590	1638	42	21	83.774948	Ὑπ.
4	1	34	2	3	0	924	1667	710	29	-1	
5	1	34	2	3	1	924	1667	117	23	92.446198	Γεωργίας,
5	1	34	2	3	2	1055	1669	62	22	96.431419	λόγω
5	1	34	2	3	3	1131	1673	38	19	91.550934	της
5	1	34	2	3	4	1185	1671	120	23	52.554901	εµφάνιόης
5	1	34	2	3	5	1321	1676	38	18	93.144943	της
5	1	34	2	3	6	1371	1661	121	39	85.237015	οἰσβόνεικς
5	1	34	2	3	7	1508	1661	131	39	38.035446	ΕΡΟΝΤΙΙΑ.
4	1	34	2	4	0	923	1699	712	33	-1	
5	1	34	2	4	1	923	1702	185	30	46.825123	ΡΑΚΑΘΙΤΙΟΑ.
5	1	34	2	4	2	1123	1699	117	30	44.077034	(καρνίνος
5	1	34	2	4	3	1255	1701	142	29	11.103119	κκατανιός).
5	1	34	2	4	4	1410	1708	55	23	14.150009	Παρ
5	1	34	2	4	5	1476	1702	43	27	74.945091	όλο
5	1	34	2	4	6	1531	1695	56	44	83.047913	αυτά
5	1	34	2	4	7	1604	1713	31	15	3.485092	κ-
4	1	34	2	5	0	923	1738	712	30	-1	
5	1	34	2	5	1	923	1738	126	21	52.640991	τοθλήβηνε
5	1	34	2	5	2	1065	1740	108	23	71.527489	ιδικίτερη
5	1	34	2	5	3	1189	1738	134	25	83.304985	προσπάξεια
5	1	34	2	5	4	1334	1744	33	20	88.351974	µε
5	1	34	2	5	5	1379	1743	28	20	66.393333	τὰ
5	1	34	2	5	6	1419	1744	91	20	28.127502	θοήθεια
5	1	34	2	5	7	1520	1748	39	20	29.784081	της
5	1	34	2	5	8	1592	1745	43	18	63.532051	Πς-
3	1	34	3	0	0	905	1771	752	204	-1	
4	1	34	3	1	0	905	1771	752	29	-1	
5	1	34	3	1	1	905	1773	113	21	28.774406	“ραφρικής
5	1	34	3	1	2	1028	1771	155	25	3.382797	Ἐπιθεώρηισης
5	1	34	3	1	3	1201	1766	72	38	7.695229	Δασών"
5	1	34	3	1	4	1287	1774	64	24	0.000000	απελ)
5	1	34	3	1	5	1360	1766	61	38	65.789139	νήσου
5	1	34	3	1	6	1436	1766	61	38	0.000000	ἔστω'
5	1	34	3	1	7	1503	1778	50	18	46.890675	κατ"
5	1	34	3	1	8	1559	1774	90	26	0.000000	εθείρας-
4	1	34	3	2	0	923	1806	710	29	-1	
5	1	34	3	2	1	923	1806	82	20	68.383163	µατικά
5	1	34	3	2	2	1018	1809	30	15	79.707062	να
5	1	34	3	2	3	1063	1808	128	25	31.457489	παραχδεύν
5	1	34	3	2	4	1205	1813	40	13	34.373184	ναιὶ
5	1	34	3	2	5	1260	1813	29	13	93.464981	να
5	1	34	3	2	6	1300	1810	119	25	77.798805	φυτευξούν
5	1	34	3	2	7	1431	1811	81	22	60.117203	µερωιά
5	1	34	3	2	8	1529	1811	104	23	91.583275	δενδρύλ-
4	1	34	3	3	0	922	1840	711	30	-1	
5	1	34	3	3	1	922	1840	38	18	31.580086	λιας
5	1	34	3	3	2	974	1841	47	22	91.961975	(750
5	1	34	3	3	3	1035	1846	41	14	90.696754	τεν
5	1	34	3	3	4	1086	1843	88	23	0.000000	αριμό)
5	1	34	3	3	5	1187	1848	56	16	92.129280	στην
5	1	34	3	3	6	1257	1845	135	22	36.937225	προσπάθεικ
5	1	34	3	3	7	1402	1846	123	24	90.030510	ανάπτυξης
5	1	34	3	3	8	1539	1851	40	18	93.279709	της
5	1	34	3	3	9	1590	1847	43	19	70.477142	Κα-
4	1	34	3	4	0	922	1877	713	28	-1	
5	1	34	3	4	1	922	1877	226	25	42.102600	στανεναλλιέργεικς
5	1	34	3	4	2	1160	1877	42	20	61.992458	στα
5	1	34	3	4	3	1217	1880	90	19	50.632332	πλαίσια
5	1	34	3	4	4	1321	1885	38	19	93.266701	της
5	1	34	3	4	5	1375	1881	83	24	64.797638	ἁποίας,
5	1	34	3	4	6	1482	1887	30	18	95.081711	µε
5	1	34	3	4	7	1538	1881	97	24	0.000000	μέριμνα
4	1	34	3	5	0	922	1907	712	44	-1	
5	1	34	3	5	1	922	1917	38	18	92.564545	της
5	1	34	3	5	2	975	1909	89	27	87.415894	τοπικής
5	1	34	3	5	3	1077	1914	95	24	58.670097	Δασικής
5	1	34	3	5	4	1186	1915	83	23	8.910156	Ἀβχής,
5	1	34	3	5	5	1285	1907	172	44	15.090607	διεργρινώδηνος,
5	1	34	3	5	6	1462	1917	90	24	43.989807	σχεπικό
5	1	34	3	5	7	1575	1911	59	29	74.664726	σεµι-
4	1	34	3	6	0	922	1946	711	47	-1	
5	1	34	3	6	1	922	1948	65	34	33.925308	νάριο
5	1	34	3	6	2	1000	1953	38	18	57.330696	γιού
5	1	34	3	6	3	1049	1953	49	19	85.838371	τους
5	1	34	3	6	4	1110	1950	114	31	0.922073	πκτείκους
5	1	34	3	6	5	1239	1956	38	14	95.973335	του
5	1	34	3	6	6	1286	1946	146	47	8.990845	Γεωβγιτσίου
5	1	34	3	6	7	1438	1948	46	34	41.370201	κοιν
5	1	34	3	6	8	1490	1948	143	45	48.844711	Καρπορείου.
3	1	34	4	0	0	921	1986	715	250	-1	
4	1	34	4	1	0	951	1986	685	42	-1	
5	1	34	4	1	1	951	1986	20	27	55.356575	Ἡ
5	1	34	4	1	2	989	1996	96	22	70.757065	φύτευση!
5	1	34	4	1	3	1097	1997	64	23	92.542175	τέλος
5	1	34	4	1	4	1173	2003	41	14	0.000000	πιξιὰ
5	1	34	4	1	5	1222	1998	68	30	19.500160	ένινε
5	1	34	4	1	6	1306	1996	115	31	27.571671	πράγμµούτν
5	1	34	4	1	7	1432	1987	110	40	81.946342	σημείωσε
5	1	34	4	1	8	1554	1997	82	31	0.000000	οοπυ-
4	1	34	4	2	0	921	2031	712	27	-1	
5	1	34	4	2	1	921	2031	39	22	5.865112	χίοαί
5	1	34	4	2	2	971	2031	37	23	96.416039	όχι
5	1	34	4	2	3	1024	2032	57	23	86.553436	όµως
5	1	34	4	2	4	1092	2033	60	21	31.319839	γιοί
5	1	34	4	2	5	1162	2034	42	17	93.089760	δεν
5	1	34	4	2	6	1220	2034	134	22	39.817616	πατίατηριχν
5	1	34	4	2	7	1368	2040	29	16	42.490440	τοι
5	1	34	4	2	8	1410	2036	134	22	56.573914	δενδρύλλι«
5	1	34	4	2	9	1572	2037	61	19	63.683388	αλλά
4	1	34	4	3	0	922	2067	712	29	-1	
5	1	34	4	3	1	922	2067	59	21	39.462524	γνοτί
5	1	34	4	3	2	993	2067	42	20	80.995270	δεν
5	1	34	4	3	3	1049	2067	68	23	28.886757	είχαν
5	1	34	4	3	4	1131	2072	43	17	85.176071	την
5	1	34	4	3	5	1187	2069	186	23	64.580254	κατκλληλόπητο
5	1	34	4	3	6	1388	2074	40	16	53.423546	που
5	1	34	4	3	7	1444	2071	83	25	66.277344	έπρεπε
5	1	34	4	3	8	1538	2073	44	19	93.288902	ενώ
5	1	34	4	3	9	1593	2079	41	16	33.244446	πια-
4	1	34	4	4	0	922	2102	711	31	-1	
5	1	34	4	4	1	922	2102	101	22	5.950470	ρώλληλοι
5	1	34	4	4	2	1040	2103	138	26	24.016388	φυτεύδηναιν
5	1	34	4	4	3	1190	2105	56	18	88.381386	πελύ
5	1	34	4	4	4	1257	2105	112	23	4.099350	αργότερα
5	1	34	4	4	5	1380	2109	38	22	84.034058	της
5	1	34	4	4	6	1434	2110	199	23	46.376915	προγβαµµοήτισβεί
4	1	34	4	5	0	922	2138	711	32	-1	
5	1	34	4	5	1	922	2142	39	18	96.011917	σης
5	1	34	4	5	2	977	2138	82	23	54.669327	Εποχής
5	1	34	4	5	3	1072	2139	61	23	96.137856	λόγω
5	1	34	4	5	4	1148	2144	45	14	96.024582	των
5	1	34	4	5	5	1209	2141	106	21	93.306152	γνωστών
5	1	34	4	5	6	1326	2142	104	23	70.408798	πογετών
5	1	34	4	5	7	1441	2146	38	17	96.608025	του
5	1	34	4	5	8	1492	2146	141	24	60.608311	περασμένου
4	1	34	4	6	0	922	2173	711	36	-1	
5	1	34	4	6	1	922	2173	101	23	14.941086	Μικρπίευ
5	1	34	4	6	2	1039	2179	39	13	50.164200	αι
5	1	34	4	6	3	1090	2179	28	18	91.421478	µε
5	1	34	4	6	4	1130	2175	89	21	54.531853	δαπάνη
5	1	34	4	6	5	1230	2175	55	19	22.040108	παλύ
5	1	34	4	6	6	1301	2177	66	22	33.442093	µικρή
5	1	34	4	6	7	1387	2177	68	23	80.193771	(20-25
5	1	34	4	6	8	1463	2177	170	32	37.041321	ημερομίσδια).,
4	1	34	4	7	0	922	2210	667	26	-1	
5	1	34	4	7	1	922	2213	40	14	91.948257	που
5	1	34	4	7	2	976	2210	142	21	45.448299	οπωσδήποτε
5	1	34	4	7	3	1130	2211	169	23	32.819931	δικοιολογούσε
5	1	34	4	7	4	1313	2217	43	18	53.041946	την
5	1	34	4	7	5	1371	2213	150	23	11.978493	πρρσπόβειος..
5	1	34	4	7	6	1587	2222	2	2	15.486923	:
3	1	34	5	0	0	1105	2244	339	67	-1	
4	1	34	5	1	0	1126	2244	271	32	-1	
5	1	34	5	1	1	1126	2244	2	2	14.601295	ο
5	1	34	5	1	2	1181	2247	198	29	49.883152	ΦΝΟΜΙΑΡΧΗΣ
4	1	34	5	2	0	1105	2282	339	29	-1	
5	1	34	5	2	1	1105	2282	191	28	17.746201	ΑΡΗΣΤΕΙΔΗΣ,
5	1	34	5	2	2	1306	2290	138	21	19.605743	ΝΕΖΑΜΗΣ,
2	1	35	0	0	0	915	2361	725	751	-1	
3	1	35	1	0	0	950	2361	688	41	-1	
4	1	35	1	1	0	950	2361	688	41	-1	
5	1	35	1	1	1	950	2361	21	21	37.345390	4
5	1	35	1	1	2	988	2361	27	21	87.150131	Η
5	1	35	1	1	3	1028	2363	144	27	57.189629	εφημερίδα
5	1	35	1	1	4	1183	2370	50	21	95.703293	µας
5	1	35	1	1	5	1244	2365	143	31	67.432686	ευχαριστεί
5	1	35	1	1	6	1400	2365	77	29	35.966911	θερμά
5	1	35	1	1	7	1488	2372	44	15	96.558708	τον
5	1	35	1	1	8	1548	2375	23	13	54.070038	κε.
5	1	35	1	1	9	1581	2362	57	40	0.000000	χΝο-
3	1	35	2	0	0	916	2399	724	689	-1	
4	1	35	2	1	0	922	2399	708	31	-1	
5	1	35	2	1	1	922	2397	93	28	65.954208	µάρχη,
5	1	35	2	1	2	1040	2405	51	14	52.660194	σίου
5	1	35	2	1	3	1100	2399	108	27	2.711456	σερόσΙεδε
5	1	35	2	1	4	1227	2407	30	17	90.916565	το
5	1	35	2	1	5	1267	2400	76	28	26.127998	µιαρό
5	1	35	2	1	6	1354	2407	51	21	95.242561	µας
5	1	35	2	1	7	1417	2398	86	31	67.371643	σχόλιο
5	1	35	2	1	8	1516	2408	46	22	89.919373	για
5	1	35	2	1	9	1588	2409	42	20	87.778229	σις
4	1	35	2	2	0	922	2433	418	39	-1	
5	1	35	2	2	1	922	2433	145	28	66.271225	Κασπανιές
5	1	35	2	2	2	1080	2442	46	14	96.644783	του
5	1	35	2	2	3	1141	2434	182	38	67.419800	Πεωργασύου.
5	1	35	2	2	4	1338	2463	2	2	0.000000	᾿
4	1	35	2	3	0	931	2462	695	68	-1	
5	1	35	2	3	1	931	2491	38	11	39.268753	υπ
5	1	35	2	3	2	979	2480	28	22	70.473534	Ἡ
5	1	35	2	3	3	1018	2467	137	47	93.350937	πρόσφατη
5	1	35	2	3	4	1170	2483	127	27	54.130409	αποπυχέα
5	1	35	2	3	5	1306	2489	49	22	74.158844	για
5	1	35	2	3	6	1365	2462	152	68	77.801193	δημιουργία
5	1	35	2	3	7	1526	2484	100	28	87.462906	Καστα-
4	1	35	2	4	0	922	2518	712	29	-1	
5	1	35	2	4	1	922	2516	105	23	37.002663	νεώφων.
5	1	35	2	4	2	1040	2523	47	21	29.006943	στη
5	1	35	2	4	3	1099	2518	110	28	45.515026	σοεριοχίή
5	1	35	2	4	4	1222	2526	44	14	96.316437	του
5	1	35	2	4	5	1275	2519	106	28	96.296120	χωριού,
5	1	35	2	4	6	1395	2528	47	19	77.729881	µας
5	1	35	2	4	7	1450	2519	184	28	25.078972	απορεαρδέωσιε
4	1	35	2	5	0	923	2552	710	32	-1	
5	1	35	2	5	1	923	2552	187	28	26.575043	πωριολεντικά,
5	1	35	2	5	2	1129	2553	78	29	73.757553	ὅμως,
5	1	35	2	5	3	1221	2554	45	22	91.473778	δεν
5	1	35	2	5	4	1278	2555	91	28	64.319801	πρέσει
5	1	35	2	5	5	1381	2563	32	17	74.780838	να
5	1	35	2	5	6	1423	2555	156	29	30.203712	οἰταματήσει
5	1	35	2	5	7	1603	2564	30	19	48.137657	Ἡῃ
4	1	35	2	6	0	920	2588	713	31	-1	
5	1	35	2	6	1	920	2588	165	27	35.480789	περοισιάθεία,
5	1	35	2	6	2	1104	2589	63	21	93.961731	διότι
5	1	35	2	6	3	1182	2589	65	22	36.401783	εἶναι
5	1	35	2	6	4	1260	2598	18	20	39.087288	{
5	1	35	2	6	5	1287	2591	122	28	0.000000	µοναδωάή
5	1	35	2	6	6	1426	2591	87	25	22.900459	ελσίδα
5	1	35	2	6	7	1527	2591	42	27	91.196037	γυά
5	1	35	2	6	8	1601	2598	32	15	51.319622	να
4	1	35	2	7	0	923	2623	709	31	-1	
5	1	35	2	7	1	923	2623	120	26	55.647957	πραπηθεί
5	1	35	2	7	2	1060	2632	29	12	93.220062	το
5	1	35	2	7	3	1100	2624	151	28	37.180756	Πεωργύπου.
5	1	35	2	7	4	1266	2625	53	22	67.890564	Ἐτοί
5	1	35	2	7	5	1336	2626	13	21	78.100189	1
5	1	35	2	7	6	1358	2627	18	21	70.294968	1.
5	1	35	2	7	7	1386	2627	97	27	92.203568	χρόνια,
5	1	35	2	7	8	1503	2632	38	20	69.210739	σε
5	1	35	2	7	9	1568	2627	64	20	40.418213	νιάθε
4	1	35	2	8	0	923	2657	714	31	-1	
5	1	35	2	8	1	923	2657	82	25	85.717575	φύλλο
5	1	35	2	8	2	1020	2665	51	18	41.713539	µας
5	1	35	2	8	3	1091	2659	187	26	10.772469	ωπενβωμέδιαµε
5	1	35	2	8	4	1294	2668	32	12	93.203491	τα
5	1	35	2	8	5	1338	2661	131	22	25.460800	πυολλαπιλά
5	1	35	2	8	6	1478	2660	159	28	0.000000	σελεονιελισή-.
4	1	35	2	9	0	921	2691	711	29	-1	
5	1	35	2	9	1	921	2698	66	19	67.844711	µατα
5	1	35	2	9	2	1001	2698	47	20	96.606064	της
5	1	35	2	9	3	1059	2691	149	28	50.300064	Καστανιάς
5	1	35	2	9	4	1219	2700	45	18	28.506340	γαι
5	1	35	2	9	5	1282	2693	121	27	11.836891	σἹέλναμε
5	1	35	2	9	6	1436	2693	45	23	0.000000	ένα
5	1	35	2	9	7	1514	2694	118	23	53.149193	ανείκυπο
4	1	35	2	10	0	922	2725	710	31	-1	
5	1	35	2	10	1	922	2731	58	17	73.572800	στον
5	1	35	2	10	2	998	2725	101	27	26.730118	αρμόδιο
5	1	35	2	10	3	1115	2726	164	28	27.625465	Ὑερυσυουργό:
5	1	35	2	10	4	1296	2727	61	28	90.501823	µόνο
5	1	35	2	10	5	1369	2729	47	21	83.439529	από
5	1	35	2	10	6	1434	2729	62	27	96.453171	αυτή
5	1	35	2	10	7	1511	2734	45	21	91.590561	την
5	1	35	2	10	8	1590	2728	42	22	0.000000	Ἱέ-
4	1	35	2	11	0	921	2760	719	31	-1	
5	1	35	2	11	1	921	2760	64	27	14.565269	ὅοση
5	1	35	2	11	2	998	2760	45	22	62.289173	δεν
5	1	35	2	11	3	1056	2761	117	28	0.000000	οτεύλαμίε
5	1	35	2	11	4	1186	2762	48	25	28.351273	αποό
5	1	35	2	11	5	1250	2763	97	27	62.297958	μεγάλη
5	1	35	2	11	6	1357	2764	125	27	4.277969	ενατίμηιοη
5	1	35	2	11	7	1496	2770	65	21	2.383728	σέρος
5	1	35	2	11	8	1598	2765	42	26	43.681160	πο
4	1	35	2	12	0	919	2796	628	32	-1	
5	1	35	2	12	1	919	2796	148	32	14.708260	σιροσωπιωκό
5	1	35	2	12	2	1082	2805	45	16	96.802002	του
5	1	35	2	12	3	1142	2797	161	29	22.821075	Δασαρχείου
5	1	35	2	12	4	1313	2807	59	19	92.711914	µας.
5	1	35	2	12	5	1544	2824	3	2	0.000000	'
4	1	35	2	13	0	916	2841	712	34	-1	
5	1	35	2	13	1	916	2841	2	32	0.000000	Ὁ
5	1	35	2	13	2	941	2843	58	27	39.269096	λα,
5	1	35	2	13	3	1013	2844	68	27	51.960453	αφού.
5	1	35	2	13	4	1097	2845	68	21	28.719017	εύναι
5	1	35	2	13	5	1173	2845	110	24	24.286850	δύσνιολο
5	1	35	2	13	6	1299	2854	32	13	93.087486	να
5	1	35	2	13	7	1343	2847	110	28	0.000000	μιάνοωµιε
5	1	35	2	13	8	1469	2847	94	23	20.086372	»οάσοία
5	1	35	2	13	9	1579	2847	49	22	0.000000	Θ.0-
4	1	35	2	14	0	918	2877	711	35	-1	
5	1	35	2	14	1	913	2879	116	35	76.513855	μηχανία
5	1	35	2	14	2	1045	2877	45	27	36.146965	οτο
5	1	35	2	14	3	1110	2881	81	28	92.873482	χωριό
5	1	35	2	14	4	1208	2887	43	22	94.609047	για
5	1	35	2	14	5	1265	2890	31	14	93.035263	να
5	1	35	2	14	6	1308	2882	122	29	13.722092	κρατήρίει
5	1	35	2	14	7	1446	2883	123	29	47.794716	μερικούς
5	1	35	2	14	8	1590	2883	39	22	74.115326	νέ-
4	1	35	2	15	0	920	2916	708	36	-1	
5	1	35	2	15	1	920	2923	53	19	94.167068	ους,
5	1	35	2	15	2	992	2922	31	21	76.665085	ας
5	1	35	2	15	3	1036	2916	195	28	34.731834	αξιοσιουήσοωµιε
5	1	35	2	15	4	1242	2926	30	13	96.580536	πο
5	1	35	2	15	5	1288	2918	61	24	0.000000	τόσο
5	1	35	2	15	6	1359	2919	141	28	22.977562	κὰπκάλλι]λα
5	1	35	2	15	7	1516	2925	43	27	56.757755	για
5	1	35	2	15	8	1583	2925	45	18	0.000000	Ἅα-
4	1	35	2	16	0	915	2947	714	49	-1	
5	1	35	2	16	1	915	2947	104	49	0.000000	οταμιές
5	1	35	2	16	2	1034	2951	98	28	90.400238	ἐδαφός
5	1	35	2	16	3	1143	2959	58	20	84.624786	µας,
5	1	35	2	16	4	1216	2960	64	15	56.229912	αν...
5	1	35	2	16	5	1286	2954	126	26	13.875290	εαείθεν,
5	1	35	2	16	6	1428	2961	32	20	90.505951	µε
5	1	35	2	16	7	1470	2963	32	23	86.620117	τη
5	1	35	2	16	8	1512	2964	117	23	91.651459	παραγω-
4	1	35	2	17	0	918	2969	709	53	-1	
5	1	35	2	17	1	918	2985	31	28	93.099915	γή
5	1	35	2	17	2	962	2985	143	25	79.381340	Κιαστάνων
5	1	35	2	17	3	1116	2993	98	17	17.521194	Μαιτου
5	1	35	2	17	4	1223	2969	116	51	64.846695	σκληρού
5	1	35	2	17	5	1348	2989	86	27	89.086487	ξύλου,
5	1	35	2	17	6	1447	2995	91	27	94.295639	µπορεί
5	1	35	2	17	7	1550	3003	32	13	92.784584	να
5	1	35	2	17	8	1591	2995	36	27	75.750275	γί-
4	1	35	2	18	0	916	3020	713	52	-1	
5	1	35	2	18	1	916	3029	61	13	90.214958	νουν
5	1	35	2	18	2	991	3030	42	13	54.224709	και
5	1	35	2	18	3	1047	3022	148	28	45.142693	6ιοτεχνύες.
5	1	35	2	18	4	1211	3023	72	28	48.045189	΄Ἠδη
5	1	35	2	18	5	1292	3024	117	28	9.006454	έρχιοηται
5	1	35	2	18	6	1424	3020	102	52	0.000000	ἁμποροι
5	1	35	2	18	7	1535	3038	32	20	78.807770	µε
5	1	35	2	18	8	1578	3037	51	21	89.149040	φορ
4	1	35	2	19	0	917	3055	477	57	-1	
5	1	35	2	19	1	917	3057	65	41	87.815773	τηγά
5	1	35	2	19	2	998	3057	42	28	90.806343	γιά
5	1	35	2	19	3	1060	3063	31	23	62.007843	(η
5	1	35	2	19	4	1105	3058	59	28	87.029823	Λίγη
5	1	35	2	19	5	1175	3055	143	51	93.626884	παραγωγή,
5	1	35	2	19	6	1334	3067	60	45	58.177521	μας.
2	1	36	0	0	0	915	3103	716	275	-1	
3	1	36	1	0	0	915	3103	716	275	-1	
4	1	36	1	1	0	936	3103	692	57	-1	
5	1	36	1	1	1	936	3129	87	21	17.339752	ΜΕ
5	1	36	1	1	2	1040	3129	73	22	93.107948	ΤΗΝ
5	1	36	1	1	3	1126	3130	186	24	31.610832	ΕΓΚΥΚ4ΙΟ
5	1	36	1	1	4	1327	3108	72	46	93.455116	ΤΗΣ
5	1	36	1	1	5	1409	3132	18	22	96.168617	4
5	1	36	1	1	6	1414	3103	108	57	47.624874	ΑλΣΗΣ
5	1	36	1	1	7	1537	3137	91	22	88.202118	ΓΕΩΕ
4	1	36	1	2	0	915	3164	710	37	-1	
5	1	36	1	2	1	915	3164	86	24	69.390358	Σ1ΑΣ
5	1	36	1	2	2	1036	3165	257	32	44.236252	δδ6δ)13-11-δ7
5	1	36	1	2	3	1327	3168	147	31	36.535774	χορηγείται
5	1	36	1	2	4	1506	3173	119	28	78.664200	ενίσχυση
4	1	36	1	3	0	916	3204	710	32	-1	
5	1	36	1	3	1	916	3205	57	22	96.461487	600
5	1	36	1	3	2	988	3204	57	30	65.916519	δρχ.
5	1	36	1	3	3	1053	3211	35	17	92.848961	πο
5	1	36	1	3	4	1102	3206	109	28	71.730583	οτοέµµα
5	1	36	1	3	5	1224	3214	30	14	81.618286	σε
5	1	36	1	3	6	1268	3207	76	28	93.289413	όσους
5	1	36	1	3	7	1356	3205	135	31	51.334747	φυκέιψουν
5	1	36	1	3	8	1503	3209	123	23	43.054779	Καστανι-
4	1	36	1	4	0	917	3241	713	31	-1	
5	1	36	1	4	1	917	3241	37	28	93.292038	ές,
5	1	36	1	4	2	968	3241	139	29	78.046150	Καρυδυές,
5	1	36	1	4	3	1122	3242	168	29	13.141693	Αμυγδαλαές,
5	1	36	1	4	4	1307	3243	18	28	93.290367	ή
5	1	36	1	4	5	1340	3243	165	29	0.000000	Ἐωπαρίοισια
5	1	36	1	4	6	1519	3250	33	16	63.966412	ος
5	1	36	1	4	7	1567	3244	63	23	30.820633	υδιό--
4	1	36	1	5	0	917	3278	708	30	-1	
5	1	36	1	5	1	917	3284	92	20	0.000000	κτητες
5	1	36	1	5	2	1026	3278	125	28	18.323936	ετάρεις.
5	1	36	1	5	3	1165	3278	81	28	0.000000	Αρναεί
5	1	36	1	5	4	1260	3279	44	27	84.162132	µιά
5	1	36	1	5	5	1322	3279	129	28	5.840210	θεθαϊΐωιιῃ
5	1	36	1	5	6	1468	3287	46	15	93.267570	του
5	1	36	1	5	7	1529	3280	96	28	12.225006	Ὑστοθη-
4	1	36	1	6	0	916	3313	710	31	-1	
5	1	36	1	6	1	916	3313	183	27	47.267265	ποφυλαριθίου,
5	1	36	1	6	2	1114	3313	38	23	91.098801	όπι
5	1	36	1	6	3	1164	3322	16	19	92.605179	η
5	1	36	1	6	4	1195	3314	105	28	7.892006	ἑμταση
5	1	36	1	6	5	1322	3315	65	21	85.230705	εἶναι
5	1	36	1	6	6	1425	3316	201	28	0.000000	κµαταχωοηµένη
4	1	36	1	7	0	915	3348	716	30	-1	
5	1	36	1	7	1	915	3354	45	18	11.339386	σἵο
5	1	36	1	7	2	970	3348	75	29	89.840630	όνοµα
5	1	36	1	7	3	1060	3356	45	15	96.203857	του
5	1	36	1	7	4	1118	3349	215	29	40.997257	ενδιαφερομένου
5	1	36	1	7	5	1350	3351	124	27	83.144501	γεωργού.
5	1	36	1	7	6	1621	3360	10	8	0.000000	.
2	1	37	0	0	0	909	3501	431	9	-1	
3	1	37	1	0	0	909	3501	431	9	-1	
4	1	37	1	1	0	909	3501	431	9	-1	
5	1	37	1	1	1	909	3503	76	7	95.000000	 
5	1	37	1	1	2	1122	3502	45	8	95.000000	 
5	1	37	1	1	3	1293	3501	47	9	95.000000	 
2	1	38	0	0	0	1332	235	511	250	-1	
3	1	38	1	0	0	1332	235	521	250	-1	
4	1	38	1	1	0	1332	235	511	250	-1	
5	1	38	1	1	1	1332	242	195	220	18.385651	1Τ
5	1	38	1	1	2	1527	235	316	250	24.674263	Σ4:
2	1	39	0	0	0	714	469	1047	90	-1	
3	1	39	1	0	0	714	469	1047	90	-1	
4	1	39	1	1	0	714	469	1047	90	-1	
5	1	39	1	1	1	714	485	86	42	75.651749	το
5	1	39	1	1	2	820	476	388	83	80.906677	ΜΠΑΛΚΟΝΙ
5	1	39	1	1	3	1218	477	143	58	94.871307	ΤΟΥ.
5	1	39	1	1	4	1371	484	105	75	37.268024	ΤΑ᾽
5	1	39	1	1	5	1480	494	58	63	1.546700	Ὑ'
5	1	39	1	1	6	1542	469	219	71	56.926022	ΓΡΕΤΟΥ
2	1	40	0	0	0	188	538	2061	82	-1	
3	1	40	1	0	0	188	538	2061	82	-1	
4	1	40	1	1	0	188	538	2055	44	-1	
5	1	40	1	1	1	188	538	216	34	16.199615	ος}.
5	1	40	1	1	2	536	538	205	34	2.743721	..............
5	1	40	1	1	3	749	538	54	34	0.000000	....
5	1	40	1	1	4	808	562	46	5	0.000000	.
5	1	40	1	1	5	876	538	7	34	0.000000	Ἱ
5	1	40	1	1	6	1638	556	85	33	0.000000	Ὄος
5	1	40	1	1	7	1788	556	31	33	40.525444	Ἅ})
5	1	40	1	1	8	1838	556	56	33	37.329430	 .
5	1	40	1	1	9	1896	556	3	33	39.878792	.
5	1	40	1	1	10	1986	556	20	33	44.059761	ο.
5	1	40	1	1	11	2050	556	132	33	44.502022	ο...
4	1	40	1	2	0	188	552	2061	68	-1	
5	1	40	1	2	1	188	573	116	20	35.698669	ΘΕΓΑΝΟ
5	1	40	1	2	2	316	573	172	22	72.385422	ΣΥΝΔΕΣΕΩΣ
5	1	40	1	2	3	504	575	61	19	92.699829	ΤΩΝ
5	1	40	1	2	4	576	576	186	21	74.071274	ΑΠΑΝΤΑΧΟΥ
5	1	40	1	2	5	774	579	240	21	66.990555	ΓΕΩΡΓΙΤΣΙΑΝΩΝΙ
5	1	40	1	2	6	1022	552	63	59	31.286789	Αριθ;
5	1	40	1	2	7	1094	583	84	27	94.032982	φύλλου
5	1	40	1	2	8	1191	585	22	17	93.305305	61
5	1	40	1	2	9	1227	595	25	4	76.094849	---
5	1	40	1	2	10	1262	586	123	19	69.834496	15-12-57
5	1	40	1	2	11	1356	579	32	38	52.364315	---
5	1	40	1	2	12	1400	588	109	22	67.023224	ΙΔΙΟΚΤ..
5	1	40	1	2	13	1536	588	27	23	0.000000	Ες.
5	1	40	1	2	14	1572	589	25	18	52.094078	Η,
5	1	40	1	2	15	1608	589	213	22	82.971947	ΓΙΑΝΝΑΚΑΚΗΣ
5	1	40	1	2	16	1832	592	91	26	8.956032	Σπιθρτη
5	1	40	1	2	17	1932	593	60	22	87.785866	25100
5	1	40	1	2	18	2004	593	129	27	0.000000	Διωιούργου
5	1	40	1	2	19	2139	588	26	37	74.834930	21
5	1	40	1	2	20	2172	594	77	22	75.575386	«28076
2	1	41	0	0	0	2262	20	29	9	-1	
3	1	41	1	0	0	2262	20	29	9	-1	
4	1	41	1	1	0	2262	20	29	9	-1	
5	1	41	1	1	1	2262	20	29	9	50.993038	πο
2	1	42	0	0	0	2046	21	237	55	-1	
3	1	42	1	0	0	2046	21	237	55	-1	
4	1	42	1	1	0	2046	21	215	18	-1	
5	1	42	1	1	1	2046	21	215	18	0.000000	μου
4	1	42	1	2	0	2049	36	234	40	-1	
5	1	42	1	2	1	2049	45	32	19	13.578842	--
5	1	42	1	2	2	2084	40	77	36	43.979130	χφισὶ
5	1	42	1	2	3	2165	50	30	12	84.684502	νοι
5	1	42	1	2	4	2203	36	80	32	38.736382	νυν
5	1	42	1	2	5	2264	32	21	40	79.006813	--
2	1	43	0	0	0	2055	65	241	80	-1	
3	1	43	1	0	0	2059	65	237	58	-1	
4	1	43	1	1	0	2183	65	101	38	-1	
5	1	43	1	1	1	2183	65	101	38	0.000000	αγννανη.
4	1	43	1	2	0	2055	80	241	65	-1	
5	1	43	1	2	1	2055	80	116	65	18.729034	Λιωῤημόα
5	1	43	1	2	2	2184	95	59	28	0.000000	Αρόη
5	1	43	1	2	3	2255	91	41	27	0.000000	Δευ
2	1	44	0	0	0	1750	176	442	284	-1	
3	1	44	1	0	0	1750	176	442	284	-1	
4	1	44	1	1	0	1750	176	442	284	-1	
5	1	44	1	1	1	1750	176	442	284	95.000000	  
2	1	45	0	0	0	1852	490	366	54	-1	
3	1	45	1	0	0	1852	490	366	54	-1	
4	1	45	1	1	0	1852	490	366	25	-1	
5	1	45	1	1	1	1852	490	145	22	67.524979	ΠΟΥΦΕΝΑ
5	1	45	1	1	2	2009	493	35	19	18.161514	ΔΕ
5	1	45	1	1	3	2058	493	40	19	54.029636	9Α
5	1	45	1	1	4	2110	494	108	21	64.562805	ΒΡΕΙΤΕ
4	1	45	1	2	0	1896	522	279	22	-1	
5	1	45	1	2	1	1896	522	173	20	40.274616	ΘΡΑΙΩΤΕΡΟ
5	1	45	1	2	2	2081	523	94	21	4.920746	χΧΩσιο
2	1	46	0	0	0	2280	214	25	378	-1	
3	1	46	1	0	0	2280	214	25	378	-1	
4	1	46	1	1	0	2280	214	25	378	-1	
5	1	46	1	1	1	2280	524	23	68	89.119904	ΤΑΧ.
5	1	46	1	1	2	2280	412	23	96	89.119904	ΤΒΛΟΣ
5	1	46	1	1	3	2281	214	24	184	49.699020	ΚΑΤΕΒΛΗΘΗ
2	1	47	0	0	0	1399	631	848	13	-1	
3	1	47	1	0	0	1399	631	848	13	-1	
4	1	47	1	1	0	1399	631	848	13	-1	
5	1	47	1	1	1	1399	631	848	13	95.000000	 
2	1	48	0	0	0	1653	690	731	76	-1	
3	1	48	1	0	0	1653	690	731	76	-1	
4	1	48	1	1	0	1653	690	731	76	-1	
5	1	48	1	1	1	1653	690	85	69	0.000000	ἸΠή
5	1	48	1	1	2	1757	705	46	46	71.900864	τὸ
5	1	48	1	1	3	1824	695	165	67	6.665649	μΝΠμΕΙΘ
5	1	48	1	1	4	2019	708	88	46	71.409500	τν
5	1	48	1	1	5	2135	697	249	69	0.000000	Λεροπόριων
2	1	49	0	0	0	1669	792	755	499	-1	
3	1	49	1	0	0	1670	792	754	353	-1	
4	1	49	1	1	0	1685	792	700	38	-1	
5	1	49	1	1	1	1685	792	82	33	31.442215	"δη
5	1	49	1	1	2	1784	799	174	28	66.115906	εγκαπεσεάθη
5	1	49	1	1	3	1970	808	16	13	93.209465	ο
5	1	49	1	1	4	1996	800	138	28	37.844120	εργολάδος
5	1	49	1	1	5	2147	808	44	15	83.988983	και
5	1	49	1	1	6	2206	796	90	34	34.130775	άριχιοῖε
5	1	49	1	1	7	2305	810	19	19	36.953850	η
5	1	49	1	1	8	2333	801	52	25	71.899307	δια-
4	1	49	1	2	0	1674	833	707	33	-1	
5	1	49	1	2	1	1674	833	127	28	57.598160	μόρφωση
5	1	49	1	2	2	1812	842	47	14	83.120270	που
5	1	49	1	2	3	1879	835	97	27	82.030396	χώρου,
5	1	49	1	2	4	1988	836	65	24	57.075863	ὁπορ
5	1	49	1	2	5	2064	836	34	25	70.546555	Θα
5	1	49	1	2	6	2112	837	134	28	27.283546	'αμεγεοθεί
5	1	49	1	2	7	2259	844	31	15	91.953087	το
5	1	49	1	2	8	2298	837	83	29	0.194695	Ἡρώοὶ
4	1	49	1	3	0	1674	869	750	30	-1	
5	1	49	1	3	1	1674	876	51	12	90.989243	των
5	1	49	1	3	2	1741	869	21	20	34.303909	ὃἃ
5	1	49	1	3	3	1779	870	146	25	48.354523	αἰεροπόρων
5	1	49	1	3	4	1935	877	62	19	93.132156	µας,
5	1	49	1	3	5	2012	872	295	26	7.939117	σιτην--τροραθορισμιένη
5	1	49	1	3	6	2317	879	86	20	0.000000	--αὶ-
5	1	49	1	3	7	2420	880	4	2	58.631207	-
4	1	49	1	4	0	1676	902	704	31	-1	
5	1	49	1	4	1	1676	902	107	28	54.460876	γευπωκή
5	1	49	1	4	2	1792	903	137	23	0.000000	τοποθεσία
5	1	49	1	4	3	1940	910	51	19	0.000000	σπου
5	1	49	1	4	4	2002	904	90	25	59.217186	τώποπια
5	1	49	1	4	5	2106	905	46	23	85.953194	δεν
5	1	49	1	4	6	2165	905	91	28	0.000000	μώτορεύ
5	1	49	1	4	7	2265	913	33	14	91.759941	να
5	1	49	1	4	8	2335	910	45	19	69.215210	κου
4	1	49	1	5	0	1674	937	709	32	-1	
5	1	49	1	5	1	1674	937	93	28	87.151489	φράξει
5	1	49	1	5	2	1778	945	44	14	95.136848	τον
5	1	49	1	5	3	1835	939	127	28	13.936836	απέραντο
5	1	49	1	5	4	1972	938	127	29	33.709763	ορίδοναια..
5	1	49	1	5	5	2109	940	76	24	38.327080	Είνίαι
5	1	49	1	5	6	2197	941	44	22	85.306168	εσεέ
5	1	49	1	5	7	2250	947	48	21	1.255714	σ]ς.
5	1	49	1	5	8	2310	947	73	22	49.764359	εσιαρ-
4	1	49	1	6	0	1672	973	712	31	-1	
5	1	49	1	6	1	1672	973	95	28	74.093536	χιαρής
5	1	49	1	6	2	1778	973	59	22	91.679726	οδού
5	1	49	1	6	3	1859	974	106	28	0.216743	Σπάρπη
5	1	49	1	6	4	1978	988	7	4	91.042160	-
5	1	49	1	6	5	1997	974	151	29	74.375908	Καλαμάτα,
5	1	49	1	6	6	2163	976	78	24	0.000000	κοναιά
5	1	49	1	6	7	2253	981	64	23	44.455433	οἵτηιν
5	1	49	1	6	8	2328	976	56	23	17.081078	Υσυα
4	1	49	1	7	0	1670	1009	710	27	-1	
5	1	49	1	7	1	1670	1009	91	27	43.966652	σωγτή,
5	1	49	1	7	2	1776	1009	95	27	51.728252	μεταξύ
5	1	49	1	7	3	1882	1017	53	15	40.946697	σων
5	1	49	1	7	4	1942	1011	108	23	40.833355	σπιτιών
5	1	49	1	7	5	2060	1011	35	21	28.653450	1’.
5	1	49	1	7	6	2106	1011	102	23	76.250046	Κόντου
5	1	49	1	7	7	2218	1019	43	15	94.931816	και
5	1	49	1	7	8	2272	1011	108	24	0.000000	Σκιαδά.
4	1	49	1	8	0	1672	1044	704	31	-1	
5	1	49	1	8	1	1672	1044	100	28	29.211876	Επειδή
5	1	49	1	8	2	1781	1052	32	14	67.251389	πσ
5	1	49	1	8	3	1823	1045	103	30	0.000000	έδακφος!
5	1	49	1	8	4	1936	1045	67	23	2.751076	ενας
5	1	49	1	8	5	2020	1046	136	28	28.054764	επιωελινές,
5	1	49	1	8	6	2173	1047	141	27	43.564827	εἰγνερύθηρόε
5	1	49	1	8	7	2322	1047	54	31	40.434036	πό
4	1	49	1	9	0	1671	1077	710	45	-1	
5	1	49	1	9	1	1671	1086	32	21	90.672905	τη
5	1	49	1	9	2	1717	1080	132	28	39.556393	Νομαρχία
5	1	49	1	9	3	1860	1089	37	13	30.929817	να
5	1	49	1	9	4	1909	1081	65	27	80.386963	γίνει
5	1	49	1	9	5	1986	1089	33	20	37.934258	µε
5	1	49	1	9	6	2030	1077	119	45	0.000000	Μπολώνες,
5	1	49	1	9	7	2160	1090	45	14	0.000000	Ζάαι
5	1	49	1	9	8	2219	1083	93	28	0.685608	ασοϊχωιοίή,
5	1	49	1	9	9	2321	1075	60	30	19.554939	σιλά-
4	1	49	1	10	0	1672	1116	287	29	-1	
5	1	49	1	10	1	1672	1123	35	16	0.000000	20α:
5	1	49	1	10	2	1726	1116	51	24	29.872169	"αρτό
5	1	49	1	10	3	1797	1116	162	29	39.260963	«σνιυρώδεµα.
3	1	49	2	0	0	1669	1151	748	140	-1	
4	1	49	2	1	0	1670	1151	712	32	-1	
5	1	49	2	1	1	1670	1151	64	22	37.179409	--8
5	1	49	2	1	2	1750	1152	100	28	88.059555	γνωσπή
5	1	49	2	1	3	1863	1159	44	17	75.216881	σιτο
5	1	49	2	1	4	1920	1153	129	35	0.000000	συνπάραφη
5	1	49	2	1	5	2062	1161	51	21	70.217674	µας
5	1	49	2	1	6	2123	1153	120	30	5.363541	σὐοιήκίρια
5	1	49	2	1	7	2252	1163	31	13	72.484573	»ε..
5	1	49	2	1	8	2294	1154	88	28	72.205780	Μαρία
4	1	49	2	2	0	1671	1188	709	30	-1	
5	1	49	2	2	1	1671	1188	212	29	10.075073	Βιουμουρτξάνη
5	1	49	2	2	2	1895	1185	98	29	0.000000	έστειλε
5	1	49	2	2	3	2004	1196	45	21	94.186554	για
5	1	49	2	2	4	2059	1190	110	28	41.316124	δεύτερη
5	1	49	2	2	5	2185	1191	70	27	91.528099	φορά
5	1	49	2	2	6	2279	1190	101	23	35.204437	ὅ.ΟΟΟ
4	1	49	2	3	0	1670	1222	747	51	-1	
5	1	49	2	3	1	1670	1224	59	28	88.667130	δρχ.
5	1	49	2	3	2	1739	1225	88	27	0.000000	χαθώς
5	1	49	2	3	3	1843	1234	44	13	75.939941	και
5	1	49	2	3	4	1900	1234	26	13	84.437111	οι
5	1	49	2	3	5	1939	1225	72	28	27.263214	«Ακροί
5	1	49	2	3	6	2025	1226	133	28	81.315765	Γεώργιος
5	1	49	2	3	7	2169	1233	46	15	0.000000	οαας
5	1	49	2	3	8	2237	1222	145	51	66.422523	Αθανάσιος,
5	1	49	2	3	9	2415	1253	2	2	0.000000	ι
4	1	49	2	4	0	1669	1260	724	31	-1	
5	1	49	2	4	1	1669	1260	38	22	54.594402	Ἡ.
5	1	49	2	4	2	1718	1260	143	29	40.914589	Πιερδίοις,
5	1	49	2	4	3	1872	1261	93	29	0.000000	επίσης
5	1	49	2	4	4	1976	1269	45	21	91.688278	για
5	1	49	2	4	5	2036	1262	108	29	25.521767	δεύπερη
5	1	49	2	4	6	2174	1262	73	28	87.816055	«φορά
5	1	49	2	4	7	2284	1263	109	22	58.221508	δ.ΟΟΟ.
2	1	50	0	0	0	1641	1296	220	28	-1	
3	1	50	1	0	0	1641	1296	220	28	-1	
4	1	50	1	1	0	1641	1296	220	28	-1	
5	1	50	1	1	1	1641	1296	85	28	17.399323	:1δρχ.
5	1	50	1	1	2	1745	1296	116	28	49.313602	ἐκασπος.
2	1	51	0	0	0	1668	1331	715	101	-1	
3	1	51	1	0	0	1668	1331	715	101	-1	
4	1	51	1	1	0	1691	1331	692	31	-1	
5	1	51	1	1	1	1691	1331	28	22	89.141754	Ἡ
5	1	51	1	1	2	1727	1332	134	28	22.669037	Εἰπιτροσή
5	1	51	1	1	3	1871	1333	141	27	22.235474	σααριαρεαλιεί
5	1	51	1	1	4	2022	1341	32	14	90.315147	να
5	1	51	1	1	5	2066	1333	145	25	32.536240	οπέλιλοναίαι
5	1	51	1	1	6	2222	1342	26	14	83.509346	ου
5	1	51	1	1	7	2261	1334	122	28	23.361801	ευσιρορές
4	1	51	1	2	0	1671	1367	709	31	-1	
5	1	51	1	2	1	1671	1373	58	15	50.535336	οταν
5	1	51	1	2	2	1738	1367	67	29	65.713120	αριθ.
5	1	51	1	2	3	1825	1368	215	28	78.523804	468)748606
5	1	51	1	2	4	2055	1369	100	28	79.787567	Εθνική
5	1	51	1	2	5	2172	1369	119	28	86.568428	Τράπεξα
5	1	51	1	2	6	2306	1370	74	28	14.623108	Ἅπάρ
4	1	51	1	3	0	1668	1403	691	29	-1	
5	1	51	1	3	1	1668	1409	55	21	94.554420	της,
5	1	51	1	3	2	1736	1409	48	16	94.267609	που
5	1	51	1	3	3	1798	1403	33	23	94.559616	θα
5	1	51	1	3	4	1839	1403	65	24	94.169876	δίνει
5	1	51	1	3	5	1920	1404	117	28	94.058731	απόδειξη
5	1	51	1	3	6	2053	1412	43	14	53.498207	και
5	1	51	1	3	7	2110	1405	31	22	93.258102	θα
5	1	51	1	3	8	2155	1405	204	27	26.546539	δηµοσιεύονπαι..
2	1	52	0	0	0	1669	1475	712	54	-1	
3	1	52	1	0	0	1669	1475	712	54	-1	
4	1	52	1	1	0	1669	1475	712	54	-1	
5	1	52	1	1	1	1669	1475	32	54	87.720276	Η
5	1	52	1	1	2	1719	1475	204	50	13.826782	κεντρική
5	1	52	1	1	3	1937	1476	172	41	93.281425	πλατεία
5	1	52	1	1	4	2128	1477	253	49	61.758854	οµορφαίνει
2	1	53	0	0	0	1668	1562	712	172	-1	
3	1	53	1	0	0	1668	1562	712	172	-1	
4	1	53	1	1	0	1690	1562	689	30	-1	
5	1	53	1	1	1	1690	1562	27	22	87.543686	Ἡ
5	1	53	1	1	2	1728	1562	105	24	53.909492	πλατεία
5	1	53	1	1	3	1845	1570	44	15	96.333939	του
5	1	53	1	1	4	1902	1563	48	28	92.737534	Αγ.
5	1	53	1	1	5	1968	1563	146	25	94.823219	Αθανασίου
5	1	53	1	1	6	2126	1564	64	28	86.146545	µετά
5	1	53	1	1	7	2206	1572	46	20	93.238533	την
5	1	53	1	1	8	2265	1564	114	28	23.827881	«επιμελη-
4	1	53	1	2	0	1668	1598	709	29	-1	
5	1	53	1	2	1	1668	1598	64	28	48.821472	ένο,
5	1	53	1	2	2	1746	1598	187	28	40.315994	σελανεόσπιρωισή!
5	1	53	1	2	3	1942	1605	51	22	25.735657	σης
5	1	53	1	2	4	2006	1605	49	15	74.572739	σύοω
5	1	53	1	2	5	2067	1599	72	28	20.921661	«ἐγιένε
5	1	53	1	2	6	2152	1606	33	21	0.000000	µιε
5	1	53	1	2	7	2198	1599	102	28	13.321945	δαπάνη
5	1	53	1	2	8	2331	1606	46	17	79.958908	που
4	1	53	1	3	0	1670	1630	708	34	-1	
5	1	53	1	3	1	1670	1630	201	31	35.651817	π..Θεμιστονελή
5	1	53	1	3	2	1882	1634	37	22	0.000000	ἵ..
5	1	53	1	3	3	1931	1634	156	30	57.532955	Μανεσιώκη
5	1	53	1	3	4	2106	1635	129	28	0.000000	οµόρφηφε
5	1	53	1	3	5	2258	1635	120	24	75.567017	"απίθανα.
4	1	53	1	4	0	1673	1669	703	30	-1	
5	1	53	1	4	1	1673	1669	15	21	54.325809	1
5	1	53	1	4	2	1690	1669	68	27	54.325809	ώρα,
5	1	53	1	4	3	1776	1677	30	14	93.279518	το
5	1	53	1	4	4	1822	1670	125	27	52.664986	καφιεφείο
5	1	53	1	4	5	1956	1678	47	14	93.149811	του
5	1	53	1	4	6	2016	1670	161	29	78.354874	σιαλαήµαχου
5	1	53	1	4	7	2192	1671	107	28	44.257488	Θαιάση
5	1	53	1	4	8	2311	1671	65	23	90.333069	Ῥασ-
4	1	53	1	5	0	1670	1703	710	31	-1	
5	1	53	1	5	1	1670	1705	42	21	92.281723	σιά
5	1	53	1	5	2	1722	1705	63	27	92.315575	µετά
5	1	53	1	5	3	1796	1712	45	21	90.819016	την
5	1	53	1	5	4	1855	1703	154	31	71.159447	αποχώρησή
5	1	53	1	5	5	2025	1713	44	16	96.506691	του
5	1	53	1	5	6	2084	1706	67	28	84.168732	λόγω
5	1	53	1	5	7	2163	1707	147	27	55.453682	ουνεάξεως
5	1	53	1	5	8	2322	1715	58	13	89.700790	ανα-
2	1	54	0	0	0	1660	705	7	1064	-1	
3	1	54	1	0	0	1660	705	7	1064	-1	
4	1	54	1	1	0	1660	705	7	1064	-1	
5	1	54	1	1	1	1660	705	7	1064	95.000000	 
2	1	55	0	0	0	1657	1760	6	694	-1	
3	1	55	1	0	0	1657	1760	6	694	-1	
4	1	55	1	1	0	1657	1760	6	694	-1	
5	1	55	1	1	1	1657	1760	6	694	95.000000	  
2	1	56	0	0	0	1666	1739	879	349	-1	
3	1	56	1	0	0	1668	1739	830	136	-1	
4	1	56	1	1	0	1670	1739	707	46	-1	
5	1	56	1	1	1	1670	1741	147	29	17.386101	ιαυνήσιτηναε
5	1	56	1	1	2	1835	1741	97	28	15.965759	γἰενώνά,
5	1	56	1	1	3	1949	1749	31	20	65.210175	µε
5	1	56	1	1	4	2007	1741	130	29	23.096558	μαχοαῖσαά,,
5	1	56	1	1	5	2172	1739	205	46	53.720535	χθωματίσµακα,
4	1	56	1	2	0	1682	1776	863	27	-1	
5	1	56	1	2	1	1682	1776	198	23	0.387184	Ὀυιαλέττας-ρεαν:
5	1	56	1	2	2	1893	1772	112	35	0.000000	αυρέοσς”
5	1	56	1	2	3	2027	1778	518	25	0.000000	σοσόοοιρή-συς--αντέ---γταν------------------
4	1	56	1	3	0	1668	1807	711	29	-1	
5	1	56	1	3	1	1668	1807	43	21	85.063171	γέο
5	1	56	1	3	2	1725	1808	73	27	95.360321	σοφά
5	1	56	1	3	3	1820	1808	70	27	93.277145	έγινε
5	1	56	1	3	4	1905	1809	178	27	0.000000	καλλιεχνιφοή
5	1	56	1	3	5	2097	1809	158	27	31.823479	αἰοµολάγη]σι
5	1	56	1	3	6	2273	1809	47	22	82.136772	από
5	1	56	1	3	7	2334	1817	45	14	96.463699	τον
4	1	56	1	4	0	1669	1842	709	33	-1	
5	1	56	1	4	1	1669	1842	132	28	9.212379	εδιορατή(η!
5	1	56	1	4	2	1812	1851	46	13	67.458344	του,
5	1	56	1	4	3	1870	1843	98	25	54.125675	σσιειού
5	1	56	1	4	4	1982	1843	71	32	88.252998	Ἠλέα
5	1	56	1	4	5	2065	1843	31	22	55.287262	Τ.
5	1	56	1	4	6	2116	1843	111	29	88.821800	Σμυρνιό
5	1	56	1	4	7	2238	1847	43	19	92.041534	καὶ
5	1	56	1	4	8	2308	1845	70	27	96.240845	τώρα
3	1	56	2	0	0	1666	1877	734	100	-1	
4	1	56	2	1	0	1666	1877	734	30	-1	
5	1	56	2	1	1	1666	1877	96	29	91.052841	δείχνει
5	1	56	2	1	2	1774	1878	177	28	18.617165	μιεγαλότίρετπα
5	1	56	2	1	3	1971	1886	46	20	93.277557	την
5	1	56	2	1	4	2030	1877	105	30	14.324051	συέπρµνη
5	1	56	2	1	5	2146	1879	175	28	19.035759	παραδοσιαρωή
5	1	56	2	1	6	2334	1887	44	15	92.351868	του
5	1	56	2	1	7	2398	1893	2	2	74.799438	-
4	1	56	2	2	0	1666	1913	711	30	-1	
5	1	56	2	2	1	1666	1913	96	28	89.489197	µορφή.
5	1	56	2	2	2	1775	1913	38	22	76.811974	Αν
5	1	56	2	2	3	1824	1921	29	14	92.927986	το
5	1	56	2	2	4	1866	1913	86	24	38.398941	ἐλέπει
5	1	56	2	2	5	1964	1922	17	20	75.213326	η
5	1	56	2	2	6	1997	1914	158	28	50.771027	αμωρούμενη
5	1	56	2	2	7	2164	1915	73	27	93.355339	ψυχή
5	1	56	2	2	8	2252	1922	46	14	92.378777	του
5	1	56	2	2	9	2310	1922	67	21	88.768234	πρω-
4	1	56	2	3	0	1666	1949	712	28	-1	
5	1	56	2	3	1	1666	1949	142	27	16.689186	τορατήπορα
5	1	56	2	3	2	1828	1949	153	27	43.556213	«αείμνηστου
5	1	56	2	3	3	1993	1949	121	28	9.925575	μσυάρµώτα
5	1	56	2	3	4	2127	1963	8	3	89.434311	-
5	1	56	2	3	5	2144	1949	97	28	74.165237	Γιάννη
5	1	56	2	3	6	2255	1950	123	24	10.578766	ΙΗανεσιώ
3	1	56	3	0	0	1667	1984	710	28	-1	
4	1	56	3	1	0	1667	1984	710	28	-1	
5	1	56	3	1	1	1667	1992	30	20	95.832962	τη
5	1	56	3	1	2	1715	1984	124	28	16.544258	ασφαλώς
5	1	56	3	1	3	1853	1984	32	23	90.351715	θα
5	1	56	3	1	4	1893	1985	178	27	60.021324	ευφραίµεται.
5	1	56	3	1	5	2091	1985	77	27	59.466061	᾿Ἠδη,
5	1	56	3	1	6	2202	1993	29	14	80.967522	το
5	1	56	3	1	7	2262	1985	115	24	35.493668	πνοῦενασίε
3	1	56	4	0	0	1666	2020	704	68	-1	
4	1	56	4	1	0	1669	2020	701	32	-1	
5	1	56	4	1	1	1669	2027	42	21	41.723331	γία
5	1	56	4	1	2	1728	2020	217	29	0.000000	εφιετάλλευση...
5	1	56	4	1	3	1960	2029	14	14	96.950623	ο
5	1	56	4	1	4	1989	2020	98	30	49.916962	Μάκης.
5	1	56	4	1	5	2103	2021	146	31	29.287910	Πσερωτάς.
5	1	56	4	1	6	2266	2021	53	27	64.154678	Του
5	1	56	4	1	7	2332	2029	38	19	87.989182	ευ-
4	1	56	4	2	0	1666	2054	597	34	-1	
5	1	56	4	2	1	1666	2057	111	29	57.514938	χόµαοπε
5	1	56	4	2	2	1790	2057	77	29	20.949921	αλές
5	1	56	4	2	3	1880	2058	115	28	79.604454	δουλειές
5	1	56	4	2	4	2005	2067	32	20	93.271416	µε
5	1	56	4	2	5	2048	2059	106	28	0.000000	ανοδωιή
5	1	56	4	2	6	2165	2054	98	34	96.854408	πορεία.
2	1	57	0	0	0	1758	2126	536	58	-1	
3	1	57	1	0	0	1758	2126	536	58	-1	
4	1	57	1	1	0	1758	2126	536	58	-1	
5	1	57	1	1	1	1758	2126	255	57	0.000000	᾿Ανικοινώσεις
5	1	57	1	1	2	2034	2122	23	66	79.947746	-
5	1	57	1	1	3	2083	2132	188	52	28.174934	Ενπμέρωσι
2	1	58	0	0	0	1663	2218	734	703	-1	
3	1	58	1	0	0	1666	2218	731	489	-1	
4	1	58	1	1	0	1693	2218	691	31	-1	
5	1	58	1	1	1	1693	2218	111	31	23.982414	΄'Αµεσος,
5	1	58	1	1	2	1817	2225	44	16	70.323059	και
5	1	58	1	1	3	1890	2219	163	28	6.027672	οωσμασπωμκός
5	1	58	1	1	4	2080	2220	153	28	0.000000	οιοινκονιωιός
5	1	58	1	1	5	2270	2219	114	30	0.000000	Ἅ«ἐλεγιχοι.
4	1	58	1	2	0	1668	2251	709	33	-1	
5	1	58	1	2	1	1668	2262	48	20	93.223236	της
5	1	58	1	2	2	1727	2255	216	28	34.340942	δρασπηριόσητας
5	1	58	1	2	3	1950	2251	53	27	83.189812	πων
5	1	58	1	2	4	2018	2255	135	29	86.416695	Δημόσιων
5	1	58	1	2	5	2166	2256	155	28	37.168289	Ὑππηρεσυών
5	1	58	1	2	6	2337	2257	40	27	24.920425	ἁρ-
4	1	58	1	3	0	1667	2290	711	30	-1	
5	1	58	1	3	1	1667	2297	57	21	3.697319	χιοίιε
5	1	58	1	3	2	1739	2290	47	24	93.275635	από
5	1	58	1	3	3	1801	2298	46	20	88.511749	πην
5	1	58	1	3	4	1862	2291	136	29	86.296234	πρόσφατη
5	1	58	1	3	5	2013	2291	151	28	86.532791	συνεδρίαση
5	1	58	1	3	6	2178	2299	47	14	93.186256	του
5	1	58	1	3	7	2236	2291	142	29	47.662895	Νομαριχία-
4	1	58	1	4	0	1668	2326	711	30	-1	
5	1	58	1	4	1	1668	2326	47	21	92.333504	πού
5	1	58	1	4	2	1722	2326	170	28	9.515907	Συμβουλίου,
5	1	58	1	4	3	1905	2333	50	18	88.083992	σίου
5	1	58	1	4	4	1965	2327	255	28	0.000000	σεραιγιαιοσιούήθηραε
5	1	58	1	4	5	2234	2333	49	23	92.656967	την
5	1	58	1	4	6	2297	2327	82	29	80.461975	Τετάρ
4	1	58	1	5	0	1667	2361	710	30	-1	
5	1	58	1	5	1	1667	2369	32	20	96.539291	τη
5	1	58	1	5	2	1715	2361	39	22	76.723251	21
5	1	58	1	5	3	1774	2362	154	28	35.248817	Ονπωθρίου
5	1	58	1	5	4	1942	2367	62	23	69.980545	στην
5	1	58	1	5	5	2020	2362	105	23	59.260521	αίθουσα
5	1	58	1	5	6	2149	2370	49	14	76.049454	του
5	1	58	1	5	7	2232	2363	145	28	47.076485	Ἐργακωεού
4	1	58	1	6	0	1666	2397	710	30	-1	
5	1	58	1	6	1	1666	2397	116	27	51.038090	Κένκρου
5	1	58	1	6	2	1790	2397	131	28	24.537491	Σπάρτης,
5	1	58	1	6	3	1934	2397	49	24	65.335251	υπό
5	1	58	1	6	4	1992	2405	48	20	0.000000	πη]ν
5	1	58	1	6	5	2052	2398	123	28	36.217056	σιοοεδρία
5	1	58	1	6	6	2188	2406	45	14	91.074524	του
5	1	58	1	6	7	2244	2399	132	28	88.539635	Νομάρχη.
4	1	58	1	7	0	1667	2432	710	30	-1	
5	1	58	1	7	1	1667	2432	102	28	72.090065	Σκοσίός
5	1	58	1	7	2	1783	2439	46	18	94.896057	του
5	1	58	1	7	3	1843	2433	93	28	76.335594	θεσμού
5	1	58	1	7	4	1950	2433	85	27	82.338455	αυπού,
5	1	58	1	7	5	2051	2433	173	29	26.912544	υπογροάμµµήοιε
5	1	58	1	7	6	2236	2441	16	15	76.516594	ιο
5	1	58	1	7	7	2262	2442	30	14	78.807800	κ..
5	1	58	1	7	8	2302	2434	75	27	79.464508	Νιξά-
4	1	58	1	8	0	1666	2468	710	29	-1	
5	1	58	1	8	1	1666	2476	59	20	35.248291	«ης,
5	1	58	1	8	2	1736	2468	67	22	82.252304	εὖναι
5	1	58	1	8	3	1816	2475	31	15	93.300888	να
5	1	58	1	8	4	1861	2469	64	27	69.129860	γύνίει
5	1	58	1	8	5	1938	2477	46	19	36.951172	γεια
5	1	58	1	8	6	2000	2469	85	27	38.488731	οἰωσίτή
5	1	58	1	8	7	2102	2469	148	28	0.000000	εμημιέρωιοτῃ
5	1	58	1	8	8	2266	2476	44	18	58.180229	24αµ
5	1	58	1	8	9	2324	2470	52	22	76.137878	δια-
4	1	58	1	9	0	1668	2503	729	30	-1	
5	1	58	1	9	1	1668	2503	102	28	65.729469	φώπιση
5	1	58	1	9	2	1786	2504	48	21	95.234482	από
5	1	58	1	9	3	1848	2512	45	19	96.001556	την
5	1	58	1	9	4	1907	2504	62	22	29.698097	μάθε
5	1	58	1	9	5	1986	2504	130	28	22.102554	Ὑσιηρεσία
5	1	58	1	9	6	2127	2505	110	27	23.127792	Ισχιεπωαά
5	1	58	1	9	7	2246	2513	33	20	87.598907	µε
5	1	58	1	9	8	2290	2513	89	20	53.513618	ταηρο
4	1	58	1	10	0	1669	2539	708	29	-1	
5	1	58	1	10	1	1669	2539	129	28	25.234863	γοάμμακά
5	1	58	1	10	2	1806	2547	51	20	46.839378	πης
5	1	58	1	10	3	1868	2546	45	15	63.110374	αι
5	1	58	1	10	4	1923	2546	33	17	79.807762	να
5	1	58	1	10	5	1970	2540	92	25	32.523888	πεθούν.
5	1	58	1	10	6	2078	2540	63	23	65.643188	κάθε
5	1	58	1	10	7	2154	2540	81	28	78.047256	λογής
5	1	58	1	10	8	2270	2541	107	27	54.046898	«απορύες
4	1	58	1	11	0	1667	2572	710	32	-1	
5	1	58	1	11	1	1667	2581	43	17	15.239594	αι
5	1	58	1	11	2	1723	2575	124	27	33.326157	᾽αιπήματα
5	1	58	1	11	3	1860	2575	51	24	93.005096	από
5	1	58	1	11	4	1923	2583	60	20	96.586044	τους
5	1	58	1	11	5	1998	2575	92	28	93.288986	φορείς
5	1	58	1	11	6	2102	2575	101	23	58.462425	Ὁ...4.
5	1	58	1	11	7	2225	2572	125	32	44.496155	δηµοτωκά
5	1	58	1	11	8	2360	2577	17	27	86.557922	ή
4	1	58	1	12	0	1666	2611	728	29	-1	
5	1	58	1	12	1	1666	2611	129	26	49.435120	κοινοπυκά
5	1	58	1	12	2	1807	2611	145	27	0.459457	συμβούλια.
5	1	58	1	12	3	1963	2611	116	27	40.526604	Βασωιός
5	1	58	1	12	4	2087	2611	102	28	93.601440	στόχος,
5	1	58	1	12	5	2204	2612	68	22	93.640625	είναι
5	1	58	1	12	6	2284	2612	42	28	60.594601	όχι
5	1	58	1	12	7	2337	2613	40	27	75.983902	µό-
4	1	58	1	13	0	1666	2645	711	28	-1	
5	1	58	1	13	1	1666	2651	28	14	93.227478	νο
5	1	58	1	13	2	1710	2645	23	20	75.056747	ν᾿
5	1	58	1	13	3	1754	2645	119	25	37.637047	απκοωσπεέ
5	1	58	1	13	4	1887	2645	61	21	95.765411	αλλά
5	1	58	1	13	5	1964	2653	43	13	56.043526	αι
5	1	58	1	13	6	2022	2650	33	16	87.658844	να
5	1	58	1	13	7	2066	2646	189	26	19.674309	εισακουοϊτείη
5	1	58	1	13	8	2287	2647	90	26	56.647560	γνώμη
4	1	58	1	14	0	1666	2678	602	29	-1	
5	1	58	1	14	1	1666	2686	45	13	91.898323	του
5	1	58	1	14	2	1732	2678	63	21	49.819115	«λασύ
5	1	58	1	14	3	1806	2679	64	26	43.759430	μέσα
5	1	58	1	14	4	1891	2679	26	22	67.412369	-σ’
5	1	58	1	14	5	1934	2679	79	27	40.901459	αυτές
5	1	58	1	14	6	2027	2674	39	37	90.994202	τις
5	1	58	1	14	7	2072	2679	196	28	34.213493	ουφψεδρµάσίεις..
3	1	58	2	0	0	1663	2713	716	208	-1	
4	1	58	2	1	0	1699	2713	678	29	-1	
5	1	58	2	1	1	1699	2713	91	27	89.613419	΄Οπως
5	1	58	2	1	2	1802	2713	100	27	38.353638	δήιωισε
5	1	58	2	1	3	1917	2720	13	14	92.886246	ο
5	1	58	2	1	4	1941	2713	148	28	0.000000	ἸΝομάριχηίς,
5	1	58	2	1	5	2102	2721	30	13	93.265457	το
5	1	58	2	1	6	2146	2713	106	28	1.864059	εσυόµενο
5	1	58	2	1	7	2261	2714	116	28	14.466492	ἸΝομίαρχι
4	1	58	2	2	0	1666	2747	710	30	-1	
5	1	58	2	2	1	1666	2747	47	22	16.470345	ακό
5	1	58	2	2	2	1733	2747	142	28	63.100571	Συμβούλιο
5	1	58	2	2	3	1886	2748	33	21	93.524521	θα
5	1	58	2	2	4	1930	2748	163	28	0.000000	συνεδριάσει
5	1	58	2	2	5	2104	2749	107	23	16.956062	νοματά
5	1	58	2	2	6	2224	2754	60	22	17.807632	στην
5	1	58	2	2	7	2300	2749	76	28	14.908768	.Αρεό-
4	1	58	2	3	0	1664	2783	711	29	-1	
5	1	58	2	3	1	1664	2783	74	27	0.000000	στο],
5	1	58	2	3	2	1757	2789	56	21	83.333054	οἵις
5	1	58	2	3	3	1835	2783	41	22	61.187416	995
5	1	58	2	3	4	1894	2783	153	28	37.319775	ἸΝαοεμθοίου,
5	1	58	2	3	5	2062	2790	32	22	76.113968	µε
5	1	58	2	3	6	2110	2783	90	23	74.809341	6ασικό
5	1	58	2	3	7	2214	2784	66	28	87.247017	θέµα
5	1	58	2	3	8	2291	2792	46	20	93.143715	την
5	1	58	2	3	9	2350	2793	25	13	87.284622	α-
4	1	58	2	4	0	1666	2819	713	29	-1	
5	1	58	2	4	1	1666	2819	114	27	0.000000	μάππωυδη
5	1	58	2	4	2	1789	2827	48	19	96.350693	της
5	1	58	2	4	3	1848	2819	126	28	34.433571	περιοχής,
5	1	58	2	4	4	1982	2825	51	22	84.047966	της.
5	1	58	2	4	5	2045	2819	108	28	0.000000	Μάνης,
5	1	58	2	4	6	2168	2825	45	16	6.924866	αι
5	1	58	2	4	7	2222	2828	35	20	59.763054	µε
5	1	58	2	4	8	2271	2820	108	28	21.751724	ευρύτε-
4	1	58	2	5	0	1663	2855	711	28	-1	
5	1	58	2	5	1	1663	2862	32	20	35.024025	οη
5	1	58	2	5	2	1712	2855	122	27	93.568619	επιδίωξη
5	1	58	2	5	3	1850	2861	32	16	91.766068	να
5	1	58	2	5	4	1896	2855	115	27	47.091030	φθσίουν
5	1	58	2	5	5	2028	2863	23	14	91.106300	οι
5	1	58	2	5	6	2065	2855	177	28	33.588448	ιουνιεδρυάσιεις
5	1	58	2	5	7	2252	2863	47	15	81.501762	του
5	1	58	2	5	8	2309	2855	65	23	65.373047	ανώ-
4	1	58	2	6	0	1665	2891	708	30	-1	
5	1	58	2	6	1	1665	2898	76	17	39.061531	τατοο
5	1	58	2	6	2	1754	2891	109	27	96.213715	οργάνου
5	1	58	2	6	3	1874	2896	47	18	96.481277	του
5	1	58	2	6	4	1931	2891	88	28	16.129211	Νομού
5	1	58	2	6	5	2032	2891	83	24	19.342697	φιοητά
5	1	58	2	6	6	2128	2896	61	19	43.086910	οἴἵτον
5	1	58	2	6	7	2203	2891	106	23	19.055016	2οάτοιεο
5	1	58	2	6	8	2324	2899	49	22	96.475281	της
2	1	59	0	0	0	1665	2927	130	32	-1	
3	1	59	1	0	0	1665	2927	130	32	-1	
4	1	59	1	1	0	1665	2927	130	32	-1	
5	1	59	1	1	1	1665	2927	130	32	81.181480	επαρχύας.
2	1	60	0	0	0	1675	2102	324	3	-1	
3	1	60	1	0	0	1675	2102	324	3	-1	
4	1	60	1	1	0	1675	2102	324	3	-1	
5	1	60	1	1	1	1675	2102	324	3	95.000000	 
2	1	61	0	0	0	1875	2966	290	26	-1	
3	1	61	1	0	0	1875	2966	290	26	-1	
4	1	61	1	1	0	1875	2966	290	26	-1	
5	1	61	1	1	1	1875	2966	157	26	42.938255	ΣΡΑΦΕΙΠΟΙ
5	1	61	1	1	2	2044	2967	121	25	52.543114	ΤΥΠΟΣ.
2	1	62	0	0	0	1699	3021	547	5	-1	
3	1	62	1	0	0	1699	3021	547	5	-1	
4	1	62	1	1	0	1699	3021	547	5	-1	
5	1	62	1	1	1	1699	3021	547	5	95.000000	 
2	1	63	0	0	0	1666	3050	707	51	-1	
3	1	63	1	0	0	1666	3050	707	51	-1	
4	1	63	1	1	0	1666	3050	707	51	-1	
5	1	63	1	1	1	1666	3050	190	51	6.542542	Λὑελύτης
5	1	63	1	1	2	1877	3060	66	34	37.025345	τν
5	1	63	1	1	3	1965	3059	39	35	92.714073	εν
5	1	63	1	1	4	2030	3051	111	43	86.168396	Λιτική
5	1	63	1	1	5	2169	3051	204	44	44.666756	Πελλανιτήν
2	1	64	0	0	0	1662	3137	713	251	-1	
3	1	64	1	0	0	1662	3137	713	137	-1	
4	1	64	1	1	0	1689	3137	686	29	-1	
5	1	64	1	1	1	1689	3137	35	21	92.903580	Το
5	1	64	1	1	2	1740	3137	59	24	73.487823	νέον
5	1	64	1	1	3	1811	3137	162	28	0.000000	Διοωιητωιόάν
5	1	64	1	1	4	1988	3137	144	29	33.693169	Συμµθούλίο
5	1	64	1	1	5	2142	3143	54	17	75.239647	των
5	1	64	1	1	6	2211	3145	29	15	81.498756	εν
5	1	64	1	1	7	2275	3138	100	28	0.000000	Απτιόή,
4	1	64	1	2	0	1662	3173	712	29	-1	
5	1	64	1	2	1	1662	3173	165	24	24.760345	Πελλανμπών
5	1	64	1	2	2	1841	3173	102	29	4.947922	εύχεται
5	1	64	1	2	3	1960	3173	63	23	71.146362	Μάθε
5	1	64	1	2	4	2034	3174	68	28	96.343155	χαρά
5	1	64	1	2	5	2117	3181	44	14	57.153656	ναι
5	1	64	1	2	6	2194	3174	108	28	78.566574	ευπυχία
5	1	64	1	2	7	2328	3180	46	19	67.738022	σπα
4	1	64	1	3	0	1662	3209	707	29	-1	
5	1	64	1	3	1	1662	3209	64	28	92.220917	µέλη
5	1	64	1	3	2	1742	3217	46	14	52.567055	του
5	1	64	1	3	3	1810	3209	139	28	86.060921	Σωλλόγου,
5	1	64	1	3	4	1961	3217	63	21	93.185936	τους
5	1	64	1	3	5	2038	3211	193	27	0.000000	οιλμπατριώπες
5	1	64	1	3	6	2241	3215	47	18	48.185955	οέαι
5	1	64	1	3	7	2301	3216	32	18	43.787643	ἷε
5	1	64	1	3	8	2346	3211	23	21	72.404587	6-
4	1	64	1	4	0	1662	3245	695	29	-1	
5	1	64	1	4	1	1662	3245	62	28	25.752655	Άους
5	1	64	1	4	2	1738	3253	63	20	93.280037	τους
5	1	64	1	4	3	1821	3245	150	29	34.484337	ααπαηταχού
5	1	64	1	4	4	1983	3245	196	29	50.057747	ευρισκοµένους,
5	1	64	1	4	5	2191	3245	166	29	0.000000	Πηελλανήτες.
3	1	64	2	0	0	1715	3281	596	95	-1	
4	1	64	2	1	0	1799	3281	439	29	-1	
5	1	64	2	1	1	1799	3281	44	23	36.699478	Πε
5	1	64	2	1	2	1858	3281	190	29	29.539558	πἰαπριωπωαούς
5	1	64	2	1	3	2058	3281	180	29	23.361115	χιαιρετασμούς
4	1	64	2	2	0	1939	3317	193	24	-1	
5	1	64	2	2	1	1939	3317	51	24	71.185165	Διά
5	1	64	2	2	2	2008	3324	34	14	81.900970	το
5	1	64	2	2	3	2062	3317	70	23	19.470818	4.5.
4	1	64	2	3	0	1711	3327	590	61	-1	
5	1	64	2	3	1	1711	3351	32	37	70.978577	ο,
5	1	64	2	3	2	1752	3327	178	59	14.143784	ΠΡΟΕΔΡΟΣ
5	1	64	2	3	3	1949	3353	12	22	85.841164	-
5	1	64	2	3	4	1979	3353	30	21	82.369423	Δ.
5	1	64	2	3	5	2025	3328	276	60	46.563950	ΜΙΧΑΛΟΠΟΝΛΟΣ
2	1	65	0	0	0	2349	3503	57	7	-1	
3	1	65	1	0	0	2349	3503	57	7	-1	
4	1	65	1	1	0	2349	3503	57	7	-1	
5	1	65	1	1	1	2349	3503	57	7	95.000000	 
2	1	66	0	0	0	2504	3501	70	9	-1	
3	1	66	1	0	0	2504	3501	70	9	-1	
4	1	66	1	1	0	2504	3501	70	9	-1	
5	1	66	1	1	1	2504	3501	70	9	95.000000	 
