page	before	after	folded_from	folded_to
0003a	ΚΡΥΣΠΑΛΛΑ	ΚΡΥΣΤΑΛΛΑ	ΚΡΥΣΠΑΛΛΑ	ΚΡΥΣΤΑΛΛΑ
0004a	Αθανάστου	Αθανάσιου	ΑΘΑΝΑΣΤΟΥ	ΑΘΑΝΑΣΙΟΥ
0004a	Παντολή	Παντελή	ΠΑΝΤΟΛΗ	ΠΑΝΤΕΛΗ
0004a	χορούλα	κορούλα	ΧΟΡΟΥΛΑ	ΚΟΡΟΥΛΑ
0004b	Μίκου	Νίκου	ΜΙΚΟΥ	ΝΙΚΟΥ
0004b	ΘΟΡΤΗΓΟ	ΦΟΡΤΗΓΟ	ΘΟΡΤΗΓΟ	ΦΟΡΤΗΓΟ
0005a	Μίκου	Νίκου	ΜΙΚΟΥ	ΝΙΚΟΥ
0005b	ΜΗΑΛΚΟΝΙ	ΜΠΑΛΚΟΝΙ	ΜΗΑΛΚΟΝΙ	ΜΠΑΛΚΟΝΙ
0005b	ΠΑΝΤΑΣΗΣ	ΠΑΝΤΑΖΗΣ	ΠΑΝΤΑΣΗΣ	ΠΑΝΤΑΖΗΣ
0005b	ΔΗΜΟΣΒΕΝΗΣ	ΔΗΜΟΣΘΕΝΗΣ	ΔΗΜΟΣΒΕΝΗΣ	ΔΗΜΟΣΘΕΝΗΣ
0006b	ΑΝΟΙΖΕΙ	ΑΝΟΙΞΕΙ	ΑΝΟΙΖΕΙ	ΑΝΟΙΞΕΙ
0007a	Γκαρος	Ικαρος	ΓΚΑΡΟΣ	ΙΚΑΡΟΣ
0008a	Κάρις	Χάρις	ΚΑΡΙΣ	ΧΑΡΙΣ
0008b	Τάσκα	Τάσια	ΤΑΣΚΑ	ΤΑΣΙΑ
0008b	τερους	γερους	ΤΕΡΟΥΣ	ΓΕΡΟΥΣ
0009a	Μαυροσιδή	Μαυροειδή	ΜΑΥΡΟΣΙΔΗ	ΜΑΥΡΟΕΙΔΗ
0009a	Μομού	Νομού	ΜΟΜΟΥ	ΝΟΜΟΥ
0009a	ΘΑΡΜΑΚΕΙΟΝ	ΦΑΡΜΑΚΕΙΟΝ	ΘΑΡΜΑΚΕΙΟΝ	ΦΑΡΜΑΚΕΙΟΝ
0009a	Βάνος	Θάνος	ΒΑΝΟΣ	ΘΑΝΟΣ
0009a	Θέκας	Θέιας	ΘΕΚΑΣ	ΘΕΙΑΣ
0009a	Στέρης	Στέγης	ΣΤΕΡΗΣ	ΣΤΕΓΗΣ
0009b	ΤΟΣΣΕΡΙΣ	ΤΕΣΣΕΡΙΣ	ΤΟΣΣΕΡΙΣ	ΤΕΣΣΕΡΙΣ
0009b	Λάκωνος	Λάκωνες	ΛΑΚΩΝΟΣ	ΛΑΚΩΝΕΣ
0009b	Πανταξής	Πανταζής	ΠΑΝΤΑΞΗΣ	ΠΑΝΤΑΖΗΣ
0009b	Λάκωνος	Λάκωνες	ΛΑΚΩΝΟΣ	ΛΑΚΩΝΕΣ
0010b	Τόπες	Τόπος	ΤΟΠΕΣ	ΤΟΠΟΣ
0012b	ΣΕΝΟΔΟΧΕΙΟ	ΞΕΝΟΔΟΧΕΙΟ	ΣΕΝΟΔΟΧΕΙΟ	ΞΕΝΟΔΟΧΕΙΟ
0012b	ΑΓΡΕΣ	ΑΓΙΕΣ	ΑΓΡΕΣ	ΑΓΙΕΣ
0012b	κοιμο	κοινο	ΚΟΙΜΟ	ΚΟΙΝΟ
0012b	νειρα	πειρα	ΝΕΙΡΑ	ΠΕΙΡΑ
0012b	χθροί	χοροί	ΧΘΡΟΙ	ΧΟΡΟΙ
0012b	ΑΝΑΡΝΩΣΤΕΣ	ΑΝΑΓΝΩΣΤΕΣ	ΑΝΑΡΝΩΣΤΕΣ	ΑΝΑΓΝΩΣΤΕΣ
0013b	ΑΠΑΝΤΑΚΟΥ	ΑΠΑΝΤΑΧΟΥ	ΑΠΑΝΤΑΚΟΥ	ΑΠΑΝΤΑΧΟΥ
0014a	πίοτοι	πίστοι	ΠΙΟΤΟΙ	ΠΙΣΤΟΙ
0014b	έφταξε	έφτασε	ΕΦΤΑΞΕ	ΕΦΤΑΣΕ
0014b	ΚΡΥΣΠΑΛΛΑ	ΚΡΥΣΤΑΛΛΑ	ΚΡΥΣΠΑΛΛΑ	ΚΡΥΣΤΑΛΛΑ
0014b	Αρκαία	Αρχαία	ΑΡΚΑΙΑ	ΑΡΧΑΙΑ
0015a	κοπτά	κοντά	ΚΟΠΤΑ	ΚΟΝΤΑ
0015a	σπάρια	σπάρτα	ΣΠΑΡΙΑ	ΣΠΑΡΤΑ
0015b	Δάκωνες	Λάκωνες	ΔΑΚΩΝΕΣ	ΛΑΚΩΝΕΣ
0016b	Δακεδαιμονίων	Λακεδαιμονίων	ΔΑΚΕΔΑΙΜΟΝΙΩΝ	ΛΑΚΕΔΑΙΜΟΝΙΩΝ
0018a	στέρης	στέγης	ΣΤΕΡΗΣ	ΣΤΕΓΗΣ
0018a	ΑΦΙΣΕΙΣ	ΑΦΙΞΕΙΣ	ΑΦΙΣΕΙΣ	ΑΦΙΞΕΙΣ
0018a	ΑΡΜΟΑΙΟΥΣ	ΑΡΜΟΔΙΟΥΣ	ΑΡΜΟΑΙΟΥΣ	ΑΡΜΟΔΙΟΥΣ
0018a	ΧΡΟΜΟΣ	ΧΡΟΝΟΣ	ΧΡΟΜΟΣ	ΧΡΟΝΟΣ
0018a	ΧΡΟΜΟΣ	ΧΡΟΝΟΣ	ΧΡΟΜΟΣ	ΧΡΟΝΟΣ
0018b	Βερείους	Βορείους	ΒΕΡΕΙΟΥΣ	ΒΟΡΕΙΟΥΣ
0019b	άκριθα	άκριβα	ΑΚΡΙΘΑ	ΑΚΡΙΒΑ
0020a	χοριτσάκι	κοριτσάκι	ΧΟΡΙΤΣΑΚΙ	ΚΟΡΙΤΣΑΚΙ
0020a	χοριτσάκι	κοριτσάκι	ΧΟΡΙΤΣΑΚΙ	ΚΟΡΙΤΣΑΚΙ
0020a	χοριτσάκι	κοριτσάκι	ΧΟΡΙΤΣΑΚΙ	ΚΟΡΙΤΣΑΚΙ
0020a	χοριτσάκι	κοριτσάκι	ΧΟΡΙΤΣΑΚΙ	ΚΟΡΙΤΣΑΚΙ
0020a	ΑΦΙΣΕΙΣ	ΑΦΙΞΕΙΣ	ΑΦΙΣΕΙΣ	ΑΦΙΞΕΙΣ
0020a	Διενύσιος	Διονύσιος	ΔΙΕΝΥΣΙΟΣ	ΔΙΟΝΥΣΙΟΣ
0020a	απεδήμησε	αποδήμησε	ΑΠΕΔΗΜΗΣΕ	ΑΠΟΔΗΜΗΣΕ
0021a	ΘΕΥΓΟΥΝ	ΦΕΥΓΟΥΝ	ΘΕΥΓΟΥΝ	ΦΕΥΓΟΥΝ
0022a	στεργική	στοργική	ΣΤΕΡΓΙΚΗ	ΣΤΟΡΓΙΚΗ
0022a	Μέρφης	Μορφης	ΜΕΡΦΗΣ	ΜΟΡΦΗΣ
0022b	Δακωνικού	Λακωνικού	ΔΑΚΩΝΙΚΟΥ	ΛΑΚΩΝΙΚΟΥ
0022b	Δακωνίας	Λακωνίας	ΔΑΚΩΝΙΑΣ	ΛΑΚΩΝΙΑΣ
0022b	Δακωνίας	Λακωνίας	ΔΑΚΩΝΙΑΣ	ΛΑΚΩΝΙΑΣ
0022b	Αίγιες	Αίτιες	ΑΙΓΙΕΣ	ΑΙΤΙΕΣ
0022b	Φυλαίας	Φυλακας	ΦΥΛΑΙΑΣ	ΦΥΛΑΚΑΣ
0022b	θυσιαστική	ουσιαστική	ΘΥΣΙΑΣΤΙΚΗ	ΟΥΣΙΑΣΤΙΚΗ
0024a	ΜΕΤΑΚΟΜΙΞΕΙΣ	ΜΕΤΑΚΟΜΙΣΕΙΣ	ΜΕΤΑΚΟΜΙΞΕΙΣ	ΜΕΤΑΚΟΜΙΣΕΙΣ
0024a	ΦΑΝΑΤΟΙ	ΘΑΝΑΤΟΙ	ΦΑΝΑΤΟΙ	ΘΑΝΑΤΟΙ
0024a	ΛΣΦΑΛΕΙΕΣ	ΑΣΦΑΛΕΙΕΣ	ΛΣΦΑΛΕΙΕΣ	ΑΣΦΑΛΕΙΕΣ
0024b	Δακωνίας	Λακωνίας	ΔΑΚΩΝΙΑΣ	ΛΑΚΩΝΙΑΣ
0024b	Δακωνίας	Λακωνίας	ΔΑΚΩΝΙΑΣ	ΛΑΚΩΝΙΑΣ
0025a	ατρική	αττική	ΑΤΡΙΚΗ	ΑΤΤΙΚΗ
0025a	γραφο	γραφε	ΓΡΑΦΟ	ΓΡΑΦΕ
0025a	ταλία	παλία	ΤΑΛΙΑ	ΠΑΛΙΑ
0027b	Αλειρού	Αλεγρού	ΑΛΕΙΡΟΥ	ΑΛΕΓΡΟΥ
0028a	ΜΕΤΒΑ	ΜΕΤΡΑ	ΜΕΤΒΑ	ΜΕΤΡΑ
0028a	ΜΕΤΒΑ	ΜΕΤΡΑ	ΜΕΤΒΑ	ΜΕΤΡΑ
0028a	Μελάων	Μολάων	ΜΕΛΑΩΝ	ΜΟΛΑΩΝ
0028a	ΑΟΥΤΡΑΚΙΟΥ	ΛΟΥΤΡΑΚΙΟΥ	ΑΟΥΤΡΑΚΙΟΥ	ΛΟΥΤΡΑΚΙΟΥ
0028b	ΑΦΑΝΑΣΙΟΥ	ΑΘΑΝΑΣΙΟΥ	ΑΦΑΝΑΣΙΟΥ	ΑΘΑΝΑΣΙΟΥ
0028b	ΚΑΝΟΥΗ	ΚΑΝΟΥΝ	ΚΑΝΟΥΗ	ΚΑΝΟΥΝ
0029b	Τεωργίου	Γεωργίου	ΤΕΩΡΓΙΟΥ	ΓΕΩΡΓΙΟΥ
0029b	προϊνές	πρωϊνές	ΠΡΟΙΝΕΣ	ΠΡΩΙΝΕΣ
0030a	Καστερίου	Καστορίου	ΚΑΣΤΕΡΙΟΥ	ΚΑΣΤΟΡΙΟΥ
0030a	συνταξιούχες	συνταξιούχος	ΣΥΝΤΑΞΙΟΥΧΕΣ	ΣΥΝΤΑΞΙΟΥΧΟΣ
0030a	Άημου	Δημου	ΑΗΜΟΥ	ΔΗΜΟΥ
0030b	Αθανάστου	Αθανάσιου	ΑΘΑΝΑΣΤΟΥ	ΑΘΑΝΑΣΙΟΥ
0032a	Μεντρεάλ	Μοντρεάλ	ΜΕΝΤΡΕΑΛ	ΜΟΝΤΡΕΑΛ
0032a	ΦΑΝΑΤΟΙ	ΘΑΝΑΤΟΙ	ΦΑΝΑΤΟΙ	ΘΑΝΑΤΟΙ
0032a	Κεντού	Κοντού	ΚΕΝΤΟΥ	ΚΟΝΤΟΥ
0032a	ΑΦΙΣΕΙΣ	ΑΦΙΞΕΙΣ	ΑΦΙΣΕΙΣ	ΑΦΙΞΕΙΣ
0032a	Κεύτσης	Κούτσης	ΚΕΥΤΣΗΣ	ΚΟΥΤΣΗΣ
0032a	Βεύλα	Βούλα	ΒΕΥΛΑ	ΒΟΥΛΑ
0032b	δρόνο	δρόμο	ΔΡΟΝΟ	ΔΡΟΜΟ
0032b	δρόνο	δρόμο	ΔΡΟΝΟ	ΔΡΟΜΟ
0032b	καντά	καυτά	ΚΑΝΤΑ	ΚΑΥΤΑ
0032b	Καστέρι	Καστορι	ΚΑΣΤΕΡΙ	ΚΑΣΤΟΡΙ
0032b	ΕΝΟΙΚΙΑΞΕΤΑΙ	ΕΝΟΙΚΙΑΖΕΤΑΙ	ΕΝΟΙΚΙΑΞΕΤΑΙ	ΕΝΟΙΚΙΑΖΕΤΑΙ
0033a	ΑΗΜΗΤΡΙΟΣ	ΔΗΜΗΤΡΙΟΣ	ΑΗΜΗΤΡΙΟΣ	ΔΗΜΗΤΡΙΟΣ
0034a	Καστέρι	Καστορι	ΚΑΣΤΕΡΙ	ΚΑΣΤΟΡΙ
0034a	Καστέρι	Καστορι	ΚΑΣΤΕΡΙ	ΚΑΣΤΟΡΙ
0034a	Καστέρι	Καστορι	ΚΑΣΤΕΡΙ	ΚΑΣΤΟΡΙ
0034a	Καστέρι	Καστορι	ΚΑΣΤΕΡΙ	ΚΑΣΤΟΡΙ
0034a	ΑΦΙΣΕΙΣ	ΑΦΙΞΕΙΣ	ΑΦΙΣΕΙΣ	ΑΦΙΞΕΙΣ
0034a	ΤΑΖΙΑ	ΤΑΣΙΑ	ΤΑΖΙΑ	ΤΑΣΙΑ
0034a	Καστέρι	Καστορι	ΚΑΣΤΕΡΙ	ΚΑΣΤΟΡΙ
0035a	ΔΡΙΣΤΟΣ	ΑΡΙΣΤΟΣ	ΔΡΙΣΤΟΣ	ΑΡΙΣΤΟΣ
0035a	Άουλο	Άσυλο	ΑΟΥΛΟ	ΑΣΥΛΟ
0035a	Άουλο	Άσυλο	ΑΟΥΛΟ	ΑΣΥΛΟ
0035a	ΣΗΤΗΣ	ΖΗΤΗΣ	ΣΗΤΗΣ	ΖΗΤΗΣ
0035a	Άουλο	Άσυλο	ΑΟΥΛΟ	ΑΣΥΛΟ
0035a	ΚΟΥΤΖΗ	ΚΟΥΤΣΗ	ΚΟΥΤΖΗ	ΚΟΥΤΣΗ
0035b	ΝΕΑΡΣΙ	ΝΕΑΡΟΙ	ΝΕΑΡΣΙ	ΝΕΑΡΟΙ
0036a	Μάργης	Μάρτης	ΜΑΡΓΗΣ	ΜΑΡΤΗΣ
0036a	Στύρος	Σπύρος	ΣΤΥΡΟΣ	ΣΠΥΡΟΣ
0036a	Ρασιά	Τασιά	ΡΑΣΙΑ	ΤΑΣΙΑ
0036a	Ρασιά	Τασιά	ΡΑΣΙΑ	ΤΑΣΙΑ
0036a	ΦΑΝΑΤΟΙ	ΘΑΝΑΤΟΙ	ΦΑΝΑΤΟΙ	ΘΑΝΑΤΟΙ
0036a	ΑΦΙΣΕΙΣ	ΑΦΙΞΕΙΣ	ΑΦΙΣΕΙΣ	ΑΦΙΞΕΙΣ
0037a	Καστέρι	Καστορι	ΚΑΣΤΕΡΙ	ΚΑΣΤΟΡΙ
0037a	Μιχαλεπούλου	Μιχαλοπούλου	ΜΙΧΑΛΕΠΟΥΛΟΥ	ΜΙΧΑΛΟΠΟΥΛΟΥ
0037a	Μιχαλεπούλου	Μιχαλοπούλου	ΜΙΧΑΛΕΠΟΥΛΟΥ	ΜΙΧΑΛΟΠΟΥΛΟΥ
0037a	Μπουή	Μπουν	ΜΠΟΥΗ	ΜΠΟΥΝ
0038b	Σίους	Στους	ΣΙΟΥΣ	ΣΤΟΥΣ
0038b	Καστέρι	Καστορι	ΚΑΣΤΕΡΙ	ΚΑΣΤΟΡΙ
0039a	ΒΟΥΛΙΑΡΜΕΝΗΣ	ΒΟΥΛΙΑΓΜΕΝΗΣ	ΒΟΥΛΙΑΡΜΕΝΗΣ	ΒΟΥΛΙΑΓΜΕΝΗΣ
0039b	Καλλιόνης	Καλλιόπης	ΚΑΛΛΙΟΝΗΣ	ΚΑΛΛΙΟΠΗΣ
0039b	ΑΝΤΩΝ	ΑΥΤΩΝ	ΑΝΤΩΝ	ΑΥΤΩΝ
0041b	ΟΔΟΨΥΧΑ	ΟΛΟΨΥΧΑ	ΟΔΟΨΥΧΑ	ΟΛΟΨΥΧΑ
0042a	Τουρού	Τουτού	ΤΟΥΡΟΥ	ΤΟΥΤΟΥ
0042a	Μέρφης	Μορφης	ΜΕΡΦΗΣ	ΜΟΡΦΗΣ
0042a	ΑΦΙΣΕΙΣ	ΑΦΙΞΕΙΣ	ΑΦΙΣΕΙΣ	ΑΦΙΞΕΙΣ
0042a	Αντών	Αυτών	ΑΝΤΩΝ	ΑΥΤΩΝ
0042a	Ρασιά	Τασιά	ΡΑΣΙΑ	ΤΑΣΙΑ
0044a	μοκράς	μοιράς	ΜΟΚΡΑΣ	ΜΟΙΡΑΣ
0044b	ΣΟΔΕΥΟΥΝ	ΞΟΔΕΥΟΥΝ	ΣΟΔΕΥΟΥΝ	ΞΟΔΕΥΟΥΝ
0045a	Διέρη	Διέτη	ΔΙΕΡΗ	ΔΙΕΤΗ
0045b	ΝΕΑΡΣΙ	ΝΕΑΡΟΙ	ΝΕΑΡΣΙ	ΝΕΑΡΟΙ
0046a	πάτερος	πάτερες	ΠΑΤΕΡΟΣ	ΠΑΤΕΡΕΣ
0046a	Μεσχοβίτης	Μοσχοβίτης	ΜΕΣΧΟΒΙΤΗΣ	ΜΟΣΧΟΒΙΤΗΣ
0046a	Κυρτάκης	Κυριάκης	ΚΥΡΤΑΚΗΣ	ΚΥΡΙΑΚΗΣ
0046b	Δακεδαιμονίων	Λακεδαιμονίων	ΔΑΚΕΔΑΙΜΟΝΙΩΝ	ΛΑΚΕΔΑΙΜΟΝΙΩΝ
0046b	Δακώνες	Λακώνες	ΔΑΚΩΝΕΣ	ΛΑΚΩΝΕΣ
0046b	δόγγο	λόγγο	ΔΟΓΓΟ	ΛΟΓΓΟ
0048a	Καστέρι	Καστορι	ΚΑΣΤΕΡΙ	ΚΑΣΤΟΡΙ
0048a	Καστέρι	Καστορι	ΚΑΣΤΕΡΙ	ΚΑΣΤΟΡΙ
0048a	ΑΦΑΝΑΣΙΟΣ	ΑΘΑΝΑΣΙΟΣ	ΑΦΑΝΑΣΙΟΣ	ΑΘΑΝΑΣΙΟΣ
0049b	Δακεδαιμονίων	Λακεδαιμονίων	ΔΑΚΕΔΑΙΜΟΝΙΩΝ	ΛΑΚΕΔΑΙΜΟΝΙΩΝ
0050b	αχτού	αυτού	ΑΧΤΟΥ	ΑΥΤΟΥ
0050b	δέσποια	δέσποτα	ΔΕΣΠΟΙΑ	ΔΕΣΠΟΤΑ
0050b	κατσίκους	κατοίκους	ΚΑΤΣΙΚΟΥΣ	ΚΑΤΟΙΚΟΥΣ
0051a	ΚΟΥΪΟΣ	ΚΟΥΡΟΣ	ΚΟΥΙΟΣ	ΚΟΥΡΟΣ
0052a	ΕΠΑΣΙΑ	ΕΠΑΞΙΑ	ΕΠΑΣΙΑ	ΕΠΑΞΙΑ
0052a	αεροτόρων	αεροπόρων	ΑΕΡΟΤΟΡΩΝ	ΑΕΡΟΠΟΡΩΝ
0052a	Αεροτόρων	Αεροπόρων	ΑΕΡΟΤΟΡΩΝ	ΑΕΡΟΠΟΡΩΝ
0053a	ΦΑΝΑΤΟΙ	ΘΑΝΑΤΟΙ	ΦΑΝΑΤΟΙ	ΘΑΝΑΤΟΙ
0053a	αμάει	αμάξι	ΑΜΑΕΙ	ΑΜΑΞΙ
0054a	ΣΥΓΚΑΙΡΩ	ΣΥΓΧΑΙΡΩ	ΣΥΓΚΑΙΡΩ	ΣΥΓΧΑΙΡΩ
0054b	ΟΔΟΨΥΧΑ	ΟΛΟΨΥΧΑ	ΟΔΟΨΥΧΑ	ΟΛΟΨΥΧΑ
0055a	ΑΘΙΞΕΙΣ	ΑΦΙΞΕΙΣ	ΑΘΙΞΕΙΣ	ΑΦΙΞΕΙΣ
0055a	Δακεδαιμονίων	Λακεδαιμονίων	ΔΑΚΕΔΑΙΜΟΝΙΩΝ	ΛΑΚΕΔΑΙΜΟΝΙΩΝ
0055b	Λάκωνος	Λάκωνες	ΛΑΚΩΝΟΣ	ΛΑΚΩΝΕΣ
0055b	Λάκωνος	Λάκωνες	ΛΑΚΩΝΟΣ	ΛΑΚΩΝΕΣ
0055b	ΑΕΙΩΜΑΤΙΚΟΣ	ΑΞΙΩΜΑΤΙΚΟΣ	ΑΕΙΩΜΑΤΙΚΟΣ	ΑΞΙΩΜΑΤΙΚΟΣ
0056a	ΑΛΑΜΗΣ	ΑΔΑΜΗΣ	ΑΛΑΜΗΣ	ΑΔΑΜΗΣ
0056a	μαβικά	μαρικά	ΜΑΒΙΚΑ	ΜΑΡΙΚΑ
0056a	Αγκαδία	Αγκαλία	ΑΓΚΑΔΙΑ	ΑΓΚΑΛΙΑ
0056b	ΣΗΤΗΣ	ΖΗΤΗΣ	ΣΗΤΗΣ	ΖΗΤΗΣ
0058a	Λέττα	Λέπτα	ΛΕΤΤΑ	ΛΕΠΤΑ
0058b	δαφνέο	δαφνέσ	ΔΑΦΝΕΟ	ΔΑΦΝΕΣ
0059a	Καστέρι	Καστορι	ΚΑΣΤΕΡΙ	ΚΑΣΤΟΡΙ
0059a	Καστέρι	Καστορι	ΚΑΣΤΕΡΙ	ΚΑΣΤΟΡΙ
0059a	Καστέρι	Καστορι	ΚΑΣΤΕΡΙ	ΚΑΣΤΟΡΙ
0060a	δεκάδος	δεκάδες	ΔΕΚΑΔΟΣ	ΔΕΚΑΔΕΣ
0061a	Μίκου	Νίκου	ΜΙΚΟΥ	ΝΙΚΟΥ
0061a	δόηση	δεηση	ΔΟΗΣΗ	ΔΕΗΣΗ
0061a	δόηση	δεηση	ΔΟΗΣΗ	ΔΕΗΣΗ
0062a	ΑΔΕΥΡΟΥ	ΑΛΕΥΡΟΥ	ΑΔΕΥΡΟΥ	ΑΛΕΥΡΟΥ
0063a	Μίκου	Νίκου	ΜΙΚΟΥ	ΝΙΚΟΥ
0064a	ΤΑΥΤΕΤΟΥ	ΤΑΥΓΕΤΟΥ	ΤΑΥΤΕΤΟΥ	ΤΑΥΓΕΤΟΥ
0064a	Γασία	Τασία	ΓΑΣΙΑ	ΤΑΣΙΑ
0065a	Παντολή	Παντελή	ΠΑΝΤΟΛΗ	ΠΑΝΤΕΛΗ
0065a	Παντολή	Παντελή	ΠΑΝΤΟΛΗ	ΠΑΝΤΕΛΗ
0065a	Φώρης	Φώτης	ΦΩΡΗΣ	ΦΩΤΗΣ
0065a	Κεζάνης	Κοζάνης	ΚΕΖΑΝΗΣ	ΚΟΖΑΝΗΣ
0065a	τόνια	τόπια	ΤΟΝΙΑ	ΤΟΠΙΑ
0066a	Πάιου	Πάγου	ΠΑΙΟΥ	ΠΑΓΟΥ
0067a	Φώρης	Φώτης	ΦΩΡΗΣ	ΦΩΤΗΣ
0067a	ΑΦΙΣΕΙΣ	ΑΦΙΞΕΙΣ	ΑΦΙΣΕΙΣ	ΑΦΙΞΕΙΣ
0067a	εντόλως	εντελως	ΕΝΤΟΛΩΣ	ΕΝΤΕΛΩΣ
0067a	ΑΛΕΥΤΟΥ	ΑΛΕΥΡΟΥ	ΑΛΕΥΤΟΥ	ΑΛΕΥΡΟΥ
0067a	ΓΕΩΡΓΙΤΣΙΔΝΩΝ	ΓΕΩΡΓΙΤΣΙΑΝΩΝ	ΓΕΩΡΓΙΤΣΙΔΝΩΝ	ΓΕΩΡΓΙΤΣΙΑΝΩΝ
0067a	άστρατη	άστραπη	ΑΣΤΡΑΤΗ	ΑΣΤΡΑΠΗ
0068a	πόνες	πόνος	ΠΟΝΕΣ	ΠΟΝΟΣ
0069a	ΑΦΙΣΕΙΣ	ΑΦΙΞΕΙΣ	ΑΦΙΣΕΙΣ	ΑΦΙΞΕΙΣ
0069a	ερτού	εργού	ΕΡΤΟΥ	ΕΡΓΟΥ
0069a	ΑΙΜΗΝΙΑΙΑ	ΔΙΜΗΝΙΑΙΑ	ΑΙΜΗΝΙΑΙΑ	ΔΙΜΗΝΙΑΙΑ
0070a	Ρασιά	Τασιά	ΡΑΣΙΑ	ΤΑΣΙΑ
0071a	μάσεμα	μάζεμα	ΜΑΣΕΜΑ	ΜΑΖΕΜΑ
0071a	Γασία	Τασία	ΓΑΣΙΑ	ΤΑΣΙΑ
0071a	σκόπασε	σκεπασε	ΣΚΟΠΑΣΕ	ΣΚΕΠΑΣΕ
0072a	ΟΛΟΥΥΧΑ	ΟΛΟΨΥΧΑ	ΟΛΟΥΥΧΑ	ΟΛΟΨΥΧΑ
0072a	ΣΠΕΙΛΤΕ	ΣΤΕΙΛΤΕ	ΣΠΕΙΛΤΕ	ΣΤΕΙΛΤΕ
0072a	Λάκωνος	Λάκωνες	ΛΑΚΩΝΟΣ	ΛΑΚΩΝΕΣ
0073a	Μουσίου	Μουστου	ΜΟΥΣΙΟΥ	ΜΟΥΣΤΟΥ
0073a	ούχεται	εύχεται	ΟΥΧΕΤΑΙ	ΕΥΧΕΤΑΙ
0073a	ούχεται	εύχεται	ΟΥΧΕΤΑΙ	ΕΥΧΕΤΑΙ
0073a	κέρης	κορης	ΚΕΡΗΣ	ΚΟΡΗΣ
0073a	ούχεται	εύχεται	ΟΥΧΕΤΑΙ	ΕΥΧΕΤΑΙ
0074a	Λάκκα	Λάικα	ΛΑΚΚΑ	ΛΑΙΚΑ
0074a	ΑΛΔΟΥ	ΑΛΛΟΥ	ΑΛΔΟΥ	ΑΛΛΟΥ
0074a	κατορίνα	κατερίνα	ΚΑΤΟΡΙΝΑ	ΚΑΤΕΡΙΝΑ
0075a	εντυχώς	ευτυχώς	ΕΝΤΥΧΩΣ	ΕΥΤΥΧΩΣ
0075a	ΣΗΤΗΣ	ΖΗΤΗΣ	ΣΗΤΗΣ	ΖΗΤΗΣ
0077a	ΑΘΙΞΕΙΣ	ΑΦΙΞΕΙΣ	ΑΘΙΞΕΙΣ	ΑΦΙΞΕΙΣ
0077a	Διονύστος	Διονύσιος	ΔΙΟΝΥΣΤΟΣ	ΔΙΟΝΥΣΙΟΣ
0078a	ΤΑΛΙΑ	ΠΑΛΙΑ	ΤΑΛΙΑ	ΠΑΛΙΑ
0078a	ΣΤΑΛΙΟΥ	ΣΤΑΔΙΟΥ	ΣΤΑΛΙΟΥ	ΣΤΑΔΙΟΥ
0081a	Ρασιά	Τασιά	ΡΑΣΙΑ	ΤΑΣΙΑ
0082a	ΑΛΔΟΥ	ΑΛΛΟΥ	ΑΛΔΟΥ	ΑΛΛΟΥ
0083a	φαρμακε	φαρμακο	ΦΑΡΜΑΚΕ	ΦΑΡΜΑΚΟ
0085a	αίτινες	ακτινες	ΑΙΤΙΝΕΣ	ΑΚΤΙΝΕΣ
0085a	ΑΛΔΩΝ	ΑΛΛΩΝ	ΑΛΔΩΝ	ΑΛΛΩΝ
0086a	νέμων	νομων	ΝΕΜΩΝ	ΝΟΜΩΝ
0088a	ΟΛΟΥΥΧΑ	ΟΛΟΨΥΧΑ	ΟΛΟΥΥΧΑ	ΟΛΟΨΥΧΑ
0089a	Παντολής	Παντελής	ΠΑΝΤΟΛΗΣ	ΠΑΝΤΕΛΗΣ
0089a	Παντολή	Παντελή	ΠΑΝΤΟΛΗ	ΠΑΝΤΕΛΗ
0089a	Γομάτο	Γεμάτο	ΓΟΜΑΤΟ	ΓΕΜΑΤΟ
0089a	ΕΚΔΕΚΤΟΙ	ΕΚΛΕΚΤΟΙ	ΕΚΔΕΚΤΟΙ	ΕΚΛΕΚΤΟΙ
0090a	Καστέρι	Καστορι	ΚΑΣΤΕΡΙ	ΚΑΣΤΟΡΙ
0090a	Καστέρι	Καστορι	ΚΑΣΤΕΡΙ	ΚΑΣΤΟΡΙ
0090a	δατάνων	δαπάνων	ΔΑΤΑΝΩΝ	ΔΑΠΑΝΩΝ
0091a	Γομάτο	Γεμάτο	ΓΟΜΑΤΟ	ΓΕΜΑΤΟ
0094a	ΑΛΑΜΗΣ	ΑΔΑΜΗΣ	ΑΛΑΜΗΣ	ΑΔΑΜΗΣ
0095a	Τρίβας	Γρίβας	ΤΡΙΒΑΣ	ΓΡΙΒΑΣ
0095a	Δικατερίνη	Αικατερίνη	ΔΙΚΑΤΕΡΙΝΗ	ΑΙΚΑΤΕΡΙΝΗ
0095a	ΓΕΤΟΣ	ΓΕΡΟΣ	ΓΕΤΟΣ	ΓΕΡΟΣ
0097a	Ελέπε	Ελέγε	ΕΛΕΠΕ	ΕΛΕΓΕ
0097a	Μαρούλα	Μαγούλα	ΜΑΡΟΥΛΑ	ΜΑΓΟΥΛΑ
0097a	φιλέξενη	φιλοξενη	ΦΙΛΕΞΕΝΗ	ΦΙΛΟΞΕΝΗ
0098a	Λιονύσιος	Διονύσιος	ΛΙΟΝΥΣΙΟΣ	ΔΙΟΝΥΣΙΟΣ
0098a	Φανάσης	Θανάσης	ΦΑΝΑΣΗΣ	ΘΑΝΑΣΗΣ
0098a	Σάχαρη	Ζάχαρη	ΣΑΧΑΡΗ	ΖΑΧΑΡΗ
0099a	Καστέρι	Καστορι	ΚΑΣΤΕΡΙ	ΚΑΣΤΟΡΙ
0099a	Καστέρι	Καστορι	ΚΑΣΤΕΡΙ	ΚΑΣΤΟΡΙ
0101a	Τρίβα	Γρίβα	ΤΡΙΒΑ	ΓΡΙΒΑ
0101a	Σάβρα	Σάββα	ΣΑΒΡΑ	ΣΑΒΒΑ
0105a	Ταξία	Τασία	ΤΑΞΙΑ	ΤΑΣΙΑ
0105a	Καστέρι	Καστορι	ΚΑΣΤΕΡΙ	ΚΑΣΤΟΡΙ
0106a	πειτα	πειρα	ΠΕΙΤΑ	ΠΕΙΡΑ
0107a	Φυσία	Θυσία	ΦΥΣΙΑ	ΘΥΣΙΑ
0108a	πειτα	πειρα	ΠΕΙΤΑ	ΠΕΙΡΑ
0108a	τελετ	τελει	ΤΕΛΕΤ	ΤΕΛΕΙ
0109a	ΣΥΓΚΑΡΗΤΗΡΙΑ	ΣΥΓΧΑΡΗΤΗΡΙΑ	ΣΥΓΚΑΡΗΤΗΡΙΑ	ΣΥΓΧΑΡΗΤΗΡΙΑ
0109a	θρύση	βρύση	ΘΡΥΣΗ	ΒΡΥΣΗ
0109a	θρύση	βρύση	ΘΡΥΣΗ	ΒΡΥΣΗ
0109a	Φράγκες	Φράγκος	ΦΡΑΓΚΕΣ	ΦΡΑΓΚΟΣ
0110a	Ρασιά	Τασιά	ΡΑΣΙΑ	ΤΑΣΙΑ
0112a	ΝΙΚΡΟ	ΜΙΚΡΟ	ΝΙΚΡΟ	ΜΙΚΡΟ
0114a	δέρνα	δέινα	ΔΕΡΝΑ	ΔΕΙΝΑ
0114a	δέρνα	δέινα	ΔΕΡΝΑ	ΔΕΙΝΑ
0115a	γέρον	ιέρον	ΓΕΡΟΝ	ΙΕΡΟΝ
0115a	λόνης	λόυης	ΛΟΝΗΣ	ΛΟΥΗΣ
0115a	σουμε	ζουμε	ΣΟΥΜΕ	ΖΟΥΜΕ
0115a	ταλία	παλία	ΤΑΛΙΑ	ΠΑΛΙΑ
0117a	όπορα	όποια	ΟΠΟΡΑ	ΟΠΟΙΑ
0118a	πηγαίς	πηγαίο	ΠΗΓΑΙΣ	ΠΗΓΑΙΟ
0119a	Λόγγα	Λόγια	ΛΟΓΓΑ	ΛΟΓΙΑ
0119a	εργολάθος	εργολάβος	ΕΡΓΟΛΑΘΟΣ	ΕΡΓΟΛΑΒΟΣ
0120a	εδοποιία	οδοποιία	ΕΔΟΠΟΙΙΑ	ΟΔΟΠΟΙΙΑ
0120a	εδοποιία	οδοποιία	ΕΔΟΠΟΙΙΑ	ΟΔΟΠΟΙΙΑ
0120a	εδοποιία	οδοποιία	ΕΔΟΠΟΙΙΑ	ΟΔΟΠΟΙΙΑ
0121a	Δυκούργου	Λυκούργου	ΔΥΚΟΥΡΓΟΥ	ΛΥΚΟΥΡΓΟΥ
0122a	κάρει	χάρει	ΚΑΡΕΙ	ΧΑΡΕΙ
0122a	ΡΑΜΟΙ	ΓΑΜΟΙ	ΡΑΜΟΙ	ΓΑΜΟΙ
0122a	Αιούς	Ακούς	ΑΙΟΥΣ	ΑΚΟΥΣ
0123a	ΑΦΙΣΕΙΣ	ΑΦΙΞΕΙΣ	ΑΦΙΣΕΙΣ	ΑΦΙΞΕΙΣ
0126a	τερον	ιερον	ΤΕΡΟΝ	ΙΕΡΟΝ
0126a	τέρου	ιέρου	ΤΕΡΟΥ	ΙΕΡΟΥ
0126a	ΕΠΑΣΙΑ	ΕΠΑΞΙΑ	ΕΠΑΣΙΑ	ΕΠΑΞΙΑ
0127a	σελίδος	σελίδες	ΣΕΛΙΔΟΣ	ΣΕΛΙΔΕΣ
0127a	σελίδος	σελίδες	ΣΕΛΙΔΟΣ	ΣΕΛΙΔΕΣ
0129a	Αμοιραία	Αμοιβαία	ΑΜΟΙΡΑΙΑ	ΑΜΟΙΒΑΙΑ
0129a	ΑΦΙΣΕΙΣ	ΑΦΙΞΕΙΣ	ΑΦΙΣΕΙΣ	ΑΦΙΞΕΙΣ
0129a	Καλλιόνη	Καλλιόπη	ΚΑΛΛΙΟΝΗ	ΚΑΛΛΙΟΠΗ
0130a	κατοχ	κατου	ΚΑΤΟΧ	ΚΑΤΟΥ
0130a	νοιαν	ποιαν	ΝΟΙΑΝ	ΠΟΙΑΝ
0132a	Σκιαλά	Σκιαδά	ΣΚΙΑΛΑ	ΣΚΙΑΔΑ
0134a	ΣΥΝΟΔΟΝ	ΣΥΝΟΛΟΝ	ΣΥΝΟΔΟΝ	ΣΥΝΟΛΟΝ
0134a	Φάρρος	Θάρρος	ΦΑΡΡΟΣ	ΘΑΡΡΟΣ
0134a	Φάρρος	Θάρρος	ΦΑΡΡΟΣ	ΘΑΡΡΟΣ
0137a	Γεωπόνες	Γεωπόνος	ΓΕΩΠΟΝΕΣ	ΓΕΩΠΟΝΟΣ
0138a	Καράλαμπος	Χαράλαμπος	ΚΑΡΑΛΑΜΠΟΣ	ΧΑΡΑΛΑΜΠΟΣ
0138a	Τάνος	Πάνος	ΤΑΝΟΣ	ΠΑΝΟΣ
0138a	Ρασιά	Τασιά	ΡΑΣΙΑ	ΤΑΣΙΑ
0138a	ΑΦΙΣΕΙΣ	ΑΦΙΞΕΙΣ	ΑΦΙΣΕΙΣ	ΑΦΙΞΕΙΣ
0139a	ΤΑΎΤΕΤΟΥ	ΤΑΎΓΕΤΟΥ	ΤΑΥΤΕΤΟΥ	ΤΑΥΓΕΤΟΥ
0140a	ΠΙΑΝΝΑΚΑΚΗΣ	ΓΙΑΝΝΑΚΑΚΗΣ	ΠΙΑΝΝΑΚΑΚΗΣ	ΓΙΑΝΝΑΚΑΚΗΣ
0141a	Γιαπράκος	Γιατράκος	ΓΙΑΠΡΑΚΟΣ	ΓΙΑΤΡΑΚΟΣ
0141a	Κέρης	Κορης	ΚΕΡΗΣ	ΚΟΡΗΣ
0143a	Επίτι	Σπίτι	ΕΠΙΤΙ	ΣΠΙΤΙ
0143a	ΡΑΣΙΑ	ΤΑΣΙΑ	ΡΑΣΙΑ	ΤΑΣΙΑ
0144a	ΠΙΑΝΝΑΚΑΚΗΣ	ΓΙΑΝΝΑΚΑΚΗΣ	ΠΙΑΝΝΑΚΑΚΗΣ	ΓΙΑΝΝΑΚΑΚΗΣ
0148a	Μπαλκένι	Μπαλκονι	ΜΠΑΛΚΕΝΙ	ΜΠΑΛΚΟΝΙ
0148a	Λημήτρη	Δημήτρη	ΛΗΜΗΤΡΗ	ΔΗΜΗΤΡΗ
0148a	Κιώτη	Χιώτη	ΚΙΩΤΗ	ΧΙΩΤΗ
0149a	δόματα	δεματα	ΔΟΜΑΤΑ	ΔΕΜΑΤΑ
0150a	λοφτά	λεφτά	ΛΟΦΤΑ	ΛΕΦΤΑ
0150a	λοφτά	λεφτά	ΛΟΦΤΑ	ΛΕΦΤΑ
0150a	λικες	δικες	ΛΙΚΕΣ	ΔΙΚΕΣ
0150a	λοφτά	λεφτά	ΛΟΦΤΑ	ΛΕΦΤΑ
0150a	λοφτά	λεφτά	ΛΟΦΤΑ	ΛΕΦΤΑ
0150a	καρπές	καρτές	ΚΑΡΠΕΣ	ΚΑΡΤΕΣ
0150a	Μέρφης	Μορφης	ΜΕΡΦΗΣ	ΜΟΡΦΗΣ
0150a	ξώστη	σώστη	ΞΩΣΤΗ	ΣΩΣΤΗ
0150a	ξώστη	σώστη	ΞΩΣΤΗ	ΣΩΣΤΗ
0150a	ξώστη	σώστη	ΞΩΣΤΗ	ΣΩΣΤΗ
0152a	κάμνους	κάμπους	ΚΑΜΝΟΥΣ	ΚΑΜΠΟΥΣ
0155a	αμάδια	αμάλια	ΑΜΑΔΙΑ	ΑΜΑΛΙΑ
0155a	ΑΘΗΝΑΞ	ΑΘΗΝΑΣ	ΑΘΗΝΑΞ	ΑΘΗΝΑΣ
0158a	Διενύσιος	Διονύσιος	ΔΙΕΝΥΣΙΟΣ	ΔΙΟΝΥΣΙΟΣ
0158a	Διενύσιου	Διονύσιου	ΔΙΕΝΥΣΙΟΥ	ΔΙΟΝΥΣΙΟΥ
0158a	Διενύσιος	Διονύσιος	ΔΙΕΝΥΣΙΟΣ	ΔΙΟΝΥΣΙΟΣ
0159a	Αρθανίτης	Αρβανίτης	ΑΡΘΑΝΙΤΗΣ	ΑΡΒΑΝΙΤΗΣ
0159a	ΣΕΧΝΑΜΕ	ΞΕΧΝΑΜΕ	ΣΕΧΝΑΜΕ	ΞΕΧΝΑΜΕ
0159a	Αρθανίτης	Αρβανίτης	ΑΡΘΑΝΙΤΗΣ	ΑΡΒΑΝΙΤΗΣ
0159a	προβυμία	προθυμία	ΠΡΟΒΥΜΙΑ	ΠΡΟΘΥΜΙΑ
0160a	Κάλδος	Κάλλος	ΚΑΛΔΟΣ	ΚΑΛΛΟΣ
0160a	Μολέτης	Μελέτης	ΜΟΛΕΤΗΣ	ΜΕΛΕΤΗΣ
0162a	πορία	πορτα	ΠΟΡΙΑ	ΠΟΡΤΑ
0162a	ΣΥΓΚΑΡΗΤΗΡΙΑ	ΣΥΓΧΑΡΗΤΗΡΙΑ	ΣΥΓΚΑΡΗΤΗΡΙΑ	ΣΥΓΧΑΡΗΤΗΡΙΑ
0162a	ατρική	αττική	ΑΤΡΙΚΗ	ΑΤΤΙΚΗ
0162a	θύσιν	φύσιν	ΘΥΣΙΝ	ΦΥΣΙΝ
0164a	Καστέρι	Καστορι	ΚΑΣΤΕΡΙ	ΚΑΣΤΟΡΙ
0164a	Κέντος	Κοντος	ΚΕΝΤΟΣ	ΚΟΝΤΟΣ
0165a	Σταφή	Εταφή	ΣΤΑΦΗ	ΕΤΑΦΗ
0165a	αδήθεια	αλήθεια	ΑΔΗΘΕΙΑ	ΑΛΗΘΕΙΑ
0165a	ΑΔΕΥΡΟΥ	ΑΛΕΥΡΟΥ	ΑΔΕΥΡΟΥ	ΑΛΕΥΡΟΥ
0168a	Σταμάρης	Σταμάτης	ΣΤΑΜΑΡΗΣ	ΣΤΑΜΑΤΗΣ
0168a	ΔΑΚΩΝΙΑΣ	ΛΑΚΩΝΙΑΣ	ΔΑΚΩΝΙΑΣ	ΛΑΚΩΝΙΑΣ
0169a	Γιαπράκος	Γιατράκος	ΓΙΑΠΡΑΚΟΣ	ΓΙΑΤΡΑΚΟΣ
0169a	πειτα	πειρα	ΠΕΙΤΑ	ΠΕΙΡΑ
0170a	Μέρφης	Μορφης	ΜΕΡΦΗΣ	ΜΟΡΦΗΣ
0171a	Λάκκα	Λάικα	ΛΑΚΚΑ	ΛΑΙΚΑ
0172a	ΤΙΑΝΝΑΚΑΚΗΣ	ΓΙΑΝΝΑΚΑΚΗΣ	ΤΙΑΝΝΑΚΑΚΗΣ	ΓΙΑΝΝΑΚΑΚΗΣ
0172a	ΑΦΙΣΕΙΣ	ΑΦΙΞΕΙΣ	ΑΦΙΣΕΙΣ	ΑΦΙΞΕΙΣ
0172a	γιατρ	γιατι	ΓΙΑΤΡ	ΓΙΑΤΙ
0176a	ΑΦΙΣΕΙΣ	ΑΦΙΞΕΙΣ	ΑΦΙΣΕΙΣ	ΑΦΙΞΕΙΣ
0176a	ΑΝΑΚΩΡΗΣΕΙΣ	ΑΝΑΧΩΡΗΣΕΙΣ	ΑΝΑΚΩΡΗΣΕΙΣ	ΑΝΑΧΩΡΗΣΕΙΣ
0176a	Ματούλα	Μαγούλα	ΜΑΤΟΥΛΑ	ΜΑΓΟΥΛΑ
0176a	όρκον	όικον	ΟΡΚΟΝ	ΟΙΚΟΝ
0176a	ΑΛΛΟΙΕ	ΑΛΛΟΤΕ	ΑΛΛΟΙΕ	ΑΛΛΟΤΕ
0176a	είπαι	είναι	ΕΙΠΑΙ	ΕΙΝΑΙ
0179a	άγχης	άρχης	ΑΓΧΗΣ	ΑΡΧΗΣ
0179a	δεκάδος	δεκάδες	ΔΕΚΑΔΟΣ	ΔΕΚΑΔΕΣ
0179a	Αναρά	Ανδρά	ΑΝΑΡΑ	ΑΝΔΡΑ
0179a	ΑΟΥΤΡΑΚΙΟΥ	ΛΟΥΤΡΑΚΙΟΥ	ΑΟΥΤΡΑΚΙΟΥ	ΛΟΥΤΡΑΚΙΟΥ
0002a	ΑΠΟΡΙΑΝΗ	ΑΓΟΡΙΑΝΗ	ΑΠΟΡΙΑΝΗ	ΑΓΟΡΙΑΝΗ
0005b	Πανταξέλος	Πανταζέλος	ΠΑΝΤΑΞΕΛΟΣ	ΠΑΝΤΑΖΕΛΟΣ
0005b	Μονίδης	Μενίδης	ΜΟΝΙΔΗΣ	ΜΕΝΙΔΗΣ
0005b	ΣΤΟΥΡΔΑΣ	ΣΓΟΥΡΔΑΣ	ΣΤΟΥΡΔΑΣ	ΣΓΟΥΡΔΑΣ
0006b	παλαιπωρία	ταλαιπωρία	ΠΑΛΑΙΠΩΡΙΑ	ΤΑΛΑΙΠΩΡΙΑ
0007b	ΦΟΥΝΤΕΙΧΑ	ΦΟΥΝΤΕΙΚΑ	ΦΟΥΝΤΕΙΧΑ	ΦΟΥΝΤΕΙΚΑ
0009a	Αλούτη	Αλούπη	ΑΛΟΥΤΗ	ΑΛΟΥΠΗ
0009a	Χίλιον	Χίλτον	ΧΙΛΙΟΝ	ΧΙΛΤΟΝ
0009a	Μπόλκα	Μπελκα	ΜΠΟΛΚΑ	ΜΠΕΛΚΑ
0013a	Καδολάρη	Καδελάρη	ΚΑΔΟΛΑΡΗ	ΚΑΔΕΛΑΡΗ
0017a	Εράσιδου	Βράσιδου	ΕΡΑΣΙΔΟΥ	ΒΡΑΣΙΔΟΥ
0017b	ΚΑΘΕΝΤΖΗΣ	ΚΑΦΕΝΤΖΗΣ	ΚΑΘΕΝΤΖΗΣ	ΚΑΦΕΝΤΖΗΣ
0017b	ΠΕΑΛΑΝΑ	ΠΕΛΛΑΝΑ	ΠΕΑΛΑΝΑ	ΠΕΛΛΑΝΑ
0020a	Πατρονικέλα	Πατρονικολα	ΠΑΤΡΟΝΙΚΕΛΑ	ΠΑΤΡΟΝΙΚΟΛΑ
0020a	Μπέγρης	Μπογρης	ΜΠΕΓΡΗΣ	ΜΠΟΓΡΗΣ
0020a	ΓΚΟΥΣΟΥΛΗΣ	ΓΚΟΥΖΟΥΛΗΣ	ΓΚΟΥΣΟΥΛΗΣ	ΓΚΟΥΖΟΥΛΗΣ
0020b	ΠΑΠΑΘΕΟΦΙΔΟΠΟΥΛΟΥ	ΠΑΠΑΘΕΟΦΙΛΟΠΟΥΛΟΥ	ΠΑΠΑΘΕΟΦΙΔΟΠΟΥΛΟΥ	ΠΑΠΑΘΕΟΦΙΛΟΠΟΥΛΟΥ
0022b	Ελεύω	Ελεύθ	ΕΛΕΥΩ	ΕΛΕΥΘ
0025b	ΚΟΡΣΗΣ	ΚΟΡΖΗΣ	ΚΟΡΣΗΣ	ΚΟΡΖΗΣ
0026a	Μπελάνης	Μπολάνης	ΜΠΕΛΑΝΗΣ	ΜΠΟΛΑΝΗΣ
0026b	Βρατοΐνη	Βρατσΐνη	ΒΡΑΤΟΙΝΗ	ΒΡΑΤΣΙΝΗ
0028a	Καράλαμπο	Χαράλαμπο	ΚΑΡΑΛΑΜΠΟ	ΧΑΡΑΛΑΜΠΟ
0030a	Ντέρες	Ντέρος	ΝΤΕΡΕΣ	ΝΤΕΡΟΣ
0030a	Βερίλα	Βορίλα	ΒΕΡΙΛΑ	ΒΟΡΙΛΑ
0031a	ΚΟΡΣΗΣ	ΚΟΡΖΗΣ	ΚΟΡΣΗΣ	ΚΟΡΖΗΣ
0035a	ΡΑΖΙΑ	ΡΑΣΙΑ	ΡΑΖΙΑ	ΡΑΣΙΑ
0035a	ΡΑΖΙΑ	ΡΑΣΙΑ	ΡΑΖΙΑ	ΡΑΣΙΑ
0035a	ΡΑΖΙΑΣ	ΡΑΣΙΑΣ	ΡΑΖΙΑΣ	ΡΑΣΙΑΣ
0035b	ΓΕΩΡΓΙΤΣΙΑΝΣΙ	ΓΕΩΡΓΙΤΣΙΑΝΟΙ	ΓΕΩΡΓΙΤΣΙΑΝΣΙ	ΓΕΩΡΓΙΤΣΙΑΝΟΙ
0035b	ΓΚΟΥΣΟΥΛΗΣ	ΓΚΟΥΖΟΥΛΗΣ	ΓΚΟΥΣΟΥΛΗΣ	ΓΚΟΥΖΟΥΛΗΣ
0035b	ΑΞΕΚΑΣΤΕΣ	ΑΞΕΧΑΣΤΕΣ	ΑΞΕΚΑΣΤΕΣ	ΑΞΕΧΑΣΤΕΣ
0037a	Πετούλα	Ποτούλα	ΠΕΤΟΥΛΑ	ΠΟΤΟΥΛΑ
0045a	ΚΟΡΣΗΣ	ΚΟΡΖΗΣ	ΚΟΡΣΗΣ	ΚΟΡΖΗΣ
0045a	Κορσής	Κορζής	ΚΟΡΣΗΣ	ΚΟΡΖΗΣ
0046b	Παναρ	Παναγ	ΠΑΝΑΡ	ΠΑΝΑΓ
0048a	Κελιώτης	Χελιώτης	ΚΕΛΙΩΤΗΣ	ΧΕΛΙΩΤΗΣ
0051a	ΓΚΟΥΣΟΥΛΗΣ	ΓΚΟΥΖΟΥΛΗΣ	ΓΚΟΥΣΟΥΛΗΣ	ΓΚΟΥΖΟΥΛΗΣ
0052a	ΒΑΣΙΑ	ΒΑΣΙΛ	ΒΑΣΙΑ	ΒΑΣΙΛ
0053a	Αλούτης	Αλούπης	ΑΛΟΥΤΗΣ	ΑΛΟΥΠΗΣ
0053a	Αλούτη	Αλούπη	ΑΛΟΥΤΗ	ΑΛΟΥΠΗ
0053b	ΣΗΡΟΚΑΜΠΙΟΥ	ΞΗΡΟΚΑΜΠΙΟΥ	ΣΗΡΟΚΑΜΠΙΟΥ	ΞΗΡΟΚΑΜΠΙΟΥ
0053b	Αλούτη	Αλούπη	ΑΛΟΥΤΗ	ΑΛΟΥΠΗ
0055a	Μπούσιου	Μπούσκου	ΜΠΟΥΣΙΟΥ	ΜΠΟΥΣΚΟΥ
0057b	ΠΑΡΑΒΑΔΟΣ	ΠΑΡΑΒΑΛΟΣ	ΠΑΡΑΒΑΔΟΣ	ΠΑΡΑΒΑΛΟΣ
0058a	ΚΟΡΣΗΣ	ΚΟΡΖΗΣ	ΚΟΡΣΗΣ	ΚΟΡΖΗΣ
0059a	ΚΙΟΥΜΟΥΡΤΣΑΚΗ	ΚΙΟΥΜΟΥΡΤΖΑΚΗ	ΚΙΟΥΜΟΥΡΤΣΑΚΗ	ΚΙΟΥΜΟΥΡΤΖΑΚΗ
0060a	ΩΡΛΙΩΤΕΡΟ	ΩΡΑΙΩΤΕΡΟ	ΩΡΛΙΩΤΕΡΟ	ΩΡΑΙΩΤΕΡΟ
0064a	ΤΣΑΝΝΕΤΑΚΗΣ	ΤΖΑΝΝΕΤΑΚΗΣ	ΤΣΑΝΝΕΤΑΚΗΣ	ΤΖΑΝΝΕΤΑΚΗΣ
0065a	ΚΕΛΙΩΤΗΣ	ΧΕΛΙΩΤΗΣ	ΚΕΛΙΩΤΗΣ	ΧΕΛΙΩΤΗΣ
0066a	ΤΑΝΝΑΚΑΚΗΣ	ΠΑΝΝΑΚΑΚΗΣ	ΤΑΝΝΑΚΑΚΗΣ	ΠΑΝΝΑΚΑΚΗΣ
0069a	Καραλόμας	Καραλεμας	ΚΑΡΑΛΟΜΑΣ	ΚΑΡΑΛΕΜΑΣ
0071a	ξασφαλίζει	ξασφαλίσει	ΞΑΣΦΑΛΙΖΕΙ	ΞΑΣΦΑΛΙΣΕΙ
0071a	γαπητέ	γαπητο	ΓΑΠΗΤΕ	ΓΑΠΗΤΟ
0071a	Αλούτη	Αλούπη	ΑΛΟΥΤΗ	ΑΛΟΥΠΗ
0075a	ΓΚΟΥΣΟΥΛΗΣ	ΓΚΟΥΖΟΥΛΗΣ	ΓΚΟΥΣΟΥΛΗΣ	ΓΚΟΥΖΟΥΛΗΣ
0075a	ΜΑΓΑΣΙΩΤΗΣ	ΜΑΓΑΖΙΩΤΗΣ	ΜΑΓΑΣΙΩΤΗΣ	ΜΑΓΑΖΙΩΤΗΣ
0077a	Βραϊσίνης	Βρατσίνης	ΒΡΑΙΣΙΝΗΣ	ΒΡΑΤΣΙΝΗΣ
0078a	ΣΤΟΥΡΔΑΣ	ΣΓΟΥΡΔΑΣ	ΣΤΟΥΡΔΑΣ	ΣΓΟΥΡΔΑΣ
0080a	κατοίκι	κατσίκι	ΚΑΤΟΙΚΙ	ΚΑΤΣΙΚΙ
0081a	Λογιανίκο	Λογγανίκο	ΛΟΓΙΑΝΙΚΟ	ΛΟΓΓΑΝΙΚΟ
0083a	Γκάνναρη	Γιάνναρη	ΓΚΑΝΝΑΡΗ	ΓΙΑΝΝΑΡΗ
0083a	κατοικι	κατσικι	ΚΑΤΟΙΚΙ	ΚΑΤΣΙΚΙ
0090a	Νιχάλη	Μιχάλη	ΝΙΧΑΛΗ	ΜΙΧΑΛΗ
0091a	ΔΟΣΟΥΛΑ	ΔΟΞΟΥΛΑ	ΔΟΣΟΥΛΑ	ΔΟΞΟΥΛΑ
0097a	ΚΟΡΣΗΣ	ΚΟΡΖΗΣ	ΚΟΡΣΗΣ	ΚΟΡΖΗΣ
0099a	ΚΟΡΣΗΣ	ΚΟΡΖΗΣ	ΚΟΡΣΗΣ	ΚΟΡΖΗΣ
0099a	Μιλλιές	Μιλλιέξ	ΜΙΛΛΙΕΣ	ΜΙΛΛΙΕΞ
0108a	Βρατοΐνη	Βρατσΐνη	ΒΡΑΤΟΙΝΗ	ΒΡΑΤΣΙΝΗ
0109a	Παράσκης	Παράσχης	ΠΑΡΑΣΚΗΣ	ΠΑΡΑΣΧΗΣ
0110a	Λογιανίκου	Λογγανίκου	ΛΟΓΙΑΝΙΚΟΥ	ΛΟΓΓΑΝΙΚΟΥ
0110a	Λογιανίκο	Λογγανίκο	ΛΟΓΙΑΝΙΚΟ	ΛΟΓΓΑΝΙΚΟ
0110a	Λογιανίκο	Λογγανίκο	ΛΟΓΙΑΝΙΚΟ	ΛΟΓΓΑΝΙΚΟ
0110a	Λογιανίκου	Λογγανίκου	ΛΟΓΙΑΝΙΚΟΥ	ΛΟΓΓΑΝΙΚΟΥ
0114a	Αλούτη	Αλούπη	ΑΛΟΥΤΗ	ΑΛΟΥΠΗ
0117a	ΠΑΠΡΟΝΙΚΟΛΑΣ	ΠΑΤΡΟΝΙΚΟΛΑΣ	ΠΑΠΡΟΝΙΚΟΛΑΣ	ΠΑΤΡΟΝΙΚΟΛΑΣ
0122a	Καραλόμαν	Καραλεμαν	ΚΑΡΑΛΟΜΑΝ	ΚΑΡΑΛΕΜΑΝ
0127a	Βαρφύτσου	Βαρούτσου	ΒΑΡΦΥΤΣΟΥ	ΒΑΡΟΥΤΣΟΥ
0133a	Τοΐχλη	Τσΐχλη	ΤΟΙΧΛΗ	ΤΣΙΧΛΗ
0133a	Γάφος	Τάφος	ΓΑΦΟΣ	ΤΑΦΟΣ
0140a	Πανταξέλος	Πανταζέλος	ΠΑΝΤΑΞΕΛΟΣ	ΠΑΝΤΑΖΕΛΟΣ
0140a	Πανταξέλος	Πανταζέλος	ΠΑΝΤΑΞΕΛΟΣ	ΠΑΝΤΑΖΕΛΟΣ
0144a	ΣΙΟΥΡΔΑΣ	ΣΓΟΥΡΔΑΣ	ΣΙΟΥΡΔΑΣ	ΣΓΟΥΡΔΑΣ
0146a	Παπρονικόλας	Πατρονικόλας	ΠΑΠΡΟΝΙΚΟΛΑΣ	ΠΑΤΡΟΝΙΚΟΛΑΣ
0150a	Βρατοίνη	Βρατσίνη	ΒΡΑΤΟΙΝΗ	ΒΡΑΤΣΙΝΗ
0151a	Λέφος	Λοφος	ΛΕΦΟΣ	ΛΟΦΟΣ
0154a	ΠΑΠΑΤΟΥ	ΠΑΠΑΓΟΥ	ΠΑΠΑΤΟΥ	ΠΑΠΑΓΟΥ
0155a	Καραλόμας	Καραλεμας	ΚΑΡΑΛΟΜΑΣ	ΚΑΡΑΛΕΜΑΣ
0159a	Καλλιμεπούλου	Καλλιμοπούλου	ΚΑΛΛΙΜΕΠΟΥΛΟΥ	ΚΑΛΛΙΜΟΠΟΥΛΟΥ
0160a	Παπρονικόλας	Πατρονικόλας	ΠΑΠΡΟΝΙΚΟΛΑΣ	ΠΑΤΡΟΝΙΚΟΛΑΣ
0162a	Πειρακέικα	Πετρακέικα	ΠΕΙΡΑΚΕΙΚΑ	ΠΕΤΡΑΚΕΙΚΑ
0169a	νεργε	νεργο	ΝΕΡΓΕ	ΝΕΡΓΟ
0170a	Ρομάτος	Γομάτος	ΡΟΜΑΤΟΣ	ΓΟΜΑΤΟΣ
0171a	Καβελλάρη	Καθελλάρη	ΚΑΒΕΛΛΑΡΗ	ΚΑΘΕΛΛΑΡΗ
0172a	Πανταξέλος	Πανταζέλος	ΠΑΝΤΑΞΕΛΟΣ	ΠΑΝΤΑΖΕΛΟΣ
0176a	Καραλόμας	Καραλεμας	ΚΑΡΑΛΟΜΑΣ	ΚΑΡΑΛΕΜΑΣ
0177a	ΑΥΚΟΥΡΕΣΗΣ	ΛΥΚΟΥΡΕΣΗΣ	ΑΥΚΟΥΡΕΣΗΣ	ΛΥΚΟΥΡΕΣΗΣ
