suspect	candidate	pages	second_saw_suspect	second_saw_candidate	verdict	prior_confidence
ΑΛΟΥΤΗ	ΑΛΟΥΠΗ	0009a,0053a,0053b,0071a,0114a	0	5	candidate	medium
ΚΟΡΣΗΣ	ΚΟΡΖΗΣ	0025b,0031a,0045a,0058a,0097a,0099a	0	5	candidate	low
ΠΑΝΤΑΞΕΛΟΣ	ΠΑΝΤΑΖΕΛΟΣ	0005b,0140a,0172a	0	3	candidate	medium
ΛΟΓΙΑΝΙΚΟ	ΛΟΓΓΑΝΙΚΟ	0081a,0110a	0	3	candidate	medium
ΝΤΕΡΕΣ	ΝΤΕΡΟΣ	0030a	0	2	candidate	medium
ΣΙΟΥΡΔΑΣ	ΣΓΟΥΡΔΑΣ	0144a	0	2	candidate	medium
ΚΕΛΙΩΤΗΣ	ΧΕΛΙΩΤΗΣ	0048a,0065a	0	2	candidate	medium
ΠΑΡΑΤΟΝΟ	ΠΑΡΑΠΟΝΟ	0089a,0091a	0	2	candidate	low
ΣΙΩΤΗΣ	ΖΙΩΤΗΣ	0108a,0145a	0	2	candidate	low
ΔΟΣΟΥΛΑ	ΔΟΞΟΥΛΑ	0091a	0	2	candidate	low
ΡΑΓΙΖΟΥΝ	ΡΑΓΙΣΟΥΝ	0105a,0107a	0	2	candidate	low
ΠΕΑΛΑΝΑ	ΠΕΛΛΑΝΑ	0017b	0	1	candidate	medium
ΠΑΝΑΡ	ΠΑΝΑΓ	0046b	0	1	candidate	medium
ΑΠΟΡΙΑΝΗ	ΑΓΟΡΙΑΝΗ	0002a	0	1	candidate	medium
ΓΕΩΡΓΙΤΣΙΑΝΣΙ	ΓΕΩΡΓΙΤΣΙΑΝΟΙ	0035b	0	1	candidate	medium
ΜΠΕΛΑΝΗΣ	ΜΠΟΛΑΝΗΣ	0026a	0	1	candidate	medium
ΓΚΑΝΝΑΡΗ	ΓΙΑΝΝΑΡΗ	0083a	0	1	candidate	medium
ΤΟΙΧΛΗ	ΤΣΙΧΛΗ	0133a	0	1	candidate	medium
ΑΛΟΥΤΗΣ	ΑΛΟΥΠΗΣ	0053a	0	1	candidate	medium
ΩΡΛΙΩΤΕΡΟ	ΩΡΑΙΩΤΕΡΟ	0060a	0	1	candidate	medium
ΓΚΟΥΣΟΥΛΗΣ	ΓΚΟΥΖΟΥΛΗΣ	0020a,0035b,0051a,0075a	0	1	candidate	medium
ΕΛΕΥΩ	ΕΛΕΥΘ	0022b	0	1	candidate	medium
ΜΠΟΛΚΑ	ΜΠΕΛΚΑ	0009a	0	1	candidate	medium
ΕΡΑΣΙΔΟΥ	ΒΡΑΣΙΔΟΥ	0017a	0	1	candidate	medium
ΛΟΓΙΑΝΙΚΟΥ	ΛΟΓΓΑΝΙΚΟΥ	0110a	0	1	candidate	medium
ΠΑΡΑΒΑΔΟΣ	ΠΑΡΑΒΑΛΟΣ	0057b	0	1	candidate	medium
ΒΡΑΙΣΙΝΗΣ	ΒΡΑΤΣΙΝΗΣ	0077a	0	1	candidate	medium
ΡΟΜΑΤΟΣ	ΓΟΜΑΤΟΣ	0170a	0	1	candidate	medium
ΒΑΣΙΑ	ΒΑΣΙΛ	0052a	0	1	candidate	medium
ΣΤΟΥΡΔΑΣ	ΣΓΟΥΡΔΑΣ	0005b,0078a	0	1	candidate	medium
ΑΥΚΟΥΡΕΣΗΣ	ΛΥΚΟΥΡΕΣΗΣ	0177a	0	1	candidate	medium
ΚΑΘΕΝΤΖΗΣ	ΚΑΦΕΝΤΖΗΣ	0017b	0	1	candidate	medium
ΠΕΤΟΥΛΑ	ΠΟΤΟΥΛΑ	0037a	0	1	candidate	medium
ΦΟΥΝΤΕΙΧΑ	ΦΟΥΝΤΕΙΚΑ	0007b	0	1	candidate	medium
ΠΑΤΡΟΝΙΚΕΛΑ	ΠΑΤΡΟΝΙΚΟΛΑ	0020a	0	1	candidate	medium
ΡΑΖΙΑΣ	ΡΑΣΙΑΣ	0035a	0	1	candidate	medium
ΒΕΡΙΛΑ	ΒΟΡΙΛΑ	0030a	0	1	candidate	medium
ΚΑΡΑΛΟΜΑΣ	ΚΑΡΑΛΕΜΑΣ	0069a,0155a,0176a	0	1	candidate	medium
ΚΙΟΥΜΟΥΡΤΣΑΚΗ	ΚΙΟΥΜΟΥΡΤΖΑΚΗ	0059a	0	1	candidate	medium
ΠΑΠΑΘΕΟΦΙΔΟΠΟΥΛΟΥ	ΠΑΠΑΘΕΟΦΙΛΟΠΟΥΛΟΥ	0020b	0	1	candidate	medium
ΓΑΠΗΤΕ	ΓΑΠΗΤΟ	0071a	0	1	candidate	medium
ΒΑΡΦΥΤΣΟΥ	ΒΑΡΟΥΤΣΟΥ	0127a	0	1	candidate	medium
ΠΑΠΡΟΝΙΚΟΛΑΣ	ΠΑΤΡΟΝΙΚΟΛΑΣ	0117a,0146a,0160a	0	1	candidate	medium
ΣΗΡΟΚΑΜΠΙΟΥ	ΞΗΡΟΚΑΜΠΙΟΥ	0053b	0	1	candidate	medium
ΒΡΑΤΟΙΝΗ	ΒΡΑΤΣΙΝΗ	0026b,0108a,0150a	0	1	candidate	medium
ΡΑΖΙΑ	ΡΑΣΙΑ	0035a	0	1	candidate	medium
ΜΟΝΙΔΗΣ	ΜΕΝΙΔΗΣ	0005b	0	1	candidate	medium
ΜΑΓΑΣΙΩΤΗΣ	ΜΑΓΑΖΙΩΤΗΣ	0075a	0	1	candidate	medium
ΜΙΛΛΙΕΣ	ΜΙΛΛΙΕΞ	0099a	0	1	candidate	medium
ΚΑΔΟΛΑΡΗ	ΚΑΔΕΛΑΡΗ	0013a	0	1	candidate	medium
ΠΑΡΑΣΚΗΣ	ΠΑΡΑΣΧΗΣ	0109a	0	1	candidate	medium
ΧΙΛΙΟΝ	ΧΙΛΤΟΝ	0009a	0	1	candidate	medium
ΠΑΠΑΤΟΥ	ΠΑΠΑΓΟΥ	0154a	0	1	candidate	medium
ΓΑΦΟΣ	ΤΑΦΟΣ	0133a	0	1	candidate	medium
ΝΙΧΑΛΗ	ΜΙΧΑΛΗ	0090a	0	1	candidate	medium
ΑΞΕΚΑΣΤΕΣ	ΑΞΕΧΑΣΤΕΣ	0035b	0	1	candidate	medium
ΤΣΑΝΝΕΤΑΚΗΣ	ΤΖΑΝΝΕΤΑΚΗΣ	0064a	0	1	candidate	medium
ΚΑΤΟΙΚΙ	ΚΑΤΣΙΚΙ	0080a,0083a	0	1	candidate	medium
ΠΑΛΑΙΠΩΡΙΑ	ΤΑΛΑΙΠΩΡΙΑ	0006b	0	1	candidate	medium
ΚΑΡΑΛΑΜΠΟ	ΧΑΡΑΛΑΜΠΟ	0028a	0	1	candidate	medium
ΛΕΦΟΣ	ΛΟΦΟΣ	0151a	0	1	candidate	medium
ΣΥΛΛΟΓΕΣ	ΣΥΛΛΟΓΟΣ	0045a	0	1	candidate	low
ΚΑΜΕΙΣ	ΚΑΝΕΙΣ	0079a	0	1	candidate	low
ΠΡΟΠΟ	ΤΡΟΠΟ	0016b	0	1	candidate	low
ΡΑΚΗΣ	ΤΑΚΗΣ	0067a	0	1	candidate	low
ΚΑΜΟΥΝ	ΚΑΝΟΥΝ	0085a	0	1	candidate	low
ΡΟΥΛΑ	ΒΟΥΛΑ	0034a	0	1	candidate	low
ΓΕΝΕΩΝ	ΓΟΝΕΩΝ	0026b,0170a	0	1	candidate	low
ΜΕΤΑΚΟΜΙΖΕΙΣ	ΜΕΤΑΚΟΜΙΣΕΙΣ	0042b	0	1	candidate	low
ΣΗΜΕΙΑ	ΣΗΜΕΡΑ	0003b,0018b,0019b,0020a,0032b,0044b,0070a,0080a,0081a,0098a,0120a,0124a,0143a,0146a,0164a,0168a,0170a,0175a	0	1	candidate	low
ΕΥΓΟΝΙΑ	ΕΥΓΕΝΙΑ	0044a,0069a	0	1	candidate	low
ΞΕΣΤΟ	ΖΕΣΤΟ	0101a	0	1	candidate	low
ΠΕΤΑΣ	ΠΟΤΑΣ	0020a	0	1	candidate	low
ΔΙΑΦΗΜΙΣΕΙ	ΔΙΑΦΗΜΙΖΕΙ	0005a	0	1	candidate	low
ΓΩΝΙΑΣ	ΙΩΝΙΑΣ	0005b	0	1	candidate	low
ΚΑΡΑΛΟΜΑΝ	ΚΑΡΑΛΕΜΑΝ	0122a	0	1	candidate	low
ΑΝΑΤΑΞΗ	ΑΝΑΤΑΣΗ	0104a	0	1	candidate	low
ΔΙΚΑΣΤΙΚΕΣ	ΔΙΚΑΣΤΙΚΟΣ	0162a	0	1	candidate	low
ΤΑΝΝΑΚΑΚΗΣ	ΠΑΝΝΑΚΑΚΗΣ	0066a	0	1	candidate	low
ΜΠΟΥΣΙΟΥ	ΜΠΟΥΣΚΟΥ	0055a	0	1	candidate	low
ΑΠΩΤΕΡΕΣ	ΑΝΩΤΕΡΕΣ	0105a,0107a	0	1	candidate	low
ΚΤΙΣΜΕΝΟ	ΧΤΙΣΜΕΝΟ	0008a,0050b	0	1	candidate	low
ΙΕΡΟΥΣ	ΓΕΡΟΥΣ	0044a,0106a	0	1	candidate	low
ΠΟΝΟΙ	ΤΟΝΟΙ	0002a,0009a,0082a	0	1	candidate	low
ΚΛΟΥΒΙΑ	ΚΛΟΥΘΙΑ	0095a,0150a	0	1	candidate	low
ΒΟΥΛΗΣ	ΡΟΥΛΗΣ	0007a	0	1	candidate	low
ΠΕΙΡΑΚΕΙΚΑ	ΠΕΤΡΑΚΕΙΚΑ	0162a	0	1	candidate	low
ΜΠΕΓΡΗΣ	ΜΠΟΓΡΗΣ	0020a	0	1	candidate	low
ΣΦΑΖΟΥΝ	ΣΦΑΞΟΥΝ	0034a	0	1	candidate	low
ΥΠΟΒΑΘΜΙΣΗ	ΥΠΟΘΑΘΜΙΣΗ	0036b	0	1	candidate	low
ΓΕΜΙΖΕ	ΓΕΜΙΣΕ	0038b	0	1	candidate	low
ΞΑΣΦΑΛΙΖΕΙ	ΞΑΣΦΑΛΙΣΕΙ	0071a	0	1	candidate	low
ΚΑΛΛΙΜΕΠΟΥΛΟΥ	ΚΑΛΛΙΜΟΠΟΥΛΟΥ	0159a	0	1	candidate	low
ΜΗΔΑΜΙΝΕΣ	ΜΗΔΑΜΙΝΟΣ	0105a	0	1	candidate	low
ΝΕΡΓΕ	ΝΕΡΓΟ	0169a	0	1	candidate	low
ΘΥΜΙΖΩ	ΘΥΜΙΣΩ	0122a	0	1	candidate	low
ΣΠΑΘΑΤΟΥ	ΣΤΑΘΑΤΟΥ	0150a	0	1	candidate	low
ΚΑΒΕΛΛΑΡΗ	ΚΑΘΕΛΛΑΡΗ	0171a	0	1	candidate	low
ΧΩΡΙΣ	ΧΩΡΙΟ	0002a,0003b,0004a,0005a,0006b,0007a,0007b,0009a,0010b,0017b,0018b,0019a,0020a,0021a,0022a,0024a,0024b,0026b,0028a,0029b,0030a,0030b,0032b,0033a,0036a,0038b,0042a,0042b,0044a,0044b,0045a,0046b,0047b,0048a,0050b,0051a,0052b,0053a,0054b,0058a,0058b,0059a,0066a,0070a,0075a,0078a,0079a,0081a,0082a,0084a,0087a,0088a,0089a,0090a,0091a,0092a,0094a,0101a,0102a,0103a,0104a,0105a,0107a,0108a,0109a,0112a,0114a,0116a,0117a,0120a,0124a,0127a,0131a,0136a,0138a,0139a,0140a,0142a,0146a,0147a,0149a,0150a,0164a,0165a,0166a,0168a,0170a,0173a,0176a,0177a	97	227	both-seen	low
ΕΤΟΥΣ	ΣΤΟΥΣ	0013a,0020a,0026b,0027a,0028b,0031b,0032b,0033a,0035b,0043b,0044b,0053b,0058a,0061a,0064a,0068a,0069a,0073a,0075a,0084a,0085a,0087a,0097a,0099a,0100a,0134a,0149a,0158a	6	51	both-seen	low
ΕΙΜΑΙ	ΕΙΝΑΙ	0003a,0010b,0016b,0023a,0026b,0027a,0044a,0048a,0054a,0068a,0078a,0079a,0104a,0110a,0119a,0122a,0144a,0166a,0168a,0170a	3	31	both-seen	low
ΧΙΟΝΙΑ	ΧΡΟΝΙΑ	0004b,0022b,0023a,0024b,0031a,0032b,0038b,0042a,0044a,0070a,0139a,0170a	18	19	both-seen	low
ΜΑΤΙΑ	ΜΑΡΙΑ	0004b,0005a,0008a,0014a,0022a,0024b,0026a,0027b,0044a,0064a,0069a,0070a,0074a,0075a,0079a,0081a,0082a,0094a,0101a,0102a,0103a,0105a,0106a,0107a,0121a,0131a,0140a,0141a,0142a,0145a,0149a,0165a,0175a	21	17	both-seen	low
ΜΠΟΡΟ	ΜΠΟΡΕ	0020b,0083a,0106a,0108a,0118a,0126a,0128a,0130a	10	8	both-seen	low
ΚΑΠΟΙΕΣ	ΚΑΠΟΙΟΣ	0030a,0044a,0045a,0046a,0089a,0091a,0097a,0099a,0105a,0106a,0107a	4	5	both-seen	low
ΓΙΑΤΡΕ	ΓΙΑΤΡΟ	0024b,0065a,0067a,0121a,0174a	3	4	both-seen	low
ΟΠΟΙΕΣ	ΟΠΟΙΟΣ	0003a,0003b,0006a,0009a,0027a,0027b,0032b,0036b,0045b,0048a,0051a,0058b,0076a,0094a,0097a,0099a,0100a,0119a,0131a,0149a,0166a,0168a,0170a	12	4	both-seen	low
ΚΟΥΜΠΑΡΟ	ΚΟΥΜΠΑΡΕ	0021a,0119a,0177a	1	4	both-seen	low
ΚΟΙΝΟΤΗΤΟΣ	ΚΟΙΝΟΤΗΤΕΣ	0003b,0007b,0069a,0082a,0108a,0122a,0124a,0134a,0144a,0169a	14	4	both-seen	low
ΑΥΤΕΣ	ΑΥΤΟΣ	0003a,0005b,0007b,0013b,0019a,0021a,0026a,0027a,0028a,0030a,0031b,0032a,0035a,0036b,0039a,0044a,0044b,0045a,0049b,0050b,0051a,0055b,0058b,0076a,0081a,0097a,0099a,0101a,0103a,0105a,0107a,0120a,0121a,0122a,0136a,0161a,0165a,0168a	7	4	both-seen	low
ΚΑΜΕΙ	ΚΑΝΕΙ	0045a,0082a,0173a	1	3	both-seen	low
ΠΡΟΕΔΡΕ	ΠΡΟΕΔΡΟ	0116a,0138a,0168a,0171a	3	3	both-seen	low
ΠΕΙΡΑ	ΠΕΤΡΑ	0003b,0005b,0012b,0013b,0017b,0044a,0052b,0095a,0106a,0108a,0110a,0125a,0169a	7	3	both-seen	low
ΧΑΡΟΣ	ΧΑΡΕΣ	0023a,0024b,0025b,0026b,0044a,0081a,0086a,0140a,0142a	12	3	both-seen	low
ΓΟΝΟΣ	ΓΕΝΟΣ	0101a,0103a	2	2	both-seen	low
ΑΡΧΙΖΕ	ΑΡΧΙΣΕ	0032b,0039a,0057b,0065a,0067a,0102a	2	2	both-seen	low
ΚΑΝΟΝΑ	ΚΑΝΕΝΑ	0027a,0079a,0088a,0101a,0103a	2	2	both-seen	low
ΠΟΛΙΤΙΣΤΙΚΕΣ	ΠΟΛΙΤΙΣΤΙΚΟΣ	0009b,0019b,0028b,0029b,0030b,0095a	3	2	both-seen	low
ΕΣΩΤΕΡΙΚΟ	ΕΞΩΤΕΡΙΚΟ	0003a,0004b,0007a,0007b,0008a,0020a,0024a,0031a,0045a,0050b,0056b,0062a,0073a,0094a,0147a,0177a	1	2	both-seen	low
ΑΓΑΠΗΤΟ	ΑΓΑΠΗΤΕ	0006a,0013a,0014b,0022a,0037a,0039a,0078a,0140a,0142a,0151a,0160a,0161a	3	2	both-seen	low
ΛΕΓΟΥ	ΛΟΓΟΥ	0024a,0091a,0095a,0125a	2	2	both-seen	low
ΚΑΛΕΣ	ΚΑΛΟΣ	0008b,0025a,0030a,0031b,0042a,0044a,0049b,0052a,0060a,0070a,0119a,0153a,0166a,0179a	10	2	both-seen	low
ΕΣΩΤΕΡΙΚΟΥ	ΕΞΩΤΕΡΙΚΟΥ	0006b,0019b,0022b,0027a,0030b,0033a,0035a,0045a,0050b,0058a,0062a,0073a,0077a,0104a,0116a,0124a,0131a,0168a	7	2	both-seen	low
ΡΜΟΔΙΕΣ	ΡΜΟΔΙΟΣ	0025a,0106a	1	2	both-seen	low
ΠΛΑΤΑΝΕΣ	ΠΛΑΤΑΝΟΣ	0016b,0128a	1	1	both-seen	medium
ΜΑΓΙΑ	ΜΑΡΙΑ	0046a,0151a,0173a	1	1	both-seen	low
ΠΗΡΕΣ	ΠΗΓΕΣ	0042b	1	1	both-seen	low
ΧΑΝΕΙ	ΚΑΝΕΙ	0021a,0024b,0146a	3	1	both-seen	low
ΕΧΑΝΑΝ	ΕΚΑΝΑΝ	0041b	1	1	both-seen	low
ΔΑΣΚΑΛΕΣ	ΔΑΣΚΑΛΟΣ	0014b,0015a	1	1	both-seen	low
ΧΑΝΟΥΜΕ	ΚΑΝΟΥΜΕ	0024b,0070a	1	1	both-seen	low
ΦΥΤΕΥΕΙ	ΦΥΤΕΨΕΙ	0137a	1	1	both-seen	low
ΣΠΟΥΔΑΖΕ	ΣΠΟΥΔΑΣΕ	0018a	1	1	both-seen	low
ΑΛΛΟΣ	ΑΛΛΕΣ	0036b,0044b,0048a,0062a,0068a,0076a,0116a,0173a	2	1	both-seen	low
ΠΛΗΓΗ	ΠΛΗΡΗ	0020a,0025a,0081a	4	1	both-seen	low
ΛΟΥΚΑ	ΔΟΥΚΑ	0004b,0069a,0137a,0154a,0159a	3	1	both-seen	low
ΔΗΜΟΣΙΟΣ	ΔΗΜΟΣΙΕΣ	0084a,0148a,0152a	2	1	both-seen	low
ΓΝΩΣΤΕΣ	ΓΝΩΣΤΟΣ	0045b,0055b,0087a	2	1	both-seen	low
ΑΡΩΓΗ	ΑΓΩΓΗ	0030b,0041b,0048a	2	1	both-seen	low
ΠΡΩΙΜΗ	ΠΡΩΙΝΗ	0060a,0179a	2	1	both-seen	low
ΓΝΩΡΙΣΕΙ	ΓΝΩΡΙΖΕΙ	0007a,0061a,0063a,0115a,0116a,0151a	4	1	both-seen	low
ΣΚΕΠΑΣΕΙ	ΣΚΕΠΑΖΕΙ	0028b,0038b,0042a	1	1	both-seen	low
ΣΤΕΡΙΑ	ΣΤΟΡΙΑ	0004b,0020b	1	1	both-seen	low
ΠΡΩΘΥΠΟΥΡΓΕ	ΠΡΩΘΥΠΟΥΡΓΟ	0141a	1	1	both-seen	low
ΠΟΣΕΣ	ΤΟΣΕΣ	0017b,0115a,0149a	2	1	both-seen	low
ΓΕΜΑΤΕΣ	ΓΕΜΑΤΟΣ	0039a,0039b,0052a	1	1	both-seen	low
ΠΡΩΤΕΣ	ΠΡΩΤΟΣ	0004a,0020a,0021a,0022a,0048a,0056b,0057b,0106a,0130a,0146a,0159a,0173a,0177a	1	1	both-seen	low
ΣΙΩΤΗ	ΖΙΩΤΗ	0004b,0006a,0099a	1	1	both-seen	low
ΣΥΜΠΛΗΡΩΘΟ	ΣΥΜΠΛΗΡΩΘΕ	0025a	1	1	both-seen	low
ΝΙΚΗΦΟΡΕ	ΝΙΚΗΦΟΡΟ	0027a	1	1	both-seen	low
ΚΟΝΕΣ	ΚΟΝΟΣ	0071a	1	1	both-seen	low
ΔΙΚΟΣ	ΔΙΚΕΣ	0026a,0038b,0054a,0082a	2	1	both-seen	low
ΦΡΟΝΤΙΖΕ	ΦΡΟΝΤΙΣΕ	0035b,0046a,0174a	1	1	both-seen	low
ΛΑΟΥΣ	ΛΛΟΥΣ	0094a,0102a,0131a,0170a	3	1	both-seen	low
ΑΔΕΛΦΕ	ΑΔΕΛΦΟ	0014b,0024b,0030b,0179a	3	1	both-seen	low
ΦΩΝΑΖΕ	ΦΩΝΑΞΕ	0038b,0118a	1	1	both-seen	low
ΧΟΥΝΕ	ΧΟΥΜΕ	0150a	2	1	both-seen	low
ΜΙΚΡΟΣ	ΜΙΚΡΕΣ	0008a,0010b,0014b,0030a,0031a,0033a,0036a,0069a,0080a,0082a,0087a,0111a,0114a,0139a,0141a,0175a	6	1	both-seen	low
ΕΣΟΔΑ	ΕΞΟΔΑ	0003a,0007b,0009a,0013a,0019a,0036b,0038b,0045b,0073a,0134a,0144a,0148a,0152a	5	1	both-seen	low
ΠΟΙΑΣ	ΠΟΤΑΣ	0044a,0149a,0172a	4	1	both-seen	low
ΝΔΕΧΟΜΕΝΕΣ	ΝΔΕΧΟΜΕΝΟΣ	0162a	1	1	both-seen	low
ΓΕΩΡΓΙΤΣΙΔΝΩΝ	ΓΕΩΡΓΙΤΣΙΑΝΩΝ		0	0	unseen	medium
ΤΙΑΝΝΑΚΑΚΗΣ	ΓΙΑΝΝΑΚΑΚΗΣ		0	0	unseen	medium
ΓΕΛΛΑΝΑ	ΠΕΛΛΑΝΑ	0118a	0	0	unseen	medium
ΠΙΑΝΝΑΚΑΚΗΣ	ΓΙΑΝΝΑΚΑΚΗΣ		0	0	unseen	medium
ΓΙΟΥΖΟΥΛΗ	ΓΚΟΥΖΟΥΛΗ	0098a	0	0	unseen	medium
ΤΣΙΧΑΗΣ	ΤΣΙΧΛΗΣ	0023b	0	0	unseen	medium
ΠΙΑΝΝΑΡΗ	ΓΙΑΝΝΑΡΗ	0087a	0	0	unseen	medium
ΠΑΝΤΑΞΕΛΟΥ	ΠΑΝΤΑΖΕΛΟΥ	0172a	0	0	unseen	medium
ΒΕΡΤΑΔΟΥ	ΒΕΡΓΑΔΟΥ	0133a	0	0	unseen	medium
ΤΕΙΧΛΗ	ΤΣΙΧΛΗ	0137a	0	0	unseen	medium
ΒΟΝΤΟΣ	ΒΟΝΙΟΣ	0162a	0	0	unseen	medium
ΓΚΟΥΣΟΥΛΗ	ΓΚΟΥΖΟΥΛΗ	0022a,0051a	0	0	unseen	medium
ΠΑΡΑΣΚΗ	ΠΑΡΑΣΧΗ	0109a	0	0	unseen	medium
ΡΑΣΙΙΑΣ	ΡΑΣΤΙΑΣ	0148a	0	0	unseen	medium
ΑΔΟΥΠΗΣ	ΑΛΟΥΠΗΣ	0012b	0	0	unseen	medium
ΜΙΧΑΛΕΠΟΥΛΟΣ	ΜΙΧΑΛΟΠΟΥΛΟΣ	0016b	0	0	unseen	medium
ΔΟΓΓΑΝΙΚΟΣ	ΛΟΓΓΑΝΙΚΟΣ	0144a	0	0	unseen	medium
ΛΟΓΤΑΝΙΚΟΣ	ΛΟΓΓΑΝΙΚΟΣ	0078a	0	0	unseen	medium
ΠΑΠΑΒΑΝΑΣΟΠΟΥΛΟΥ	ΠΑΠΑΘΑΝΑΣΟΠΟΥΛΟΥ	0119a	0	0	unseen	medium
ΒΥΝΚΟΥ	ΒΥΝΙΟΥ	0126a	0	0	unseen	medium
ΔΟΓΓΑΝΙΚΟ	ΛΟΓΓΑΝΙΚΟ	0020b	0	0	unseen	medium
ΣΚΡΟΥΜΠΟΛΟΥ	ΣΚΡΟΥΜΠΕΛΟΥ	0062a	0	0	unseen	medium
ΒΟΝΤΟΥ	ΒΟΝΙΟΥ	0113a	0	0	unseen	medium
ΑΠΟΘΑΝΕ	ΑΠΕΘΑΝΕ	0127a	1	0	suspect	medium
ΣΚΡΟΥΜΠΟΛΛΟΥ	ΣΚΡΟΥΜΠΕΛΛΟΥ	0168a	0	0	unseen	medium
ΔΟΓΚΑΝΙΚΟΣ	ΛΟΓΚΑΝΙΚΟΣ	0089a	0	0	unseen	medium
ΧΑΡΙΣΙΟ	ΧΑΡΙΣΤΟ	0013a	0	0	unseen	medium
ΡΑΣΠΙΑΣ	ΡΑΣΤΙΑΣ	0055a,0137a	0	0	unseen	medium
ΛΟΓΙΑΝΙΚΟΣ	ΛΟΓΓΑΝΙΚΟΣ	0008a,0168a	0	0	unseen	medium
ΜΠΙΡΜΠΙΔΗΣ	ΜΠΙΡΜΠΙΛΗΣ	0065a	1	0	suspect	medium
ΝΤΙΜΑ	ΝΤΙΝΑ	0012b	1	0	suspect	medium
ΠΙΑΝΑΡΗ	ΓΙΑΝΑΡΗ	0065a	0	0	unseen	medium
ΠΑΝΤΟΛ	ΠΑΝΤΕΛ	0172a	0	0	unseen	medium
ΒΕΡΤΑΔΕΙΚΑ	ΒΕΡΓΑΔΕΙΚΑ	0067a	0	0	unseen	medium
ΜΑΝΙΣΤΩΤΗΣ	ΜΑΝΙΣΙΩΤΗΣ	0063a	0	0	unseen	medium
ΣΟΧΛΑ	ΣΟΥΛΑ	0002a	0	0	unseen	medium
ΤΕΟΥΜΑΝΑΣ	ΤΣΟΥΜΑΝΑΣ	0077a	0	0	unseen	medium
ΜΠΟΛΚΑΣ	ΜΠΕΛΚΑΣ	0009a,0032b	1	0	suspect	medium
ΜΠΕΛΙΑ	ΜΠΕΛΚΑ	0078a,0172a	1	0	suspect	medium
ΛΟΓΙΑΝΙΚΟΣ	ΛΟΓΚΑΝΙΚΟΣ	0008a,0168a	0	0	unseen	medium
ΛΟΓΧΑΝΙΚΟΥ	ΛΟΓΚΑΝΙΚΟΥ	0027b	0	0	unseen	medium
ΠΑΝΤΑΞΟΠΟΥΛΟΣ	ΠΑΝΤΑΖΟΠΟΥΛΟΣ	0010b	0	0	unseen	medium
ΠΑΠΑΘΑΝΑΣΟΠΟΥΛΕ	ΠΑΠΑΘΑΝΑΣΟΠΟΥΛΟ	0149a	0	0	unseen	medium
ΑΟΓΓΑΝΙΚΟΣ	ΛΟΓΓΑΝΙΚΟΣ	0122a,0146a,0172a	0	0	unseen	medium
ΑΓΟΡΑΝΗ	ΑΓΕΡΑΝΗ	0019a	0	0	unseen	medium
ΚΑΡΑΛΟΜΑ	ΚΑΡΑΛΕΜΑ	0069a	0	0	unseen	medium
ΚΑΡΑΛΕΝΑ	ΚΑΡΑΛΕΜΑ	0098a	0	0	unseen	medium
ΚΟΤΣΟΘΟΛΟΣ	ΚΟΤΣΟΒΟΛΟΣ	0042b	0	0	unseen	medium
ΡΟΜΑΤΟΥ	ΓΟΜΑΤΟΥ	0132a	0	0	unseen	medium
ΚΟΘΙΑΣ	ΚΟΦΙΑΣ	0062a	0	0	unseen	medium
ΠΕΡΙΛΗΣ	ΠΕΡΙΔΗΣ	0049b	0	0	unseen	medium
ΒΑΣΙΑ	ΡΑΣΙΑ	0052a	0	0	unseen	medium
ΠΑΠΑΘΕΟΦΙΔΟΠΟΥΛΟΣ	ΠΑΠΑΘΕΟΦΙΛΟΠΟΥΛΟΣ	0055a	0	0	unseen	medium
ΘΕΟΦΙΛΕΠΟΥΛΟΥ	ΘΕΟΦΙΛΟΠΟΥΛΟΥ	0046a	0	0	unseen	medium
ΛΕΓΚΑΝΙΚΟ	ΛΟΓΚΑΝΙΚΟ	0026a,0105a	0	0	unseen	medium
ΠΑΡΑΣΧΕΠΟΥΛΟΣ	ΠΑΡΑΣΧΟΠΟΥΛΟΣ	0174a	0	0	unseen	medium
ΑΛΕΥΣΗΣ	ΑΛΟΥΣΗΣ	0179a	0	0	unseen	medium
ΚΟΤΣΗΣ	ΚΟΡΣΗΣ	0023a	0	0	unseen	medium
ΜΠΕΛΑΝΝΗ	ΜΠΟΛΑΝΝΗ	0024a	0	0	unseen	medium
ΠΕΛΛΟ	ΠΟΛΛΟ	0042a	0	0	unseen	medium
ΣΚΡΟΥΜΤΕΛΛΟΣ	ΣΚΡΟΥΜΠΕΛΛΟΣ	0060a	0	0	unseen	medium
ΜΕΡΡΗ	ΜΟΡΡΗ	0020a	0	0	unseen	medium
ΕΛΑΧΙΩΤΗ	ΒΛΑΧΙΩΤΗ	0078a	0	0	unseen	medium
ΕΚΕΔΟΥΘΗ	ΕΚΕΔΕΥΘΗ	0062a	0	0	unseen	medium
ΒΟΝΙΟΠΟΥΛΟΥ	ΒΕΝΙΟΠΟΥΛΟΥ	0069a	0	0	unseen	medium
ΚΕΤΡΩΝΙΑ	ΚΟΤΡΩΝΙΑ	0130a	0	0	unseen	medium
ΥΓΕΙΟΥ	ΥΓΕΤΟΥ	0043b,0056b	0	0	unseen	medium
ΡΑΣΠΙΑ	ΡΑΣΤΙΑ	0055a	0	0	unseen	medium
ΟΔΟΥΚΑ	ΟΔΟΥΧΑ	0007b	0	0	unseen	medium
ΛΑΚΟΥΡΤΟΥ	ΛΑΚΟΥΡΓΟΥ	0118a	0	0	unseen	medium
ΚΑΡΑΛΑ	ΚΑΡΑΔΑ	0004a	0	0	unseen	medium
ΣΠΑΡΑΓΤΗΣ	ΣΠΑΡΑΓΓΗΣ	0132a	0	0	unseen	medium
ΞΙΑΡΧΟΣ	ΣΙΑΡΧΟΣ	0121a	1	0	suspect	medium
ΔΑΚΩΝΑΣ	ΛΑΚΩΝΑΣ	0015b	0	0	unseen	medium
ΠΕΤΟΥΛΑΣ	ΠΟΤΟΥΛΑΣ	0022a	0	0	unseen	medium
ΤΟΥΡΖ	ΤΟΥΡΣ	0103a	0	0	unseen	medium
ΤΟΥΡΞ	ΤΟΥΡΣ	0101a	0	0	unseen	medium
ΜΙΧΑΛΕΧΡΗΣ	ΜΙΧΑΛΟΧΡΗΣ	0028a	0	0	unseen	medium
ΓΕΡΟΝ	ΓΕΓΟΝ		0	0	unseen	medium
ΛΟΓΙΑΝΙΚΟ	ΛΟΓΚΑΝΙΚΟ	0081a,0110a	0	0	unseen	medium
ΛΟΓΙΑΝΙΚΟΥ	ΛΟΓΚΑΝΙΚΟΥ	0110a	0	0	unseen	medium
ΓΑΣΙΑ	ΡΑΣΙΑ		0	0	unseen	medium
ΡΙΣΜΕΝΟΣ	ΡΙΣΜΕΝΕΣ	0130a	0	0	unseen	medium
ΤΣΕΡΜΤΑΣ	ΤΣΕΡΜΠΑΣ	0177a	0	0	unseen	medium
ΞΕΡΟΥΜΠΕΛΟΥ	ΣΕΡΟΥΜΠΕΛΟΥ	0006a	0	0	unseen	medium
ΚΟΒΙΑΣ	ΚΟΡΙΑΣ	0132a	0	0	unseen	medium
ΚΕΡΙΑΣ	ΚΟΡΙΑΣ	0019a	0	0	unseen	medium
ΣΩΤΕΡΙΚΟ	ΞΩΤΕΡΙΚΟ	0086a	2	0	suspect	medium
ΒΕΡΔΟΝΙΑΣ	ΒΟΡΔΟΝΙΑΣ	0026b	0	0	unseen	medium
ΓΚΟΥΣΟΥΔΗΣ	ΓΚΟΥΣΟΥΛΗΣ	0031b	0	0	unseen	medium
ΛΑΚΚΟΥΛΕΣ	ΛΑΚΚΟΥΔΕΣ	0130a	0	0	unseen	medium
ΓΚΟΡΤΖΟΛΟΓΟΥ	ΓΚΟΡΤΣΟΛΟΓΟΥ	0144a	0	0	unseen	medium
ΝΙΣΑΜΗΣ	ΝΙΖΑΜΗΣ	0049b	0	0	unseen	medium
ΠΑΠΡΟΠΟΥΛΟΥ	ΠΑΤΡΟΠΟΥΛΟΥ	0052a	0	0	unseen	medium
ΑΛΟΥΤΗΣ	ΑΛΕΥΤΗΣ	0053a	0	0	unseen	medium
ΛΕΓΓΑΝΙΚΟ	ΛΟΓΓΑΝΙΚΟ	0026a,0099a	0	0	unseen	medium
ΑΟΥΤΡΑΚΙΟΥ	ΛΟΥΤΡΑΚΙΟΥ		0	0	unseen	medium
ΠΑΡΑΣΚΟΠΟΥΛΟΣ	ΠΑΡΑΣΧΟΠΟΥΛΟΣ	0065a,0067a	0	0	unseen	medium
ΣΙΑΒΡΑ	ΖΙΑΒΡΑ	0098a	0	0	unseen	medium
ΒΕΡΤΑΔΟΣ	ΒΕΡΓΑΔΟΣ	0133a	0	0	unseen	medium
ΜΙΧΑΛΑΚΟΥ	ΜΙΧΑΛΑΧΟΥ	0009a	0	0	unseen	medium
ΑΟΓΙΑΝΙΚΟΣ	ΑΟΓΓΑΝΙΚΟΣ	0017b	0	0	unseen	medium
ΦΗΜΕΡΙΔΕΣ	ΦΗΜΕΡΙΔΟΣ	0018b	0	0	unseen	medium
ΝΙΚΟΔΟΠΟΥΛΟΣ	ΝΙΚΟΛΟΠΟΥΛΟΣ	0174a	0	0	unseen	medium
ΣΕΝΙΑ	ΣΟΝΙΑ	0034a	0	0	unseen	medium
ΠΑΓΚΟΠΟΥΛΟΣ	ΠΑΙΚΟΠΟΥΛΟΣ	0049a	0	0	unseen	medium
ΔΕΔΟΥΡΗ	ΔΕΔΟΥΤΗ	0148a	0	0	unseen	medium
ΠΑΛΙΚΑ	ΤΑΛΙΚΑ	0065a	0	0	unseen	medium
ΕΝΓΕΙ	ΕΥΓΕΙ	0067a	0	0	unseen	medium
ΕΥΡΕΙ	ΕΥΓΕΙ	0087a	0	0	unseen	medium
ΣΤΑΡΑΓΗΣ	ΣΠΑΡΑΓΗΣ	0129a	0	0	unseen	medium
ΔΟΓΓΑΝΙΚΟΣ	ΑΟΓΓΑΝΙΚΟΣ	0144a	0	0	unseen	medium
ΠΡΟΣΦΟΡΑΝ	ΠΡΟΣΦΕΡΑΝ	0007b,0010b,0085a,0168a	0	0	unseen	medium
ΚΑΤΕΘΑΙΝΕΙ	ΚΑΤΕΒΑΙΝΕΙ	0067a	1	0	suspect	medium
ΜΑΧΑΡΙΤΗ	ΜΑΚΑΡΙΤΗ	0044a	0	0	unseen	medium
ΔΑΚΩΝΙΚΑ	ΛΑΚΩΝΙΚΑ	0016b,0022b	0	0	unseen	medium
ΡΕΥΝΑ	ΡΕΥΜΑ	0018b,0020b	2	0	suspect	medium
ΠΑΡΔΙΚΗ	ΠΑΙΔΙΚΗ	0054a,0162a	0	0	unseen	medium
ΕΞΗΤΗΣΕ	ΕΞΗΓΗΣΕ	0127a,0141a	0	0	unseen	medium
ΦΩΜΑΣ	ΘΩΜΑΣ	0044b	0	0	unseen	medium
ΞΑΔΕΛΦΕΣ	ΞΑΔΕΛΦΟΣ	0083a	0	0	unseen	medium
ΕΥΓΕΙΑ	ΕΥΡΕΙΑ	0005b	0	0	unseen	medium
ΑΜΕΤΗ	ΑΝΕΤΗ	0007a	0	0	unseen	medium
ΕΜΙΛΗΣΕ	ΟΜΙΛΗΣΕ	0121a	0	0	unseen	medium
ΑΣΤΟΡΙΑ	ΑΣΤΕΡΙΑ	0121a	1	0	suspect	medium
ΟΜΙΛΕΣ	ΟΜΙΛΟΣ	0013a	0	0	unseen	medium
ΤΑΓΙΑ	ΤΑΠΙΑ	0008a	0	0	unseen	medium
ΤΕΡΟΥΣ	ΙΕΡΟΥΣ		0	0	unseen	medium
ΔΡΑΖΕΙ	ΔΡΑΣΕΙ	0009b	0	0	unseen	medium
ΚΟΙΜΟ	ΚΟΡΜΟ		0	0	unseen	medium
ΕΞΕΝΥΧΙΣΤΙΚΑ	ΕΞΟΝΥΧΙΣΤΙΚΑ	0160a	0	0	unseen	medium
ΕΡΕΙΣ	ΒΡΕΙΣ	0119a	1	0	suspect	medium
ΘΑΛΟΥΜΕ	ΒΑΛΟΥΜΕ	0031b	0	0	unseen	medium
ΤΑΤΙΑ	ΤΑΠΙΑ	0145a	0	0	unseen	medium
ΔΟΓΑΡΙΑΣΜΩΝ	ΛΟΓΑΡΙΑΣΜΩΝ	0019a	0	0	unseen	medium
ΚΑΓΙΑ	ΚΑΤΙΑ	0113a	1	0	suspect	medium
ΕΛΙΓΟΤΕΡΟ	ΟΛΙΓΟΤΕΡΟ	0020a	0	0	unseen	medium
ΚΕΣΜΑΓΑΠΗΤΟΣ	ΚΟΣΜΑΓΑΠΗΤΟΣ	0020a	0	0	unseen	medium
ΔΗΜΟΤ	ΔΗΜΟΙ	0020b	1	0	suspect	medium
ΕΦΤΑΞΑΝ	ΕΦΤΑΣΑΝ	0022a	0	0	unseen	medium
ΚΕΖΑΝΗ	ΚΟΖΑΝΗ	0022a	0	0	unseen	medium
ΚΑΛΕΓΗΡΟΣ	ΚΑΛΟΓΗΡΟΣ	0023a	0	0	unseen	medium
ΖΟΥΝΟ	ΖΟΥΝΕ	0136a	0	0	unseen	medium
ΘΩΝΗΣ	ΦΩΝΗΣ	0024a	0	0	unseen	medium
ΜΕΡΙΣΤΟ	ΜΕΓΙΣΤΟ	0162a	1	0	suspect	medium
ΕΟΡΤΑΖΟΝΤΟΣ	ΕΟΡΤΑΖΟΝΤΕΣ	0045a	0	0	unseen	medium
ΚΑΝΤΖΗ	ΧΑΝΤΖΗ	0059a	1	0	suspect	medium
ΔΑΚΗΣ	ΛΑΚΗΣ	0028b	0	0	unseen	medium
ΑΠΕΧΩΡΗΣΑΝ	ΑΝΕΧΩΡΗΣΑΝ	0098a	0	0	unseen	medium
ΒΑΝΟΝΤΩΝ	ΘΑΝΟΝΤΩΝ	0035a	0	0	unseen	medium
ΛΑΚΚΕΣ	ΛΑΙΚΕΣ	0035a	0	0	unseen	medium
ΣΗΤΑΜΕ	ΖΗΤΑΜΕ	0036b	0	0	unseen	medium
ΧΙΑΤΟΝ	ΧΙΛΤΟΝ	0049b	0	0	unseen	medium
ΓΚΟΥΛΑ	ΓΙΟΥΛΑ	0045a	0	0	unseen	medium
ΤΡΑΓΜΑΤΩΝ	ΠΡΑΓΜΑΤΩΝ	0130a	0	0	unseen	medium
ΡΟΜΑΤΟΣ	ΡΕΜΑΤΟΣ	0170a	0	0	unseen	medium
ΠΗΓΑΝΙΑ	ΤΗΓΑΝΙΑ	0057b	0	0	unseen	medium
ΑΓΩΝΙΣΤΟΥΝΕ	ΑΓΩΝΙΣΤΟΥΜΕ	0081a	0	0	unseen	medium
ΚΟΙΡΑ	ΚΟΙΤΑ	0144a	0	0	unseen	medium
ΔΟΔΙΑ	ΔΟΛΙΑ	0099a	0	0	unseen	medium
ΚΑΡΠΕΣ	ΚΑΡΠΟΣ		0	0	unseen	medium
ΣΤΑΔΡΑ	ΣΤΑΔΙΑ	0073a	0	0	unseen	medium
ΠΕΡΝΕΙ	ΓΕΡΝΕΙ	0081a	0	0	unseen	medium
ΑΛΩΘΗΤΗ	ΑΛΩΒΗΤΗ	0143a	0	0	unseen	medium
ΦΥΣΙΑ	ΟΥΣΙΑ		0	0	unseen	medium
ΚΑΡΙΚΛΕΙΑΣ	ΧΑΡΙΚΛΕΙΑΣ	0176a	0	0	unseen	medium
ΩΡΑΙΣΤΑΤΗΣ	ΩΡΑΙΟΤΑΤΗΣ	0144a	0	0	unseen	medium
ΚΟΝΙΚΗ	ΙΟΝΙΚΗ	0162a	0	0	unseen	medium
ΚΑΛΑΝΔΡΙ	ΧΑΛΑΝΔΡΙ	0022a,0139a	0	0	unseen	medium
ΣΙΩΤΗ	ΣΙΩΠΗ	0004b,0006a,0099a	1	0	suspect	medium
ΣΩΓΡΑΦΟ	ΖΩΓΡΑΦΟ	0105a,0107a	0	0	unseen	medium
ΚΑΠΙΑ	ΧΑΠΙΑ	0159a	0	0	unseen	medium
ΣΚΑΔΑ	ΣΚΑΛΑ	0006a,0038b,0154a	0	0	unseen	medium
ΛΕΓΟΣ	ΛΟΓΟΣ	0003b,0007a,0008b,0014a,0060a,0077a,0091a,0095a,0118a,0121a,0129a,0136a,0160a,0179a	8	0	suspect	medium
ΓΥΙΟΣ	ΓΥΡΟΣ	0118a,0122a,0150a	3	0	suspect	medium
ΚΑΡΑΛΑΜΠΗ	ΧΑΡΑΛΑΜΠΗ	0024b,0030b,0034a	0	0	unseen	medium
ΑΠΕΧΩΡΗΣΕ	ΑΠΟΧΩΡΗΣΕ	0074a,0140a,0142a	0	0	unseen	medium
ΚΕΡΜΙΑ	ΚΟΡΜΙΑ	0053b,0101a	0	0	unseen	medium
ΚΑΣΙΑΝΗ	ΚΑΣΤΑΝΗ	0101a,0103a	2	0	suspect	medium
ΚΑΠΙΑ	ΚΑΤΙΑ	0159a	0	0	unseen	medium
ΕΦΗΜΕΙΟΥ	ΕΦΗΜΕΡΟΥ	0081a	0	0	unseen	medium
ΣΥΜΠΑΘΕΙΟ	ΣΥΜΠΑΘΕΙΣ	0007b	0	0	unseen	medium
ΤΑΙΤΑ	ΤΑΚΤΑ	0036a	0	0	unseen	medium
ΑΓΡΕΣ	ΑΓΡΟΣ		0	0	unseen	medium
ΑΓΡΕΣ	ΑΙΡΕΣ		0	0	unseen	medium
ΕΦΤΑΞΕΣ	ΕΦΤΑΣΕΣ	0014b	0	0	unseen	medium
ΑΕΙΟΥ	ΑΕΤΟΥ	0014b	0	0	unseen	medium
ΣΠΑΡΙΑ	ΣΤΑΡΙΑ		0	0	unseen	medium
ΚΑΛΑΡΗΣ	ΧΑΛΑΡΗΣ	0027b	0	0	unseen	medium
ΠΙΕΡΟΥ	ΠΤΕΡΟΥ	0022a	1	0	suspect	medium
ΑΠΕΛΕΙΩΤΟ	ΑΤΕΛΕΙΩΤΟ	0024b	0	0	unseen	medium
ΕΡΓΑΣΜΟΣ	ΟΡΓΑΣΜΟΣ	0031a	0	0	unseen	medium
ΝΑΛΛΗΣ	ΠΑΛΛΗΣ	0044a	0	0	unseen	medium
ΚΟΥΙΟΣ	ΚΟΥΤΟΣ		0	0	unseen	medium
ΤΕΚΟΣ	ΤΟΚΟΣ	0037a	0	0	unseen	medium
ΘΥΣΙΑΝ	ΟΥΣΙΑΝ	0058a	0	0	unseen	medium
ΛΕΥΡΑ	ΛΟΥΡΑ	0108a	0	0	unseen	medium
ΒΟΡΓΑ	ΒΟΡΡΑ	0034a	0	0	unseen	medium
ΕΞΟΔΕΙΑ	ΕΣΟΔΕΙΑ	0035a	0	0	unseen	medium
ΛΑΚΚΕΣ	ΛΑΚΚΟΣ	0035a	0	0	unseen	medium
ΖΑΘΡΑ	ΣΑΘΡΑ	0151a	0	0	unseen	medium
ΔΑΧΝΟΙ	ΛΑΧΝΟΙ	0052a	0	0	unseen	medium
ΛΕΓΓΟΣ	ΛΟΓΓΟΣ	0046b	0	0	unseen	medium
ΑΤΡΙΚΟ	ΑΤΤΙΚΟ	0025a	1	0	suspect	medium
ΑΣΤΙΑ	ΑΣΤΡΑ	0142a	0	0	unseen	medium
ΝΕΤΣΑ	ΠΕΤΣΑ	0049a	0	0	unseen	medium
ΓΟΥΜΠΙΝΗ	ΡΟΥΜΠΙΝΗ	0063a	0	0	unseen	medium
ΠΑΙΟΥ	ΠΑΡΟΥ		0	0	unseen	medium
ΔΕΣΠΕ	ΔΕΣΤΕ	0077a	1	0	suspect	medium
ΑΓΝΙΑ	ΑΡΝΙΑ	0079a	0	0	unseen	medium
ΚΟΥΙΟΣ	ΚΟΥΚΟΣ		0	0	unseen	medium
ΚΕΠΑΔΙ	ΚΟΠΑΔΙ	0097a	0	0	unseen	medium
ΑΠΕΧΩΡΗΣΑΝ	ΑΠΟΧΩΡΗΣΑΝ	0098a	0	0	unseen	medium
ΣΑΒΡΑ	ΣΑΘΡΑ		0	0	unseen	medium
ΛΕΥΣΗ	ΛΟΥΣΗ	0106a	0	0	unseen	medium
ΒΑΘΕΙ	ΒΑΦΕΙ	0172a	0	0	unseen	medium
ΠΕΤΕΣ	ΠΟΤΕΣ	0139a	0	0	unseen	medium
ΑΠΕΔΗΜΗΣΑΝ	ΑΠΟΔΗΜΗΣΑΝ	0155a	0	0	unseen	medium
ΤΟΝΕΣ	ΤΟΝΟΣ	0150a	0	0	unseen	medium
ΔΥΜΑΤΩΝ	ΔΥΝΑΤΩΝ	0150a	1	0	suspect	medium
ΝΕΙΡΑ	ΝΕΚΡΑ		0	0	unseen	medium
ΣΠΑΘΕΙ	ΣΤΑΘΕΙ	0170a	0	0	unseen	medium
ΟΔΟΥΣ	ΟΛΟΥΣ	0017a	0	0	unseen	low
ΑΦΗΝΑ	ΑΘΗΝΑ	0009b,0082a	0	0	unseen	low
ΕΠΙΝΑΝ	ΕΓΙΝΑΝ	0009a	0	0	unseen	low
ΜΑΡΚΑ	ΜΑΡΙΑ	0020b	0	0	unseen	low
ΑΠΟΒΙΩΣΕ	ΑΠΕΒΙΩΣΕ	0090a	0	0	unseen	low
ΠΑΝΙΑ	ΠΑΝΤΑ	0071a	1	0	suspect	low
ΑΝΕΚΤΗΣΕ	ΑΠΕΚΤΗΣΕ	0099a	0	0	unseen	low
ΓΟΝΙΚΗ	ΓΕΝΙΚΗ	0091a	0	0	unseen	low
ΚΕΝΤΑ	ΚΟΝΤΑ	0049a	0	0	unseen	low
ΧΑΝΕΙΣ	ΚΑΝΕΙΣ	0020b	1	0	suspect	low
ΚΟΣΜΕ	ΚΟΣΜΟ	0015a	1	0	suspect	low
ΒΑΠΤΙΖΕΙΣ	ΒΑΠΤΙΣΕΙΣ	0037a	0	0	unseen	low
ΠΙΝΕΙ	ΓΙΝΕΙ	0050b,0118a,0147a	3	0	suspect	low
ΤΡΑΦΕΙ	ΓΡΑΦΕΙ	0013a	0	0	unseen	low
ΑΓΕΡΑΚΙ	ΑΓΟΡΑΚΙ	0098a,0121a	0	0	unseen	low
ΧΑΝΟΥΝ	ΚΑΝΟΥΝ	0047b	1	0	suspect	low
ΠΑΛΤΑ	ΠΑΛΙΑ	0139a	1	0	suspect	low
ΕΠΟΥΣ	ΕΤΟΥΣ	0031b	0	0	unseen	low
ΜΙΚΡΕ	ΜΙΚΡΟ	0112a	1	0	suspect	low
ΜΙΚΤΟ	ΜΙΚΡΟ	0073a	0	0	unseen	low
ΝΕΜΟΥ	ΝΟΜΟΥ	0047b,0108a	1	0	suspect	low
ΟΣΦΥΣ	ΟΣΟΥΣ	0044a	0	0	unseen	low
ΣΥΝΟΔΟ	ΣΥΝΟΛΟ	0028b	1	0	suspect	low
ΚΑΙΣΑΡΟΣ	ΚΑΤΣΑΡΟΣ	0176a	0	0	unseen	low
ΠΤΕΡΟΥ	ΝΤΕΡΟΥ	0132a	0	0	unseen	low
ΝΤΟΡΟΥ	ΝΤΕΡΟΥ	0141a	0	0	unseen	low
ΑΡΑΠΗΣ	ΑΓΑΠΗΣ	0164a	1	0	suspect	low
ΕΝΟΧΗ	ΕΠΟΧΗ	0105a	0	0	unseen	low
ΠΕΡΟΥ	ΝΕΡΟΥ	0073a	0	0	unseen	low
ΕΚΑΜΕ	ΕΚΑΝΕ	0022b,0085a	0	0	unseen	low
ΜΟΛΟΣ	ΜΕΛΟΣ	0166a	0	0	unseen	low
ΜΕΓΑΛΕ	ΜΕΓΑΛΟ	0027a,0042b,0108a,0135a	1	0	suspect	low
ΦΕΤΕΣ	ΦΕΤΟΣ	0050b,0117a	2	0	suspect	low
ΑΓΡΟΣ	ΑΓΙΟΣ	0028b	0	0	unseen	low
ΓΕΡΑΣΕ	ΠΕΡΑΣΕ	0046b	0	0	unseen	low
ΛΕΥΤΕΡΗ	ΔΕΥΤΕΡΗ	0014a	0	0	unseen	low
ΤΟΝΟΣ	ΤΟΠΟΣ	0173a	0	0	unseen	low
ΔΕΘΗΚΕ	ΔΟΘΗΚΕ	0053a	1	0	suspect	low
ΦΟΡΕΙ	ΦΕΡΕΙ	0007a	0	0	unseen	low
ΑΠΟΚΤΗΣΕ	ΑΠΕΚΤΗΣΕ	0018a,0062a,0176a	1	0	suspect	low
ΥΠΕΥΘΥΝΕΣ	ΥΠΕΥΘΥΝΟΣ	0026a,0075a,0173a	0	0	unseen	low
ΧΤΙΡΙΟ	ΚΤΙΡΙΟ	0025a	1	0	suspect	low
ΚΟΥΤΟΣ	ΚΟΝΤΟΣ	0028b	0	0	unseen	low
ΚΟΝΤΕΣ	ΚΟΝΤΟΣ	0069a	0	0	unseen	low
ΑΡΧΙΖΑΝ	ΑΡΧΙΣΑΝ	0106a	0	0	unseen	low
ΝΥΚΤΑ	ΝΥΧΤΑ	0084a	1	0	suspect	low
ΜΕΝΟΣ	ΜΟΝΟΣ	0026b	0	0	unseen	low
ΘΕΡΜΟΣ	ΘΕΡΜΕΣ	0002a	0	0	unseen	low
ΚΑΝΟΥΝΕ	ΚΑΝΟΥΜΕ	0003a	1	0	suspect	low
ΝΑΝΟΣ	ΠΑΝΟΣ	0090a	1	0	suspect	low
ΚΑΜΕΝΑ	ΚΑΝΕΝΑ	0120a	0	0	unseen	low
ΕΚΑΜΑΝ	ΕΚΑΝΑΝ	0159a	0	0	unseen	low
ΑΡΙΩΝ	ΑΓΙΩΝ	0074a	0	0	unseen	low
ΑΓΡΩΝ	ΑΓΙΩΝ	0028b	0	0	unseen	low
ΓΕΡΑΣΕΙ	ΠΕΡΑΣΕΙ	0165a	0	0	unseen	low
ΕΧΑΝΕ	ΕΚΑΝΕ	0005a,0014b,0176a	0	0	unseen	low
ΕΛΑΙΑ	ΕΛΑΤΑ	0090a	0	0	unseen	low
ΠΙΣΤΕΨΟΥΜΕ	ΠΙΣΤΕΥΟΥΜΕ	0052a	0	0	unseen	low
ΕΥΧΑΡΙΣΤΗΡΙΕ	ΕΥΧΑΡΙΣΤΗΡΙΟ	0028b	0	0	unseen	low
ΤΑΣΕΩΣ	ΤΑΞΕΩΣ	0106a	1	0	suspect	low
ΠΙΝΟΥΝ	ΓΙΝΟΥΝ	0039b,0115a,0121a	1	0	suspect	low
ΜΗΧΑΝΙΚΕΣ	ΜΗΧΑΝΙΚΟΣ	0144a	1	0	suspect	low
ΕΚΤΙΖΕ	ΕΚΤΙΣΕ	0056b	1	0	suspect	low
ΕΚΛΕΚΤΕΣ	ΕΚΛΕΚΤΟΣ	0078a	0	0	unseen	low
ΦΕΡΕΙΣ	ΦΟΡΕΙΣ	0079a	0	0	unseen	low
ΑΣΙΑΣ	ΑΞΙΑΣ	0125a	1	0	suspect	low
ΛΙΓΟΣ	ΛΙΓΕΣ	0165a	1	0	suspect	low
ΑΙΓΕΣ	ΛΙΓΕΣ	0022b	0	0	unseen	low
ΕΝΤΕΛΗ	ΕΝΤΟΛΗ	0056b	0	0	unseen	low
ΚΩΝΣΤΑΝΤΙΝΕ	ΚΩΝΣΤΑΝΤΙΝΟ	0149a	0	0	unseen	low
ΑΞΥΛΟ	ΑΣΥΛΟ	0053b	0	0	unseen	low
ΑΠΕΦΑΣΙΣΕ	ΑΠΟΦΑΣΙΣΕ	0033a	0	0	unseen	low
ΑΓΕΡΑ	ΑΓΟΡΑ	0054a,0057b	1	0	suspect	low
ΜΑΓΙΑ	ΜΑΤΙΑ	0046a,0151a,0173a	1	0	suspect	low
ΚΤΙΣΗ	ΚΡΙΣΗ	0002a	0	0	unseen	low
ΕΝΟΧΗΣ	ΕΠΟΧΗΣ	0107a	0	0	unseen	low
ΣΚΕΥΗ	ΣΚΕΨΗ	0053a	1	0	suspect	low
ΒΑΣΙΛΕΙΣ	ΒΑΣΙΛΕΙΟ	0045a	1	0	suspect	low
ΧΡΙΣΤΕΣ	ΧΡΙΣΤΟΣ	0148a	0	0	unseen	low
ΜΑΓΙΑΣ	ΜΑΡΙΑΣ	0077a	0	0	unseen	low
ΜΑΡΚΑΣ	ΜΑΡΙΑΣ	0058a	0	0	unseen	low
ΑΝΘΡΩΠΕ	ΑΝΘΡΩΠΟ	0044a	1	0	suspect	low
ΜΙΚΤΗ	ΜΙΚΡΗ	0015b,0026b	1	0	suspect	low
ΠΟΡΙΣΜΑ	ΠΟΤΙΣΜΑ	0045b	0	0	unseen	low
ΤΡΑΦΟΥΝ	ΓΡΑΦΟΥΝ	0089a	0	0	unseen	low
ΣΥΝΕΧΙΖΟΥΜΕ	ΣΥΝΕΧΙΣΟΥΜΕ	0094a	1	0	suspect	low
ΠΑΤΑΣ	ΠΑΠΑΣ	0051a	0	0	unseen	low
ΕΦΗΜΕΡΙΣ	ΕΦΗΜΕΡΙΟ	0008b	0	0	unseen	low
ΡΟΥΛΑ	ΤΟΥΛΑ	0034a	0	0	unseen	low
ΕΚΦΡΑΣΕΙ	ΕΚΦΡΑΖΕΙ	0019b	0	0	unseen	low
ΚΑΝΟΝΑΣ	ΚΑΝΕΝΑΣ	0102a,0148a	0	0	unseen	low
ΟΙΚΟΔΟΜΟΣ	ΟΙΚΟΔΟΜΕΣ	0065a	0	0	unseen	low
ΠΕΡΙΣΣΟΤΕΡΟΣ	ΠΕΡΙΣΣΟΤΕΡΕΣ	0118a	1	0	suspect	low
ΔΙΑΒΑΣΩ	ΔΙΑΒΑΖΩ	0123a	0	0	unseen	low
ΣΥΜΒΟΥΛΕΣ	ΣΥΜΒΟΥΛΟΣ	0043a,0044a,0113a	0	0	unseen	low
ΘΕΛΟΥΝΕ	ΘΕΛΟΥΜΕ	0072a	1	0	suspect	low
ΟΠΟΙΟΥΔΗΠΟΤΕ	ΟΠΟΙΟΝΔΗΠΟΤΕ	0006a	0	0	unseen	low
ΠΕΔΙΑ	ΠΟΔΙΑ	0024b	0	0	unseen	low
ΕΚΦΡΑΣΟΥΜΕ	ΕΚΦΡΑΖΟΥΜΕ	0166a	0	0	unseen	low
ΟΡΑΣΗ	ΦΡΑΣΗ	0046b	0	0	unseen	low
ΕΧΟΥΝΕ	ΕΧΟΥΜΕ	0014b,0046b,0089a,0091a,0136a	0	0	unseen	low
ΛΕΥΚΑΣ	ΛΟΥΚΑΣ	0053a	0	0	unseen	low
ΨΥΧΟΣ	ΨΥΧΕΣ	0015a	0	0	unseen	low
ΠΗΓΑΜΕ	ΠΗΡΑΜΕ	0019a	0	0	unseen	low
ΕΠΑΡΧΕΙΑ	ΕΠΑΡΚΕΙΑ	0072a	0	0	unseen	low
ΚΑΝΑΝΕ	ΚΑΝΑΜΕ	0098a	1	0	suspect	low
ΜΑΡΙΟΣ	ΜΑΡΚΟΣ	0005b	0	0	unseen	low
ΕΧΤΙΣΕ	ΕΚΤΙΣΕ	0061a,0063a	0	0	unseen	low
ΠΟΙΕΣ	ΠΟΙΟΣ	0018b,0057b	0	0	unseen	low
ΦΙΔΙΑ	ΦΙΛΙΑ	0077a	0	0	unseen	low
ΧΗΜΙΚΕΣ	ΧΗΜΙΚΟΣ	0015b	0	0	unseen	low
ΤΟΝΟΣ	ΠΟΝΟΣ	0173a	0	0	unseen	low
ΛΕΠΡΑ	ΛΕΠΤΑ	0044b	1	0	suspect	low
ΘΕΡΜΟΤΑΤΟΣ	ΘΕΡΜΟΤΑΤΕΣ	0088a	0	0	unseen	low
ΑΡΧΕΙ	ΑΡΚΕΙ	0166a	0	0	unseen	low
ΟΜΑΛΑ	ΟΜΑΔΑ	0164a,0175a	0	0	unseen	low
ΚΡΙΝΑ	ΚΡΙΜΑ	0045a,0094a	2	0	suspect	low
ΕΙΧΑΝΕ	ΕΙΧΑΜΕ	0110a,0112a,0123a	0	0	unseen	low
ΠΑΡΑΓΟΝΤΟΣ	ΠΑΡΑΓΟΝΤΕΣ	0009a,0119a	0	0	unseen	low
ΚΥΡΙΕΣ	ΚΥΡΙΟΣ	0046a,0162a	2	0	suspect	low
ΓΥΝΑΙΚΟΣ	ΓΥΝΑΙΚΕΣ	0057b,0085a	1	0	suspect	low
ΜΑΜΗΣ	ΜΑΝΗΣ	0140a,0142a	2	0	suspect	low
ΑΓΡΟΝ	ΑΓΙΟΝ	0065a	0	0	unseen	low
ΛΕΓΑΝΕ	ΛΕΓΑΜΕ	0130a	0	0	unseen	low
ΦΟΡΟΣ	ΦΟΡΕΣ	0086a,0097a,0099a,0130a	2	0	suspect	low
ΚΕΡΙΑ	ΧΕΡΙΑ	0019a,0083a	0	0	unseen	low
ΣΚΟΤΟΥΣ	ΣΚΟΠΟΥΣ	0009a,0015b	0	0	unseen	low
ΦΙΛΕΣ	ΦΙΛΟΣ	0014a,0033a,0059a	1	0	suspect	low
ΑΓΙΕΣ	ΑΓΙΟΣ	0012b,0064a,0087a,0136a,0159a	4	0	suspect	low
ΑΙΩΝΑΣ	ΑΓΩΝΑΣ	0102a,0177a	1	0	suspect	low
ΠΑΝΑΣ	ΠΑΠΑΣ	0049a,0056a	0	0	unseen	low
ΒΟΛΟΣ	ΡΟΛΟΣ	0150a	0	0	unseen	low
ΕΚΦΡΑΣΩ	ΕΚΦΡΑΖΩ	0007b	0	0	unseen	low
ΕΛΠΙΣΟΥΜΕ	ΕΛΠΙΖΟΥΜΕ	0015b	0	0	unseen	low
ΣΤΡΑΤΙΩΤΙΚΕΣ	ΣΤΡΑΤΙΩΤΙΚΟΣ	0136a	1	0	suspect	low
ΔΥΝΑΤΕΣ	ΔΥΝΑΤΟΣ	0173a	0	0	unseen	low
ΠΛΗΓΕΣ	ΠΛΗΡΕΣ	0022b	0	0	unseen	low
ΠΡΟΘΥΜΕΣ	ΠΡΟΘΥΜΟΣ	0075a	0	0	unseen	low
ΕΚΤΙΖΑΝ	ΕΚΤΙΣΑΝ	0019a	0	0	unseen	low
ΠΕΤΑΣ	ΠΕΡΑΣ	0020a	0	0	unseen	low
ΕΥΛΟΓΗΜΕΝΟΣ	ΕΥΛΟΓΗΜΕΝΕΣ	0021a	0	0	unseen	low
ΕΧΤΙΣΑΝ	ΕΚΤΙΣΑΝ	0022b	0	0	unseen	low
ΣΧΗΜΑΤΑ	ΟΧΗΜΑΤΑ	0080a	0	0	unseen	low
ΠΑΝΤΕΣ	ΠΑΝΤΟΣ	0010b,0013b,0035b,0037a,0049a,0085a,0094a	1	0	suspect	low
ΓΟΝΑΤΟΣ	ΓΟΜΑΤΟΣ	0008a,0048a	1	0	suspect	low
ΕΚΕΙΝΕΣ	ΕΚΕΙΝΟΣ	0005a,0027b,0068a	0	0	unseen	low
ΡΕΥΜΑ	ΓΕΥΜΑ	0097a,0099a,0124a,0150a	0	0	unseen	low
ΤΟΣΟΝ	ΠΟΣΟΝ	0025b,0066a,0086a,0131a	4	0	suspect	low
ΜΟΝΑΔΟΣ	ΜΟΝΑΔΕΣ	0026a,0067a	0	0	unseen	low
ΠΑΡΟΥΣΙΑΖΕ	ΠΑΡΟΥΣΙΑΣΕ	0094a,0130a	0	0	unseen	low
ΣΥΣΚΕΥΗ	ΣΥΣΚΕΨΗ	0004b,0061a	0	0	unseen	low
ΟΜΟΡΦΟΣ	ΟΜΟΡΦΕΣ	0042b	0	0	unseen	low
ΠΡΟΗΓΟΥΜΕΝΟΣ	ΠΡΟΗΓΟΥΜΕΝΕΣ	0044b	1	0	suspect	low
ΠΕΙΝΟΥΝ	ΠΕΡΝΟΥΝ	0003a	0	0	unseen	low
ΑΙΩΝΟΣ	ΑΙΩΝΕΣ	0032b	0	0	unseen	low
ΓΕΡΜΑ	ΤΕΡΜΑ	0006a	0	0	unseen	low
ΟΥΡΑΝΕ	ΟΥΡΑΝΟ	0022a	0	0	unseen	low
ΑΠΟΦΑΣΙΖΕΙ	ΑΠΟΦΑΣΙΣΕΙ	0017a	0	0	unseen	low
ΑΚΟΛΟΥΘΕΣ	ΑΚΟΛΟΥΘΟΣ	0039a	0	0	unseen	low
ΑΚΤΕΣ	ΑΚΡΕΣ	0014b	0	0	unseen	low
ΑΙΡΕΣ	ΑΚΡΕΣ	0059a	1	0	suspect	low
ΞΕΝΟΔΟΧΟ	ΞΕΝΟΔΟΧΕ	0039b	0	0	unseen	low
ΟΧΗΜΑ	ΣΧΗΜΑ	0079a	0	0	unseen	low
ΔΙΑΚΟΝΩΝ	ΔΙΑΚΟΠΩΝ	0029b	1	0	suspect	low
ΕΝΔΙΑΦΕΡΟΝΤΕΣ	ΕΝΔΙΑΦΕΡΟΝΤΟΣ	0159a	0	0	unseen	low
ΠΟΛΙΤΙΣΜΕΝΕΣ	ΠΟΛΙΤΙΣΜΕΝΟΣ	0121a	0	0	unseen	low
ΑΡΩΓΟΥΣ	ΑΓΩΓΟΥΣ	0088a	0	0	unseen	low
ΧΟΡΕΥΑΝ	ΧΟΡΕΨΑΝ	0177a	0	0	unseen	low
ΑΠΟΣΠΑΣΗ	ΑΠΟΣΤΑΣΗ	0054a	0	0	unseen	low
ΞΕΧΩΡΙΣΕΙ	ΞΕΧΩΡΙΖΕΙ	0087a	0	0	unseen	low
ΜΟΡΤΗ	ΜΟΡΡΗ	0090a	0	0	unseen	low
ΜΕΡΕΣ	ΜΕΡΟΣ	0009a,0038a,0050b,0082a,0090a,0109a,0110a,0115a,0122a,0136a,0145a,0162a,0172a	7	0	suspect	low
ΝΟΝΟΣ	ΜΟΝΟΣ	0061a,0070a,0089a,0091a	4	0	suspect	low
ΜΟΝΕΣ	ΜΟΝΟΣ	0025a,0026a	1	0	suspect	low
ΚΑΡΑΣ	ΧΑΡΑΣ	0002a	0	0	unseen	low
ΠΡΟΣΦΕΡΕΣ	ΠΡΟΣΦΟΡΕΣ	0042a,0047b	0	0	unseen	low
ΑΝΔΡΟΣ	ΑΝΔΡΕΣ	0047b,0076a	0	0	unseen	low
ΥΠΕΝΘΥΜΙΣΕΙ	ΥΠΕΝΘΥΜΙΖΕΙ	0075a,0170a	0	0	unseen	low
ΟΡΕΙΝΟΣ	ΟΡΕΙΝΕΣ	0053b,0070a	0	0	unseen	low
ΓΝΩΡΙΣΟΥΜΕ	ΓΝΩΡΙΖΟΥΜΕ	0019a,0075a	1	0	suspect	low
ΠΑΓΚΟ	ΠΑΡΚΟ	0014b,0113a	1	0	suspect	low
ΠΗΡΑΝΕ	ΠΗΡΑΜΕ	0069a,0150a	2	0	suspect	low
ΑΥΣΤΗΡΟΣ	ΑΥΣΤΗΡΕΣ	0165a	0	0	unseen	low
ΚΛΕΙΣΤΕ	ΚΛΕΙΣΤΟ	0166a	0	0	unseen	low
ΠΑΛΤΟ	ΠΑΛΙΟ	0018a	0	0	unseen	low
ΑΝΟΙΚΤΟ	ΑΝΟΙΧΤΟ	0015a	0	0	unseen	low
ΦΥΤΕΥΑΝ	ΦΥΤΕΨΑΝ	0025b	0	0	unseen	low
ΣΠΟΥΔΑΣΕΙ	ΣΠΟΥΔΑΖΕΙ	0022a	1	0	suspect	low
ΔΙΑΛΕΚΤΟ	ΔΙΑΛΕΧΤΟ	0151a	0	0	unseen	low
ΑΙΩΝΙΕΣ	ΑΙΩΝΙΟΣ	0026a	0	0	unseen	low
ΜΙΚΤΗΣ	ΜΙΚΡΗΣ	0027a	0	0	unseen	low
ΣΤΑΘΗ	ΣΠΑΘΗ	0024b	0	0	unseen	low
ΧΑΙΡΩΝ	ΚΑΙΡΩΝ	0085a	1	0	suspect	low
ΤΑΙΖΕΙ	ΠΑΙΖΕΙ	0117a	0	0	unseen	low
ΕΥΘΥΜΕΣ	ΕΥΘΥΝΕΣ	0161a	0	0	unseen	low
ΕΓΚΥΚΛΙΕΣ	ΕΓΚΥΚΛΙΟΣ	0114a	0	0	unseen	low
ΚΟΛΩΝΟΣ	ΚΟΛΩΝΕΣ	0098a	0	0	unseen	low
ΠΑΡΟΥ	ΠΑΓΟΥ	0075a	0	0	unseen	low
ΤΣΑΓΚΟΥ	ΤΣΑΓΙΟΥ	0081a	0	0	unseen	low
ΜΟΡΤΗΣ	ΜΟΡΡΗΣ	0162a	0	0	unseen	low
ΕΥΘΥΜΗ	ΕΥΘΥΝΗ	0088a,0125a,0165a	0	0	unseen	low
ΠΟΡΟΣ	ΠΟΙΟΣ	0013b,0019a,0092a,0104a	2	0	suspect	low
ΙΕΡΟΥΣ	ΙΕΡΕΥΣ	0044a,0106a	0	0	unseen	low
ΓΟΝΟΣ	ΠΟΝΟΣ	0101a,0103a	2	0	suspect	low
ΚΟΣΤΙΣΕΙ	ΚΟΣΤΙΖΕΙ	0053a,0173a	1	0	suspect	low
ΕΞΩΤΕΡΙΚΩΝ	ΕΣΩΤΕΡΙΚΩΝ	0058a,0084a,0149a	0	0	unseen	low
ΝΟΝΟΣ	ΝΟΜΟΣ	0061a,0070a,0089a,0091a	4	0	suspect	low
ΑΞΙΕΣ	ΑΞΙΟΣ	0032a,0102a	0	0	unseen	low
ΑΡΧΙΖΟΥΝ	ΑΡΧΙΣΟΥΝ	0087a,0109a	0	0	unseen	low
ΜΑΓΙΚΑ	ΜΑΡΙΚΑ	0101a,0103a	1	0	suspect	low
ΟΥΣΙΑ	ΘΥΣΙΑ	0009a,0149a	0	0	unseen	low
ΓΕΜΑΤΟΥ	ΓΟΜΑΤΟΥ	0030a,0123a	0	0	unseen	low
ΕΙΠΑΝΕ	ΕΙΠΑΜΕ	0164a	0	0	unseen	low
ΓΕΡΑΚΙ	ΓΟΡΑΚΙ	0026b,0055b	2	0	suspect	low
ΜΑΡΙΟΥ	ΜΑΡΚΟΥ	0034a,0070a	0	0	unseen	low
ΞΕΡΟΥΝΕ	ΞΕΡΟΥΜΕ	0150a	1	0	suspect	low
ΚΑΘΟΔΟΥ	ΚΑΘΟΛΟΥ	0038b	0	0	unseen	low
ΡΑΚΗΣ	ΡΑΧΗΣ	0067a	0	0	unseen	low
ΠΕΡΑΣΑΝΕ	ΠΕΡΑΣΑΜΕ	0003a	0	0	unseen	low
ΣΥΝΑΔΕΛΦΕ	ΣΥΝΑΔΕΛΦΟ	0003b	0	0	unseen	low
ΕΞΑΔΕΛΦΕΣ	ΕΞΑΔΕΛΦΟΣ	0171a	0	0	unseen	low
ΑΠΕΘΕΣΕ	ΑΝΕΘΕΣΕ	0073a	0	0	unseen	low
ΤΡΟΦΟΣ	ΤΡΟΦΕΣ	0021a	1	0	suspect	low
ΑΞΕΧΑΣΤΕ	ΑΞΕΧΑΣΤΟ	0008b	0	0	unseen	low
ΣΤΕΝΕΣ	ΣΤΕΝΟΣ	0009a	1	0	suspect	low
ΔΕΥΤΕΡΗΣ	ΛΕΥΤΕΡΗΣ	0120a	0	0	unseen	low
ΕΠΟΙΚΟΔΟΜΗΤΙΚΟΣ	ΕΠΟΙΚΟΔΟΜΗΤΙΚΕΣ	0045a	0	0	unseen	low
ΚΑΤΑΠΛΗΚΤΕΣ	ΚΑΤΑΠΛΗΚΤΟΣ	0075a	0	0	unseen	low
ΕΤΗΣΙΕΣ	ΕΤΗΣΙΟΣ	0025b	0	0	unseen	low
ΡΗΜΑΤΑ	ΒΗΜΑΤΑ	0020b	1	0	suspect	low
ΣΗΜΕΡΙΝΟΣ	ΣΗΜΕΡΙΝΕΣ	0123a	0	0	unseen	low
ΝΟΜΙΜΟΣ	ΝΟΜΙΜΕΣ	0039a	0	0	unseen	low
ΔΙΑΒΑΖΑ	ΔΙΑΒΑΣΑ	0068a	0	0	unseen	low
ΑΧΑΡΑ	ΑΧΑΙΑ	0017b	0	0	unseen	low
ΙΣΧΥΡΟΣ	ΙΣΧΥΡΕΣ	0019a	0	0	unseen	low
ΣΩΣΤΕΣ	ΣΩΣΤΟΣ	0019b	1	0	suspect	low
ΔΥΣΚΟΛΟΣ	ΔΥΣΚΟΛΕΣ	0019b	1	0	suspect	low
ΧΡΗΣΙΜΟΣ	ΧΡΗΣΙΜΕΣ	0164a	0	0	unseen	low
ΜΠΟΡΕΣ	ΜΠΟΡΟΣ	0023a	0	0	unseen	low
ΠΟΤΙΣΟΥΝ	ΠΟΤΙΖΟΥΝ	0039b	0	0	unseen	low
ΓΟΝΟΙ	ΤΟΝΟΙ	0106a	1	0	suspect	low
ΑΝΕΨΙΕΣ	ΑΝΕΨΙΟΣ	0036a	0	0	unseen	low
ΝΟΝΕΣ	ΜΟΝΕΣ	0063a	0	0	unseen	low
ΦΩΤΙΣΕΙ	ΦΩΤΙΖΕΙ	0025b	0	0	unseen	low
ΩΡΑΙΟΤΑΤΟΣ	ΩΡΑΙΟΤΑΤΕΣ	0058b	0	0	unseen	low
ΤΕΛΕΥΤΑΙΟΣ	ΤΕΛΕΥΤΑΙΕΣ	0127a	0	0	unseen	low
ΔΥΣΕΙ	ΛΥΣΕΙ	0044a	1	0	suspect	low
ΔΟΥΛΕΨΟΥΝ	ΔΟΥΛΕΥΟΥΝ	0091a	0	0	unseen	low
ΣΤΑΘΗΣ	ΣΠΑΘΗΣ	0038b	0	0	unseen	low
ΛΑΚΚΟΙ	ΛΑΙΚΟΙ	0034a	0	0	unseen	low
ΛΟΦΙΑ	ΛΟΦΤΑ	0035a	0	0	unseen	low
ΙΣΤΟΡΙΚΕΣ	ΙΣΤΟΡΙΚΟΣ	0055b	0	0	unseen	low
ΔΕΥΤΕΡΕΣ	ΔΕΥΤΕΡΟΣ	0050b	1	0	suspect	low
ΜΕΛΛΟΝΤΕΣ	ΜΕΛΛΟΝΤΟΣ	0138a	0	0	unseen	low
ΡΟΥΛΑΣ	ΤΟΥΛΑΣ	0077a	0	0	unseen	low
ΠΟΥΛΑΣ	ΤΟΥΛΑΣ	0046b	0	0	unseen	low
ΕΛΑΦΙΑ	ΕΛΑΦΡΑ	0108a	0	0	unseen	low
ΑΡΠΑΖΑΝ	ΑΡΠΑΞΑΝ	0067a	0	0	unseen	low
ΝΟΝΕΣ	ΝΟΝΟΣ	0063a	0	0	unseen	low
ΑΙΟΛΟΥ	ΔΙΟΛΟΥ	0144a	0	0	unseen	low
ΑΝΤΡΟ	ΑΝΤΙΟ	0117a	0	0	unseen	low
ΑΙΩΝΕΣ	ΑΓΩΝΕΣ	0004b,0026a,0070a,0140a,0142a,0176a	0	0	unseen	low
ΑΡΙΣΤΕΣ	ΑΡΙΣΤΟΣ	0037a,0038b,0100a,0144a,0174a	1	0	suspect	low
ΚΑΛΥΤΕΡΟΣ	ΚΑΛΥΤΕΡΕΣ	0024b,0106a,0119a	1	0	suspect	low
ΧΑΡΙΣΕΙ	ΧΑΡΙΖΕΙ	0025b,0026a,0028b	2	0	suspect	low
ΟΛΟΚΛΗΡΕΣ	ΟΛΟΚΛΗΡΟΣ	0075a	0	0	unseen	low
ΑΝΤΙΜΕΤΩΠΙΣΟΥΝ	ΑΝΤΙΜΕΤΩΠΙΖΟΥΝ	0019b,0075a	0	0	unseen	low
ΔΑΣΚΑΛΕ	ΔΑΣΚΑΛΟ	0027a	1	0	suspect	low
ΧΤΗΜΑ	ΚΤΗΜΑ	0141a	0	0	unseen	low
ΚΟΙΝΩΝΙΚΟΣ	ΚΟΙΝΩΝΙΚΕΣ	0038b,0049b	1	0	suspect	low
ΡΕΜΑΤΟΣ	ΓΕΜΑΤΟΣ	0056b,0112a	0	0	unseen	low
ΚΑΚΕΣ	ΚΑΚΟΣ	0036b,0037a	0	0	unseen	low
ΑΡΧΙΤΕΚΤΟΝΕΣ	ΑΡΧΙΤΕΚΤΟΝΟΣ	0013a,0166a	0	0	unseen	low
ΕΝΤΑΣΗ	ΕΝΤΑΞΗ	0039b,0095a	0	0	unseen	low
ΜΑΙΕΥΤΙΚΗ	ΜΑΓΕΥΤΙΚΗ	0042b,0084a	0	0	unseen	low
ΠΟΛΥΑΡΙΘΜΟΣ	ΠΟΛΥΑΡΙΘΜΕΣ	0024a,0056b	0	0	unseen	low
ΔΑΣΙΚΟΣ	ΔΑΣΙΚΕΣ	0029b,0145a	3	0	suspect	low
ΠΡΟΣΕΧΗ	ΠΡΟΣΟΧΗ	0017a,0031b,0043a,0043b,0055b,0120a,0134a,0141a	3	0	suspect	low
ΛΑΚΚΟ	ΛΑΙΚΟ	0031a,0068a,0146a	0	0	unseen	low
ΓΝΩΡΙΣΟΥΝ	ΓΝΩΡΙΖΟΥΝ	0007a,0106a,0126a,0137a	4	0	suspect	low
ΤΟΝΟΥΣ	ΤΟΠΟΥΣ	0028a,0086a,0114a,0123a,0179a	0	0	unseen	low
ΔΙΟΙΚΗΤΙΚΟΣ	ΔΙΟΙΚΗΤΙΚΕΣ	0054b,0069a	1	0	suspect	low
ΖΟΥΝΕ	ΖΟΥΜΕ	0023a,0058b	0	0	unseen	low
ΑΛΗΘΙΝΕΣ	ΑΛΗΘΙΝΟΣ	0042b,0101a	0	0	unseen	low
ΕΠΙΤΡΟΠΕΣ	ΕΠΙΤΡΟΠΟΣ	0006a,0041b	0	0	unseen	low
ΓΝΩΡΙΣΑΝ	ΓΝΩΡΙΖΑΝ	0008b,0105a	1	0	suspect	low
ΕΓΓΟΝΕΣ	ΕΓΓΟΝΟΣ	0007b,0038a	0	0	unseen	low
ΤΟΜΟΥΣ	ΤΟΝΟΥΣ	0010b,0126a	0	0	unseen	low
ΒΑΣΙΚΕΣ	ΒΑΣΙΚΟΣ	0013a,0054b	0	0	unseen	low
ΠΑΡΟΥΣΙΑΣΟΥΝ	ΠΑΡΟΥΣΙΑΖΟΥΝ	0053a,0143a	2	0	suspect	low
ΓΕΡΕΣ	ΓΕΡΟΣ	0017b,0176a	2	0	suspect	low
ΚΑΘΑΡΙΣΕΙ	ΚΑΘΑΡΙΖΕΙ	0056b,0170a	1	0	suspect	low
ΣΤΑΧΤΗ	ΣΠΑΧΤΗ	0044a,0055a	1	0	suspect	low
ΚΕΡΔΙΖΕΙ	ΚΕΡΔΙΣΕΙ	0026b,0075a	2	0	suspect	low
ΦΡΟΝΤΙΣΕΙ	ΦΡΟΝΤΙΖΕΙ	0079a,0138a	1	0	suspect	low
ΧΤΗΜΑ	ΧΡΗΜΑ	0141a	0	0	unseen	low
ΣΤΟΙΧΙΣΕΙ	ΣΤΟΙΧΙΖΕΙ	0002a	0	0	unseen	low
ΘΑΥΜΑΖΟΥΝ	ΘΑΥΜΑΣΟΥΝ	0002a	0	0	unseen	low
ΓΟΝΟΙ	ΠΟΝΟΙ	0106a	1	0	suspect	low
ΣΠΟΥΔΑΣΟΥΝ	ΣΠΟΥΔΑΖΟΥΝ	0003a	1	0	suspect	low
ΒΟΛΟΥ	ΡΟΛΟΥ	0168a	0	0	unseen	low
ΕΛΛΗΝΙΚΟΣ	ΕΛΛΗΝΙΚΕΣ	0094a	1	0	suspect	low
ΤΑΚΤΙΚΕΣ	ΤΑΚΤΙΚΟΣ	0004a	1	0	suspect	low
ΓΕΥΜΑΤΟΣ	ΡΕΥΜΑΤΟΣ	0004a	0	0	unseen	low
ΡΟΥΛΑΣ	ΒΟΥΛΑΣ	0077a	0	0	unseen	low
ΠΕΣΙΜΟ	ΠΟΣΙΜΟ	0103a	0	0	unseen	low
ΦΤΙΑΓΜΕΝΕΣ	ΦΤΙΑΓΜΕΝΟΣ	0123a	0	0	unseen	low
ΡΥΘΜΙΣΕΙ	ΡΥΘΜΙΖΕΙ	0005a	1	0	suspect	low
ΤΟΣΩΝ	ΠΟΣΩΝ	0022a	0	0	unseen	low
ΚΑΘΑΡΙΣΟΥΝ	ΚΑΘΑΡΙΖΟΥΝ	0172a	0	0	unseen	low
ΑΝΕΜΕΙΝΕ	ΑΠΕΜΕΙΝΕ	0037a	0	0	unseen	low
ΜΙΚΡΟΤΕΡΟΣ	ΜΙΚΡΟΤΕΡΕΣ	0030a	1	0	suspect	low
ΑΝΤΙΚΡΙΣΕΙΣ	ΑΝΤΙΚΡΙΖΕΙΣ	0131a	0	0	unseen	low
ΓΥΡΙΣΟΥΝ	ΓΥΡΙΖΟΥΝ	0008a	0	0	unseen	low
ΕΝΤΟΝΟΣ	ΕΝΤΟΝΕΣ	0136a	0	0	unseen	low
ΠΙΑΤΑ	ΝΙΑΤΑ	0095a	1	0	suspect	low
ΑΣΤΡΟ	ΑΣΠΡΟ	0074a	0	0	unseen	low
ΧΑΝΙΑ	ΧΑΠΙΑ	0009b	1	0	suspect	low
ΚΟΥΡΕΣ	ΚΟΥΡΟΣ	0044a	0	0	unseen	low
ΓΥΡΙΖΕΙ	ΓΥΡΙΣΕΙ	0050b	1	0	suspect	low
ΕΤΟΙΜΕΣ	ΕΤΟΙΜΟΣ	0064a	0	0	unseen	low
ΕΣΩΤΕΡΙΚΟΣ	ΕΣΩΤΕΡΙΚΕΣ	0036b	0	0	unseen	low
ΕΞΩΤΕΡΙΚΕΣ	ΕΣΩΤΕΡΙΚΕΣ	0066a	0	0	unseen	low
ΠΟΣΟΣ	ΠΟΣΕΣ	0108a	1	0	suspect	low
ΓΙΟΡΤΑΣΕΙ	ΓΙΟΡΤΑΖΕΙ	0037a	1	0	suspect	low
ΠΕΝΝΑ	ΓΕΝΝΑ	0018b	1	0	suspect	low
ΟΓΚΟΥ	ΟΙΚΟΥ	0065a	0	0	unseen	low
ΚΑΜΕΤΕ	ΚΑΝΕΤΕ	0142a	0	0	unseen	low
ΣΩΖΟΥΝ	ΣΩΣΟΥΝ	0035b	1	0	suspect	low
ΑΠΑΝΤΗΣΟΥΝΕ	ΑΠΑΝΤΗΣΟΥΜΕ	0089a	0	0	unseen	low
ΓΝΩΡΙΖΕ	ΓΝΩΡΙΣΕ	0024b	0	0	unseen	low
ΤΗΛΕΦΩΝΙΚΟΣ	ΤΗΛΕΦΩΝΙΚΕΣ	0109a	0	0	unseen	low
ΣΙΓΗΣ	ΣΙΤΗΣ	0102a	0	0	unseen	low
ΔΙΑΒΑΣΟΥΜΕ	ΔΙΑΒΑΖΟΥΜΕ	0162a	0	0	unseen	low
ΑΧΤΙΝΕΣ	ΑΚΤΙΝΕΣ	0141a	0	0	unseen	low
ΣΠΑΡΤΙΑΤΙΚΕΣ	ΣΠΑΡΤΙΑΤΙΚΟΣ	0176a	1	0	suspect	low
ΑΣΤΕΡΑ	ΑΣΤΕΙΑ	0028b	0	0	unseen	low
ΑΓΡΟΣ	ΑΤΡΟΣ	0028b	0	0	unseen	low
ΚΟΥΤΟΣ	ΚΟΥΡΟΣ	0028b	0	0	unseen	low
ΕΠΑΓΓΕΛΜΑΤΙΚΟΣ	ΕΠΑΓΓΕΛΜΑΤΙΚΕΣ	0036b	0	0	unseen	low
ΑΝΩΜΑΛΕΣ	ΑΝΩΜΑΛΟΣ	0137a	0	0	unseen	low
ΚΡΗΤΙΚΕΣ	ΚΡΗΤΙΚΟΣ	0171a	1	0	suspect	low
ΟΡΘΡΟΙ	ΟΡΘΙΟΙ	0094a	0	0	unseen	low
ΕΛΕΥΘΕΡΕΣ	ΕΛΕΥΘΕΡΟΣ	0099a	0	0	unseen	low
ΚΛΕΙΣΜΕΝΕΣ	ΚΛΕΙΣΜΕΝΟΣ	0099a	0	0	unseen	low
ΣΤΗΡΙΞΕΙ	ΣΤΗΡΙΖΕΙ	0033a	0	0	unseen	low
ΞΕΧΑΣΜΕΝΟΣ	ΞΕΧΑΣΜΕΝΕΣ	0034a	0	0	unseen	low
ΡΙΓΕΣ	ΡΙΓΟΣ	0044b	0	0	unseen	low
ΠΑΙΡΝΟΥΝΕ	ΠΑΙΡΝΟΥΜΕ	0150a	1	0	suspect	low
ΣΚΟΙΝΙ	ΣΧΟΙΝΙ	0110a	1	0	suspect	low
ΣΤΗΡΙΞΟΥΝ	ΣΤΗΡΙΖΟΥΝ	0036a	0	0	unseen	low
ΦΥΓΑΝΕ	ΦΥΓΑΜΕ	0044a	0	0	unseen	low
ΜΕΙΝΑΝΕ	ΜΕΙΝΑΜΕ	0110a	0	0	unseen	low
ΒΑΖΕΙ	ΒΑΣΕΙ	0068a	0	0	unseen	low
ΦΩΤΙΟΣ	ΦΩΤΙΕΣ	0118a	1	0	suspect	low
ΚΟΥΡΑ	ΚΟΥΒΑ	0090a	1	0	suspect	low
ΚΟΚΚΙΝΟΣ	ΚΟΚΚΙΝΕΣ	0053a	0	0	unseen	low
ΕΛΑΙΟ	ΕΛΑΤΟ	0139a	0	0	unseen	low
ΛΙΘΟΚΤΙΣΤΟ	ΛΙΘΟΧΤΙΣΤΟ	0055a	0	0	unseen	low
ΝΑΞΟΣ	ΝΑΣΟΣ	0059a	0	0	unseen	low
ΑΔΙΚΗ	ΑΛΙΚΗ	0153a	0	0	unseen	low
ΚΑΜΕΝΑ	ΧΑΜΕΝΑ	0120a	0	0	unseen	low
ΕΥΘΥΜΕΣ	ΕΥΘΥΜΟΣ	0161a	0	0	unseen	low
ΠΕΤΣΙ	ΠΕΡΣΙ	0082a	1	0	suspect	low
ΧΤΙΣΜΑΤΟΣ	ΚΤΙΣΜΑΤΟΣ	0083a	0	0	unseen	low
ΒΕΑΤΡΙΚΗ	ΘΕΑΤΡΙΚΗ	0141a	0	0	unseen	low
ΙΔΙΕΣ	ΙΔΙΟΣ	0015a,0019b,0041b,0042a,0054b,0075a,0088a,0136a,0175a	1	0	suspect	low
ΜΗΝΟΣ	ΜΗΝΕΣ	0007b,0033a,0041b,0045b,0047b,0076a,0087a,0089a,0091a,0149a	2	0	suspect	low
ΠΗΓΑΝ	ΠΗΡΑΝ	0015b,0021a,0051a,0053a,0094a,0137a	1	0	suspect	low
ΑΓΩΝΙΑ	ΑΙΩΝΙΑ	0013a,0023a,0035b,0064a,0075a,0117a	0	0	unseen	low
ΕΞΟΔΩΝ	ΕΣΟΔΩΝ	0013b,0032b,0104a,0134a	2	0	suspect	low
ΚΑΤΟΥ	ΚΑΠΟΥ	0046a,0074a,0130a,0148a	4	0	suspect	low
ΠΙΣΤΕΨΕΙ	ΠΙΣΤΕΥΕΙ	0002a,0087a,0107a	0	0	unseen	low
ΑΙΩΝΑ	ΑΓΩΝΑ	0019a,0032b,0036a,0045a,0052a,0097a,0099a,0100a,0102a,0117a,0127a	5	0	suspect	low
ΑΔΕΛΦΕΣ	ΑΔΕΛΦΟΣ	0005b,0021a,0074a,0092a,0148a,0152a	0	0	unseen	low
ΧΡΙΣΤΕ	ΧΡΙΣΤΟ	0004b,0025a,0094a	2	0	suspect	low
ΤΟΠΙΚΟΣ	ΤΟΠΙΚΕΣ	0039a,0049b	1	0	suspect	low
ΕΦΗΜΕΡΙΔΟΣ	ΕΦΗΜΕΡΙΔΕΣ	0006a,0045b,0085a,0092a,0120a,0134a,0149a,0153a	0	0	unseen	low
ΜΑΤΙΝΑ	ΜΑΡΙΝΑ	0023a,0069a,0111a,0115a,0158a	2	0	suspect	low
ΔΟΥΚΑΣ	ΛΟΥΚΑΣ	0048a,0054a,0140a,0142a	2	0	suspect	low
ΓΕΝΙΚΕΣ	ΓΕΝΙΚΟΣ	0005a,0035a,0036a,0073a	4	0	suspect	low
ΕΚΑΤΟΝ	ΕΚΑΤΟΜ	0005a,0039b,0147a	1	0	suspect	low
ΕΞΕΤΑΖΕΙ	ΕΞΕΤΑΣΕΙ	0003a,0009a	0	0	unseen	low
ΟΛΟΥΧΑ	ΟΔΟΥΧΑ	0035b,0100a	0	0	unseen	low
ΕΡΓΑΖΟΜΕΝΕΣ	ΕΡΓΑΖΟΜΕΝΟΣ	0032b,0098a	0	0	unseen	low
ΤΡΑΠΕΖΙΚΕΣ	ΤΡΑΠΕΖΙΚΟΣ	0019a,0045b	0	0	unseen	low
ΔΙΑΚΟΥ	ΔΡΑΚΟΥ	0007b,0114a	0	0	unseen	low
ΣΤΟΛΙΣΕΙ	ΣΤΟΛΙΖΕΙ	0109a,0124a	0	0	unseen	low
ΨΥΧΡΑΝΗΣ	ΨΥΧΡΑΜΗΣ	0009a,0043b	1	0	suspect	low
ΜΟΡΙΑ	ΜΕΡΙΑ	0085a	1	0	suspect	low
ΕΝΔΕΙΑ	ΕΝΔΕΚΑ	0094a,0102a	0	0	unseen	low
ΦΡΟΝΤΙΣΟΥΝ	ΦΡΟΝΤΙΖΟΥΝ	0072a,0155a	1	0	suspect	low
ΔΩΣΑΝΕ	ΔΩΣΑΜΕ	0022a,0025a	1	0	suspect	low
ΑΝΟΙΧΤΟΣ	ΑΝΟΙΧΤΕΣ	0028b,0124a	0	0	unseen	low
ΙΔΙΩΤΙΚΟΣ	ΙΔΙΩΤΙΚΕΣ	0036a,0084a	0	0	unseen	low
ΖΗΡΟΚΑΜΠΙΟΥ	ΞΗΡΟΚΑΜΠΙΟΥ	0036a	0	0	unseen	low
ΠΑΙΞΕΙ	ΠΑΙΖΕΙ	0068a,0122a	1	0	suspect	low
ΛΑΚΚΩΝ	ΛΑΙΚΩΝ	0067a,0104a	0	0	unseen	low
ΟΙΚΟΝΟΜΙΚΟΣ	ΟΙΚΟΝΟΜΙΚΕΣ	0008b,0015a,0019b,0039b,0054b,0069a	0	0	unseen	low
ΠΑΡΟΝΤΕΣ	ΠΑΡΟΝΤΟΣ	0007a,0007b,0131a	1	0	suspect	low
ΠΑΡΑΣΚΕΙΚΑ	ΠΑΡΑΣΧΕΙΚΑ	0109a,0123a,0124a	1	0	suspect	low
ΑΟΥΛΟ	ΛΟΥΛΟ		0	0	unseen	low
ΒΓΗΚΕ	ΒΡΗΚΕ	0003b,0049a,0054a,0114a,0118a	1	0	suspect	low
ΝΟΝΟΣ	ΠΟΝΟΣ	0061a,0070a,0089a,0091a	4	0	suspect	low
ΠΕΤΡΟΣ	ΠΕΤΡΕΣ	0042a,0042b,0052a,0055a,0070a,0114a	6	0	suspect	low
ΣΥΝΕΧΙΖΕΙ	ΣΥΝΕΧΙΣΕΙ	0006b,0012b,0023a,0024a,0027a,0042a,0045b,0079a,0085a	4	0	suspect	low
ΜΕΓΑΛΥΤΕΡΟΣ	ΜΕΓΑΛΥΤΕΡΕΣ	0018a,0030a,0031a,0053a	3	0	suspect	low
ΠΝΕΥΜΑΤΙΚΟΣ	ΠΝΕΥΜΑΤΙΚΕΣ	0017b,0055b,0111a	0	0	unseen	low
ΚΟΙΝΟΤΙΚΟΣ	ΚΟΙΝΟΤΙΚΕΣ	0020b,0037a,0046a	0	0	unseen	low
ΓΝΩΡΙΣΩ	ΓΝΩΡΙΖΩ	0024a,0090a	3	0	suspect	low
ΙΕΡΟΣ	ΓΕΡΟΣ	0077a,0114a,0174a	0	0	unseen	low
ΞΕΝΕΣ	ΞΕΝΟΣ	0030b,0035b,0106a	2	0	suspect	low
ΜΙΧΟΥ	ΜΙΚΟΥ	0133a,0159a	1	0	suspect	low
ΑΞΙΟΛΟΓΟΣ	ΑΞΙΟΛΟΓΕΣ	0027a,0031a	0	0	unseen	low
ΠΕΛΑΓΗ	ΠΕΛΑΤΗ	0070a	0	0	unseen	low
ΖΗΤΑΜΕ	ΖΗΤΑΝΕ	0068a,0153a	1	0	suspect	low
ΠΟΥΡΓΟ	ΠΟΥΡΓΕ	0012b	2	0	suspect	low
ΠΑΝΤΑΞΕΛΑΣ	ΠΑΝΤΑΖΕΛΑΣ	0142a	0	0	unseen	low
ΚΑΡΑΛΟΜΗΣ	ΚΑΡΑΛΕΜΗΣ	0042a	0	0	unseen	low
ΟΥΣΙΕΣ	ΘΥΣΙΕΣ	0032b,0137a	0	0	unseen	low
ΑΝΩΤΑΤΟΣ	ΑΝΩΤΑΤΕΣ	0032a,0054a	0	0	unseen	low
ΒΑΓΙΑ	ΒΑΡΙΑ	0069a,0154a	0	0	unseen	low
ΔΕΔΟΥΡΗΣ	ΔΕΔΟΥΤΗΣ	0009a,0032b	0	0	unseen	low
ΕΛΑΤΩΝ	ΕΛΑΙΩΝ	0054b,0149a	0	0	unseen	low
ΑΛΕΥΡΗΣ	ΑΛΕΥΤΗΣ	0032b,0097a	0	0	unseen	low
ΠΑΝΤΑΖΑΣ	ΠΑΝΤΑΞΑΣ	0002a	0	0	unseen	low
ΦΤΙΑΧΝΟΥΝΕ	ΦΤΙΑΧΝΟΥΜΕ	0089a	1	0	suspect	low
ΔΡΑΚΙΑ	ΔΡΑΧΙΑ	0003a	0	0	unseen	low
ΕΠΙΖΗΜΙΟΣ	ΕΠΙΖΗΜΙΕΣ	0036b	0	0	unseen	low
ΖΩΤΙΚΕΣ	ΖΩΤΙΚΟΣ	0004a	1	0	suspect	low
ΕΞΟΧΟΣ	ΕΞΟΧΕΣ	0004a	0	0	unseen	low
ΥΠΕΡΗΦΑΝΕΣ	ΥΠΕΡΗΦΑΝΟΣ	0068a	0	0	unseen	low
ΚΑΤΑΚΛΥΖΕΙ	ΚΑΤΑΚΛΥΣΕΙ	0087a	1	0	suspect	low
ΠΡΟΕΤΟΙΜΑΣΕΙ	ΠΡΟΕΤΟΙΜΑΖΕΙ	0031b	0	0	unseen	low
ΜΕΓΑΛΟΠΡΕΠΟΣ	ΜΕΓΑΛΟΠΡΕΠΕΣ	0004b	0	0	unseen	low
ΑΠΕΡΑΝΤΕΣ	ΑΠΕΡΑΝΤΟΣ	0016b	0	0	unseen	low
ΚΑΤΑΠΡΑΣΙΝΕΣ	ΚΑΤΑΠΡΑΣΙΝΟΣ	0004b	1	0	suspect	low
ΣΠΑΡΤΙΑΤΕΠΟΥΛΑ	ΣΠΑΡΤΙΑΤΟΠΟΥΛΑ	0053a	1	0	suspect	low
ΠΕΡΙΟΡΙΣΕΙ	ΠΕΡΙΟΡΙΖΕΙ	0054b	0	0	unseen	low
ΠΕΡΙΦΗΜΟΣ	ΠΕΡΙΦΗΜΕΣ	0048a	0	0	unseen	low
ΔΙΑΣΚΕΔΑΣΕΙ	ΔΙΑΣΚΕΔΑΖΕΙ	0005a	1	0	suspect	low
ΚΕΡΔΙΖΕ	ΚΕΡΔΙΣΕ	0005a	1	0	suspect	low
ΠΙΤΣΑΣ	ΝΙΤΣΑΣ	0037a	0	0	unseen	low
ΕΠΙΚΕΙΜΕΝΟΣ	ΕΠΙΚΕΙΜΕΝΕΣ	0026b	0	0	unseen	low
ΣΙΟΥΡΔΑΣ	ΣΤΟΥΡΔΑΣ	0144a	0	0	unseen	low
ΓΑΖΙΑ	ΓΑΣΙΑ	0006a	1	0	suspect	low
ΓΑΖΙΑ	ΡΑΖΙΑ	0006a	1	0	suspect	low
ΕΞΑΣΦΑΛΙΣΕΙ	ΕΞΑΣΦΑΛΙΖΕΙ	0006a	0	0	unseen	low
ΔΡΥΟΣ	ΔΡΥΕΣ	0006a	0	0	unseen	low
ΑΠΟΡΕΣ	ΑΓΟΡΕΣ	0006a	0	0	unseen	low
ΗΛΕΚΤΡΙΚΟΣ	ΗΛΕΚΤΡΙΚΕΣ	0062a	1	0	suspect	low
ΣΤΟΛΙΣΟΥΝ	ΣΤΟΛΙΖΟΥΝ	0109a	0	0	unseen	low
ΛΙΑΚΟΥ	ΔΙΑΚΟΥ	0018b	0	0	unseen	low
ΜΑΤΑΙΕ	ΜΑΤΑΙΟ	0007b	0	0	unseen	low
ΣΥΛΛΟΓΙΚΕΣ	ΣΥΛΛΟΓΙΚΟΣ	0008a	1	0	suspect	low
ΛΟΓΤΑΝΙΚΟΣ	ΛΟΓΙΑΝΙΚΟΣ	0078a	0	0	unseen	low
ΑΟΓΙΑΝΙΚΟΣ	ΛΟΓΙΑΝΙΚΟΣ	0017b	0	0	unseen	low
ΧΑΜΕΝΗ	ΚΑΜΕΝΗ	0008a	1	0	suspect	low
ΣΥΝΗΘΙΣΕ	ΣΥΝΗΘΙΖΕ	0008a	0	0	unseen	low
ΚΟΙΛΑΔΕΣ	ΚΟΙΛΑΔΟΣ	0009a	0	0	unseen	low
ΧΤΥΠΑ	ΚΤΥΠΑ	0009a	0	0	unseen	low
ΚΤΙΣΤΕΣ	ΧΤΙΣΤΕΣ	0009a	0	0	unseen	low
ΠΟΛΥΤΙΜΟΣ	ΠΟΛΥΤΙΜΕΣ	0090a	1	0	suspect	low
ΛΙΓΟΣ	ΛΙΠΟΣ	0165a	1	0	suspect	low
ΕΠΑΙΞΑΝ	ΕΠΑΙΖΑΝ	0143a	0	0	unseen	low
ΗΛΙΚΙΩΜΕΝΕΣ	ΗΛΙΚΙΩΜΕΝΟΣ	0087a	0	0	unseen	low
ΟΡΙΖΕ	ΟΡΙΣΕ	0020a	0	0	unseen	low
ΧΑΙΔΕΥΕΙ	ΧΑΙΔΕΨΕΙ	0010b	0	0	unseen	low
ΚΟΙΤΑΞΕ	ΚΟΙΤΑΖΕ	0010b	0	0	unseen	low
ΔΡΟΣΙΣΕΙ	ΔΡΟΣΙΖΕΙ	0045a	0	0	unseen	low
ΝΑΝΟΣ	ΜΑΝΟΣ	0090a	1	0	suspect	low
ΔΙΑΤΕΘΟ	ΔΙΑΤΕΘΕ	0162a	0	0	unseen	low
ΧΑΛΑΕΙ	ΧΑΛΑΖΙ	0043a	1	0	suspect	low
ΑΕΡΟΣ	ΑΕΤΟΣ	0085a	0	0	unseen	low
ΑΣΤΟΣ	ΑΕΤΟΣ	0031a	0	0	unseen	low
ΑΠΟΥΣΙΑΖΑΝ	ΑΠΟΥΣΙΑΣΑΝ	0013a	0	0	unseen	low
ΠΡΟΤΕΡΑΙΟΤΗΤΟΣ	ΠΡΟΤΕΡΑΙΟΤΗΤΕΣ	0083a	1	0	suspect	low
ΕΥΛΟΓΗΜΕΝΕ	ΕΥΛΟΓΗΜΕΝΟ	0013a	0	0	unseen	low
ΤΙΜΙΟΣ	ΤΙΜΙΕΣ	0164a	0	0	unseen	low
ΤΑΞΙΔΕΥΕΙ	ΤΑΞΙΔΕΨΕΙ	0094a	1	0	suspect	low
ΔΥΝΑΜΙΚΕΣ	ΔΥΝΑΜΙΚΟΣ	0013b	1	0	suspect	low
ΛΟΓΓΩΝ	ΛΟΓΙΩΝ	0013b	0	0	unseen	low
ΠΛΟΥΤΙΣΟΥΝ	ΠΛΟΥΤΙΖΟΥΝ	0026a	1	0	suspect	low
ΓΟΝΙΚΗ	ΙΟΝΙΚΗ	0091a	0	0	unseen	low
ΕΞΑΙΡΕΤΙΚΕΣ	ΕΞΑΙΡΕΤΙΚΟΣ	0029b	0	0	unseen	low
ΔΡΟΣΕΡΟΣ	ΔΡΟΣΕΡΕΣ	0121a	0	0	unseen	low
ΠΑΓΙΟ	ΠΑΓΚΟ	0104a	1	0	suspect	low
ΑΣΤΕΓΟ	ΑΣΤΕΙΟ	0015a	0	0	unseen	low
ΠΑΡΟΜΟΙΟΣ	ΠΑΡΟΜΟΙΕΣ	0015b	1	0	suspect	low
ΑΡΑΙΟ	ΑΡΑΤΟ	0052b	1	0	suspect	low
ΑΓΟΡΑΖΟΥΝ	ΑΓΟΡΑΣΟΥΝ	0017a	0	0	unseen	low
ΜΙΑΤΟΥ	ΜΙΛΤΟΥ	0017a	1	0	suspect	low
ΔΟΡΝΑ	ΔΕΡΝΑ	0017a	0	0	unseen	low
ΔΑΔΙΑ	ΛΑΔΙΑ	0151a	0	0	unseen	low
ΛΑΛΙΑ	ΛΑΔΙΑ	0073a	0	0	unseen	low
ΑΛΩΒΗΤΕΣ	ΑΛΩΒΗΤΟΣ	0024b	0	0	unseen	low
ΨΥΧΙΚΟΣ	ΨΥΧΙΚΕΣ	0136a	0	0	unseen	low
ΓΕΩΡΓΙΤΣΙΟΓ	ΓΕΩΡΓΙΤΣΙΟΙ	0018a	0	0	unseen	low
ΠΟΤΕΣ	ΠΟΙΕΣ	0123a	0	0	unseen	low
ΔΕΜΕΝΕΣ	ΔΕΜΕΝΟΣ	0019b	0	0	unseen	low
ΕΜΠΟΔΙΣΕΙ	ΕΜΠΟΔΙΖΕΙ	0019b	0	0	unseen	low
ΤΕΧΝΟΛΟΓΙΚΕΣ	ΤΕΧΝΟΛΟΓΙΚΟΣ	0125a	0	0	unseen	low
ΠΑΡΑΓΩΓΙΚΟΣ	ΠΑΡΑΓΩΓΙΚΕΣ	0021a	1	0	suspect	low
ΚΤΥΠΗΣΕ	ΧΤΥΠΗΣΕ	0022a	0	0	unseen	low
ΑΡΜΑΤΑ	ΑΙΜΑΤΑ	0070a	0	0	unseen	low
ΚΥΡΙΑΡΧΕ	ΚΥΡΙΑΡΧΟ	0135a	0	0	unseen	low
ΑΓΚΑΛΙΑΣΕΙ	ΑΓΚΑΛΙΑΖΕΙ	0023a	0	0	unseen	low
ΡΑΛΟΣ	ΒΑΛΟΣ	0023b	0	0	unseen	low
ΛΙΓΟΣΤΕΣ	ΛΙΓΟΣΤΟΣ	0024b	1	0	suspect	low
ΧΤΥΠΗΣΕΙ	ΚΤΥΠΗΣΕΙ	0171a	0	0	unseen	low
ΜΙΛΑΝΕ	ΜΙΛΑΜΕ	0082a	0	0	unseen	low
ΤΣΕΡΕΤΑ	ΤΣΕΡΣΤΑ	0052b	0	0	unseen	low
ΠΑΝΤΑΖΕΛΟ	ΠΑΝΤΑΞΕΛΟ	0062a	0	0	unseen	low
ΞΑΝΑΖΩΝΤΑΝΕΥΕΙ	ΞΑΝΑΖΩΝΤΑΝΕΨΕΙ	0111a	0	0	unseen	low
ΔΑΛΟΥΔΑ	ΛΑΛΟΥΔΑ	0030b	0	0	unseen	low
ΣΥΣΤΗΜΑΤΙΚΟΣ	ΣΥΣΤΗΜΑΤΙΚΕΣ	0068a	0	0	unseen	low
ΑΝΟΙΧΤΗΣ	ΑΝΟΙΚΤΗΣ	0055a	0	0	unseen	low
ΠΡΟΟΔΕΥΤΙΚΕΣ	ΠΡΟΟΔΕΥΤΙΚΟΣ	0031b	1	0	suspect	low
ΠΕΡΙΔΟΛΙΑ	ΠΕΡΙΔΕΛΙΑ	0130a	0	0	unseen	low
ΧΡΥΣΟΣ	ΧΡΥΣΕΣ	0030b	1	0	suspect	low
ΑΚΑΔΗΜΑΙΚΕΣ	ΑΚΑΔΗΜΑΙΚΟΣ	0143a	0	0	unseen	low
ΔΙΟΡΙΖΕΙ	ΔΙΟΡΙΣΕΙ	0031a	0	0	unseen	low
ΦΩΤΙΖΕ	ΦΩΤΙΣΕ	0083a	1	0	suspect	low
ΡΙΔΙΩΤΙΟΣΑ	ΡΙΔΙΩΤΙΣΣΑ	0032a	0	0	unseen	low
ΓΡΑΦΤΕ	ΓΡΑΦΤΟ	0170a	0	0	unseen	low
ΣΚΟΡΠΙΖΕ	ΣΚΟΡΠΙΣΕ	0038b	0	0	unseen	low
ΤΑΖΙΑ	ΡΑΖΙΑ		0	0	unseen	low
ΘΑΛΑΣΣΗ	ΒΑΛΑΣΣΗ	0102a	0	0	unseen	low
ΠΟΤΙΣΕΙ	ΠΟΤΙΖΕΙ	0035b	0	0	unseen	low
ΜΕΛΛΗ	ΝΕΛΛΗ	0138a	0	0	unseen	low
ΣΗΡΟΚΑΜΠΙΟΥ	ΖΗΡΟΚΑΜΠΙΟΥ	0053b	0	0	unseen	low
ΑΝΤΙΜΕΤΩΠΙΣΕ	ΑΝΤΙΜΕΤΩΠΙΖΕ	0036b	0	0	unseen	low
ΛΕΓΟΝ	ΛΟΓΟΝ	0161a	1	0	suspect	low
ΕΠΙΚΙΝΔΥΝΟΣ	ΕΠΙΚΙΝΔΥΝΕΣ	0066a	0	0	unseen	low
ΙΖΑΝΕΤΑΚΗΣ	ΤΖΑΝΕΤΑΚΗΣ	0119a	0	0	unseen	low
ΨΗΛΟΣ	ΨΗΛΕΣ	0075a	1	0	suspect	low
ΚΕΡΑΣΙΩΝ	ΚΟΡΑΣΙΩΝ	0052a	0	0	unseen	low
ΑΛΕΥΡΟΓ	ΑΛΕΥΡΟΙ	0073a	0	0	unseen	low
ΓΚΟΥΛΑΣ	ΓΙΟΥΛΑΣ	0041b	0	0	unseen	low
ΣΠΑΘΙΑ	ΣΤΑΘΙΑ	0042a	1	0	suspect	low
ΕΥΧΑΡΙΣΤΕΣ	ΕΥΧΑΡΙΣΤΟΣ	0074a	0	0	unseen	low
ΚΑΡΑΛΟΜΗ	ΚΑΡΑΛΕΜΗ	0042a	0	0	unseen	low
ΦΩΝΑΖΑΝ	ΦΩΝΑΞΑΝ	0050b	1	0	suspect	low
ΔΟΥΛΕΥΕΙΣ	ΔΟΥΛΕΨΕΙΣ	0044a	0	0	unseen	low
ΜΕΡΙΑΣ	ΜΟΡΙΑΣ	0044a	0	0	unseen	low
ΒΓΟΥΜΕ	ΒΡΟΥΜΕ	0128a	0	0	unseen	low
ΚΑΤΑΔΙΚΑΖΕ	ΚΑΤΑΔΙΚΑΣΕ	0046a	0	0	unseen	low
ΠΑΝΤΕΖΕΛΟΥ	ΠΑΝΤΟΖΕΛΟΥ	0046b	0	0	unseen	low
ΥΠΟΧΡΕΩΤΙΚΟΣ	ΥΠΟΧΡΕΩΤΙΚΕΣ	0046b	0	0	unseen	low
ΔΙΑΣΚΕΔΑΣΕ	ΔΙΑΣΚΕΔΑΖΕ	0046b	0	0	unseen	low
ΘΑΥΜΑΣΕΙ	ΘΑΥΜΑΖΕΙ	0052b	0	0	unseen	low
ΦΡΑΞΕΙ	ΦΡΑΖΕΙ	0049b	1	0	suspect	low
ΕΚΤΑΚΤΟΣ	ΕΚΤΑΚΤΕΣ	0049b	0	0	unseen	low
ΘΕΡΟΥΣ	ΘΕΙΟΥΣ	0128a	1	0	suspect	low
ΑΠΟΦΑΣΙΣΜΕΝΕΣ	ΑΠΟΦΑΣΙΣΜΕΝΟΣ	0050b	0	0	unseen	low
ΛΑΓΚΑΝΙΔΟΣ	ΛΑΓΚΑΝΙΔΕΣ	0051a	0	0	unseen	low
ΝΟΕΟΠΟΥΛΟΥ	ΝΟΣΟΠΟΥΛΟΥ	0051a	0	0	unseen	low
ΠΑΝΕΛ	ΠΑΝΕΔ	0051a	0	0	unseen	low
ΚΤΥΠΟΥΝ	ΧΤΥΠΟΥΝ	0052b	0	0	unseen	low
ΑΛΛΑΞΕΤΕ	ΑΛΛΑΖΕΤΕ	0053a	1	0	suspect	low
ΧΤΙΣΟΥΝ	ΧΤΙΖΟΥΝ	0055b	1	0	suspect	low
ΚΑΤΑΡΡΑΚΤΗ	ΚΑΤΑΡΡΑΧΤΗ	0055b	0	0	unseen	low
ΓΕΩΡΓΙΤΤΑ	ΓΕΩΡΓΙΤΙΑ	0107a	0	0	unseen	low
ΟΝΟΜΑΖΑΝ	ΟΝΟΜΑΣΑΝ	0109a	0	0	unseen	low
ΤΕΡΑΣΤΙΟΣ	ΤΕΡΑΣΤΙΕΣ	0171a	0	0	unseen	low
ΗΡΘΑΝΕ	ΗΡΘΑΜΕ	0124a	0	0	unseen	low
ΕΧΤΙΖΕ	ΕΧΤΙΣΕ	0070a	0	0	unseen	low
ΧΡΙΣΤΕΣ	ΧΤΙΣΤΕΣ	0148a	0	0	unseen	low
ΜΠΟΥΣΧΟΥ	ΜΠΟΥΣΚΟΥ	0061a	1	0	suspect	low
ΣΤΑΔΡΑ	ΣΙΑΔΡΑ	0073a	0	0	unseen	low
ΜΑΛΟΔΟΥ	ΜΑΛΕΔΟΥ	0062a	0	0	unseen	low
ΤΑΥΤΕΡΟΥ	ΤΑΥΤΕΤΟΥ	0069a	0	0	unseen	low
ΠΑΛΙΚΑ	ΓΑΛΙΚΑ	0065a	0	0	unseen	low
ΚΑΛΛΙΕΡΓΗΜΕΝΟΣ	ΚΑΛΛΙΕΡΓΗΜΕΝΕΣ	0068a	0	0	unseen	low
ΚΟΝΤΕΣ	ΧΟΝΤΕΣ	0069a	0	0	unseen	low
ΝΤΥΜΕΝΕΣ	ΝΤΥΜΕΝΟΣ	0115a	0	0	unseen	low
ΚΤΙΖΟΥΝ	ΧΤΙΖΟΥΝ	0070a	1	0	suspect	low
ΔΟΚΙΜΕΣ	ΔΟΚΙΜΟΣ	0146a	0	0	unseen	low
ΑΓΑΠΗΣΟΥΝΕ	ΑΓΑΠΗΣΟΥΜΕ	0072a	0	0	unseen	low
ΧΕΡΗΣ	ΚΕΡΗΣ	0172a	0	0	unseen	low
ΜΠΙΡΜΠΙΑΝΕ	ΜΠΙΡΜΠΙΑΝΣ	0073a	0	0	unseen	low
ΑΥΡΑΣ	ΑΥΤΑΣ	0016b	0	0	unseen	low
ΠΛΗΜΜΥΡΙΣΕΙ	ΠΛΗΜΜΥΡΙΖΕΙ	0077a	0	0	unseen	low
ΠΙΣΤΗΝ	ΠΙΣΤΗΜ	0079a	0	0	unseen	low
ΞΑΝΑΡΧΙΖΕ	ΞΑΝΑΡΧΙΣΕ	0117a	0	0	unseen	low
ΚΑΡΑΠΙΠΕΡΗ	ΚΑΡΑΠΙΤΕΡΗ	0079a	0	0	unseen	low
ΡΑΣΙΙΑΣ	ΡΑΣΙΤΑΣ	0148a	0	0	unseen	low
ΞΩΤΕΡΙΚ	ΣΩΤΕΡΙΚ	0169a	0	0	unseen	low
ΠΡΟΚΑΛΟ	ΠΡΟΚΑΛΕ	0083a	0	0	unseen	low
ΟΝΤΩΣ	ΟΥΤΩΣ	0137a	0	0	unseen	low
ΑΠΟΣΤΡΑΤΕΥΘΗ	ΑΠΕΣΤΡΑΤΕΥΘΗ	0129a	0	0	unseen	low
ΘΡΙΣΙΩΤΙΚΑ	ΒΡΙΣΙΩΤΙΚΑ	0027b	0	0	unseen	low
ΕΠΙΣΗΜΟΣ	ΕΠΙΣΗΜΕΣ	0161a	0	0	unseen	low
ΣΟΥΛΛΑΚΙΑ	ΣΟΥΔΛΑΚΙΑ	0098a	0	0	unseen	low
ΣΙΑΒΓΑ	ΣΙΑΒΡΑ	0150a	0	0	unseen	low
ΤΟΝΟΣ	ΓΟΝΟΣ	0173a	0	0	unseen	low
ΜΑΛΤΑΣ	ΜΑΛΙΑΣ	0143a	1	0	suspect	low
ΚΑΓΙΑ	ΚΑΠΙΑ	0113a	1	0	suspect	low
ΘΑΥΜΑΣΙΟΣ	ΘΑΥΜΑΣΙΕΣ	0120a	1	0	suspect	low
ΠΕΥΘΥΝΕΣ	ΠΕΥΘΥΝΟΣ	0162a	0	0	unseen	low
ΠΕΡΝΑΓΕ	ΠΕΡΝΑΤΕ	0121a	0	0	unseen	low
ΤΟΥΓΕΤΟΥ	ΤΣΥΓΕΤΟΥ	0123a	0	0	unseen	low
ΑΝΟΙΧΤΟΥ	ΑΝΟΙΚΤΟΥ	0124a	0	0	unseen	low
ΔΙΑΤΗΡΟ	ΔΙΑΤΗΡΕ	0172a	0	0	unseen	low
ΤΙΑΝΝΑΚΑΚΗΣ	ΠΙΑΝΝΑΚΑΚΗΣ		0	0	unseen	low
ΛΑΚΚΟΣ	ΛΑΙΚΟΣ	0150a	1	0	suspect	low
ΚΑΠΟΡΕΙΟΥ	ΚΑΤΟΡΕΙΟΥ	0170a	0	0	unseen	low
ΑΓΕΡΙ	ΑΓΟΡΙ	0007b,0028b,0033a,0045a,0073a	2	0	suspect	low
ΓΕΜΑΤΟΣ	ΓΟΜΑΤΟΣ	0008b,0061a,0086a,0117a,0123a,0155a	3	0	suspect	low
ΕΠΙΣΚΕΥΗ	ΕΠΙΣΚΕΨΗ	0022a,0035a,0036b,0045a,0052b,0058b,0065a,0072a,0076a,0134a,0138a,0159a	4	0	suspect	low
ΕΙΔΙΚΕΣ	ΕΙΔΙΚΟΣ	0057b,0079a,0087a,0125a,0164a	0	0	unseen	low
ΑΡΜΟΔΙΟΣ	ΑΡΜΟΔΙΕΣ	0032b,0104a,0125a,0149a	2	0	suspect	low
ΑΝΤΙΜΕΤΩΠΙΣΕΙ	ΑΝΤΙΜΕΤΩΠΙΖΕΙ	0005a,0016b,0088a,0092a	0	0	unseen	low
ΡΟΔΟΣ	ΡΟΛΟΣ	0118a,0129a,0132a,0174a	0	0	unseen	low
ΠΟΙΩΝ	ΠΟΡΩΝ	0018b,0106a,0172a	1	0	suspect	low
ΣΥΓΧΡΟΝΟΣ	ΣΥΓΧΡΟΝΕΣ	0019a,0020b,0032a,0053a,0128a	5	0	suspect	low
ΥΠΕΝΘΥΜΙΣΟΥΜΕ	ΥΠΕΝΘΥΜΙΖΟΥΜΕ	0035b,0104a,0124a	0	0	unseen	low
ΔΟΣΗΣ	ΔΕΣΗΣ	0007a,0023a,0172a	0	0	unseen	low
ΠΟΙΟΥΣ	ΠΟΡΟΥΣ	0012b,0086a,0088a	2	0	suspect	low
ΕΣΩΤΕΡΙΚΑ	ΕΞΩΤΕΡΙΚΑ	0088a,0105a,0107a	0	0	unseen	low
ΜΕΡΑΣ	ΜΕΓΑΣ	0035a,0086a,0108a	2	0	suspect	low
ΦΕΡΕΤΡΟ	ΘΕΡΕΤΡΟ	0024b,0089a,0091a	1	0	suspect	low
ΣΤΑΦΤΗ	ΣΠΑΦΤΗ	0027b,0035b,0104a	0	0	unseen	low
ΚΥΡΙΟ	ΚΥΡΙΕ	0009a,0014b,0017a,0017b,0019a,0019b,0021a,0029b,0032a,0035a,0039b,0049a,0051a,0064a,0088a,0140a,0142a	13	0	suspect	low
ΒΓΗΚΑΝ	ΒΡΗΚΑΝ	0006a,0048a,0068a,0118a	0	0	unseen	low
ΣΤΕΦΑΝΟ	ΣΤΕΦΑΝΕ	0006a,0008a,0020a,0024b,0048a	1	0	suspect	low
ΠΑΤΡΙΔΕΣ	ΠΑΤΡΙΔΟΣ	0005b,0050b,0092a,0138a	3	0	suspect	low
ΠΟΝΟΥΣ	ΤΟΝΟΥΣ	0007b,0008a,0042b,0082a	2	0	suspect	low
ΤΡΩΜΕ	ΤΡΩΝΕ	0015a,0015b,0042b	1	0	suspect	low
ΑΕΙΜΝΗΣΤΕ	ΑΕΙΜΝΗΣΤΟ	0042a	0	0	unseen	low
ΠΛΟΥΣΙΕΣ	ΠΛΟΥΣΙΟΣ	0074a,0084a,0101a,0103a	0	0	unseen	low
ΑΙΩΝΩΝ	ΑΓΩΝΩΝ	0026a,0048a,0094a	2	0	suspect	low
ΦΟΡΟΣ	ΦΟΒΟΣ	0086a,0097a,0099a,0130a	2	0	suspect	low
ΖΑΧΑΡΙΑΣ	ΣΑΧΑΡΙΑΣ	0003a,0175a	2	0	suspect	low
ΡΕΜΑΤΑ	ΓΕΜΑΤΑ	0013b,0177a	1	0	suspect	low
ΧΤΙΖΕΙ	ΚΤΙΖΕΙ	0042b,0137a	0	0	unseen	low
ΚΤΙΣΕΙ	ΚΤΙΖΕΙ	0130a,0143a	1	0	suspect	low
ΜΟΝΙΜΟΣ	ΜΟΝΙΜΕΣ	0039a,0056b	0	0	unseen	low
ΑΠΛΟΣ	ΑΠΛΕΣ	0005a,0042a	0	0	unseen	low
ΟΔΟΨΥΧΑ	ΟΔΟΥΥΧΑ		0	0	unseen	low
ΟΛΟΥΥΧΑ	ΟΔΟΥΥΧΑ		0	0	unseen	low
ΑΝΟΙΚΤΗ	ΑΝΟΙΧΤΗ	0080a,0087a	1	0	suspect	low
ΣΧΗΜΑΤΙΣΕΙ	ΣΧΗΜΑΤΙΖΕΙ	0007a,0176a	1	0	suspect	low
ΓΝΩΡΙΣΑ	ΓΝΩΡΙΖΑ	0054a,0137a	1	0	suspect	low
ΚΑΘΟΡΙΣΕΙ	ΚΑΘΟΡΙΖΕΙ	0008a,0039b	0	0	unseen	low
ΤΕΧΝΙΚΟΣ	ΤΕΧΝΙΚΕΣ	0025a,0046b	1	0	suspect	low
ΓΑΛΙΚΑ	ΤΑΛΙΚΑ	0074a,0082a	0	0	unseen	low
ΕΔΙΚΟ	ΟΔΙΚΟ	0052a,0069a	0	0	unseen	low
ΚΥΡΙΟΤΕΡΟΣ	ΚΥΡΙΟΤΕΡΕΣ	0017a,0166a	0	0	unseen	low
ΘΥΣΙΑΣ	ΟΥΣΙΑΣ	0026a,0170a	2	0	suspect	low
ΙΚΑΝΟΠΟΙΗΜΕΝΕΣ	ΙΚΑΝΟΠΟΙΗΜΕΝΟΣ	0061a,0063a	0	0	unseen	low
ΑΘΛΗΤΙΚΕΣ	ΑΘΛΗΤΙΚΟΣ	0018b,0038a	0	0	unseen	low
ΠΙΝΑΜΕ	ΓΙΝΑΜΕ	0019a,0147a	1	0	suspect	low
ΧΑΝΕΤΕ	ΚΑΝΕΤΕ	0021a,0166a	0	0	unseen	low
ΠΑΠΑΓΟΥ	ΠΑΝΑΓΟΥ	0022a,0055a	2	0	suspect	low
ΠΡΑΓΜΑΤΙΚΕΣ	ΠΡΑΓΜΑΤΙΚΟΣ	0029b,0036b	1	0	suspect	low
ΑΡΧΙΖΟΥΜΕ	ΑΡΧΙΣΟΥΜΕ	0049a,0090a	1	0	suspect	low
ΚΤΙΖΕΤΑΙ	ΧΤΙΖΕΤΑΙ	0027a,0152a	0	0	unseen	low
ΠΛΑΤΕΣ	ΠΛΑΤΟΣ	0032b,0130a	1	0	suspect	low
ΑΘΑΝΑΤΕΣ	ΑΘΑΝΑΤΟΣ	0148a,0152a	0	0	unseen	low
ΧΑΡΑΚΤΗΡΙΣΕΙ	ΧΑΡΑΚΤΗΡΙΖΕΙ	0171a,0177a	1	0	suspect	low
ΝΟΜΙΣΕΤΕ	ΝΟΜΙΖΕΤΕ	0148a,0152a	0	0	unseen	low
ΓΑΠΗΜΕΝΟ	ΓΑΠΗΜΕΝΕ	0071a,0128a	2	0	suspect	low
ΑΝΕΧΩΡΗΣΕ	ΑΠΕΧΩΡΗΣΕ	0073a,0151a	0	0	unseen	low
ΣΤΕΡΙΑ	ΣΤΕΡΚΑ	0004b,0020b	1	0	suspect	low
ΧΩΡΕΣ	ΧΩΡΟΣ	0005a,0014a,0017b,0023a,0028a,0030b,0031a,0032a,0044b,0047b,0051a,0054a,0079a,0084a,0097a,0099a,0106a,0118a,0173a	5	0	suspect	low
ΠΑΡΟΥΣΙΑΣΕΙ	ΠΑΡΟΥΣΙΑΖΕΙ	0008b,0028b,0029b,0036b,0055b,0074a,0144a	4	0	suspect	low
ΛΕΥΚΑ	ΛΟΥΚΑ	0006a,0060a,0062a,0155a,0179a	1	0	suspect	low
ΠΙΤΣΑ	ΝΙΤΣΑ	0018b,0020b,0038a,0039a	4	0	suspect	low
ΑΡΧΙΣΕΙ	ΑΡΧΙΖΕΙ	0005a,0014b,0023b,0035a,0035b,0050b,0053a,0054b,0058b,0085a,0090a,0094a,0104a,0116a,0119a,0124a,0141a,0143a,0170a,0177a	4	0	suspect	low
ΜΑΚΗΣ	ΜΑΧΗΣ	0005b,0028b,0039a,0051a,0054b,0055a,0074a,0138a,0154a	7	0	suspect	low
ΝΙΚΟΛΑΟ	ΝΙΚΟΛΑΣ	0038a,0058b,0078a,0097a,0099a,0114a,0176a	3	0	suspect	low
ΓΙΝΟΥΜΕ	ΠΙΝΟΥΜΕ	0013b,0019b,0027b,0117a,0122a,0146a	4	0	suspect	low
ΣΚΛΗΡΟΣ	ΣΚΛΗΡΕΣ	0004b,0038b	1	0	suspect	low
ΜΕΡΑΚΙ	ΝΕΡΑΚΙ	0095a,0171a,0174a	0	0	unseen	low
ΔΗΜΟΤΙΚΟΣ	ΔΗΜΟΤΙΚΕΣ	0022a,0078a,0161a	0	0	unseen	low
ΡΕΥΜΑΤΑ	ΓΕΥΜΑΤΑ	0044a,0084a,0128a	0	0	unseen	low
ΔΟΣΗΣ	ΔΟΞΗΣ	0007a,0023a,0172a	0	0	unseen	low
ΚΟΡΙΑ	ΚΕΡΙΑ	0008a,0028a,0148a	0	0	unseen	low
ΠΟΛΥΑΓΑΠΗΜΕΝΟ	ΠΟΛΥΑΓΑΠΗΜΕΝΕ	0023a,0030b,0115a	1	0	suspect	low
ΤΟΠΟΙ	ΤΟΝΟΙ	0017b,0101a,0115a	2	0	suspect	low
ΜΟΝΑΧΕΣ	ΜΟΝΑΧΟΣ	0018b,0029b,0084a	1	0	suspect	low
ΕΦΑΡΜΟΣΕΙ	ΕΦΑΡΜΟΖΕΙ	0022a,0025b,0064a	0	0	unseen	low
ΔΗΜΙΟΥΡΓΕ	ΔΗΜΙΟΥΡΓΟ	0106a,0128a	1	0	suspect	low
ΣΤΕΓΑΝΑ	ΣΤΕΡΑΝΑ	0035b,0147a	2	0	suspect	low
ΕΣΩΤΕΡΙΚΗ	ΕΞΩΤΕΡΙΚΗ	0036b,0043b,0095a	1	0	suspect	low
ΕΞΟΔΟ	ΕΣΟΔΟ	0050b,0058b,0124a	1	0	suspect	low
ΠΑΓΕΤΟ	ΠΑΓΕΡΟ	0051a,0118a,0133a	1	0	suspect	low
ΑΙΤΙΑ	ΑΡΤΙΑ	0016b,0024a,0033a,0050b,0055b,0067a,0074a,0092a	3	0	suspect	low
ΖΑΧΑΡΙΚΗΣ	ΣΑΧΑΡΙΚΗΣ	0004b,0060a,0068a,0078a,0090a,0094a	0	0	unseen	low
ΑΓΡΟΤΙΚΕΣ	ΑΓΡΟΤΙΚΟΣ	0024b,0025b,0028b,0098a,0136a,0139a	2	0	suspect	low
ΠΕΙΝΑ	ΠΕΡΝΑ	0004a,0038b,0102a	3	0	suspect	low
ΒΛΕΠΩ	ΕΛΕΠΩ	0006a,0043a,0122a,0166a	1	0	suspect	low
ΓΕΡΝΟΥΝ	ΠΕΡΝΟΥΝ	0024b,0046b,0060a,0074a,0179a	1	0	suspect	low
ΣΥΝΕΧΙΣΟΥΝ	ΣΥΝΕΧΙΖΟΥΝ	0007b,0053a,0155a,0173a	2	0	suspect	low
ΜΑΖΕΨΟΥΝ	ΜΑΖΕΥΟΥΝ	0043b,0064a,0115a	2	0	suspect	low
ΧΑΡΟΥΜΕΝΕΣ	ΧΑΡΟΥΜΕΝΟΣ	0058a,0085a,0159a,0160a	2	0	suspect	low
ΜΕΓΑΛΟΣ	ΜΕΓΑΛΕΣ	0004b,0006a,0007a,0007b,0008a,0012b,0013a,0013b,0017a,0020b,0022b,0024a,0032b,0035a,0052b,0065a,0067a,0070a,0074a,0082a,0084a,0086a,0088a,0109a,0110a,0118a,0122a,0136a,0170a	25	0	suspect	low
ΕΠΑΦΗ	ΕΤΑΦΗ	0006a,0015a,0019b,0023b,0024a,0039b,0049a,0050b,0082a,0104a,0127a,0159a,0175a	2	0	suspect	low
ΜΑΙΡΗ	ΜΑΚΡΗ	0038b,0046a,0062a,0065a,0067a,0073a,0115a,0155a	6	0	suspect	low
ΠΟΛΙΤΙΚΕΣ	ΠΟΛΙΤΙΚΟΣ	0018b,0023a,0043b,0049a,0053a,0136a,0159a	2	0	suspect	low
ΚΑΤΑΛΛΗΛΕΣ	ΚΑΤΑΛΛΗΛΟΣ	0006a,0006b,0071a,0100a,0120a	4	0	suspect	low
ΝΕΑΡΕΣ	ΝΕΑΡΟΣ	0027b,0044a,0075a,0151a	2	0	suspect	low
ΘΕΙΕΣ	ΘΕΙΟΣ	0026a,0049b,0065a,0067a	0	0	unseen	low
ΑΝΩΤΕΡΕΣ	ΑΝΩΤΕΡΟΣ	0004a,0039b,0107a	1	0	suspect	low
ΔΙΑΒΑΖΕΙ	ΔΙΑΒΑΣΕΙ	0005a,0013a,0058b	0	0	unseen	low
ΚΛΑΙΜΕ	ΚΛΑΙΝΕ	0014b,0170a	0	0	unseen	low
ΦΡΟΝΤΙΖΟΥΜΕ	ΦΡΟΝΤΙΣΟΥΜΕ	0024a,0036b,0125a	2	0	suspect	low
ΓΕΜΙΖΕΙ	ΓΕΜΙΣΕΙ	0080a,0121a,0131a	1	0	suspect	low
ΓΙΝΕΙΣ	ΠΙΝΕΙΣ	0023a,0145a,0150a	1	0	suspect	low
ΑΓΑΠΑΜΕ	ΑΓΑΠΑΝΕ	0024a,0039b,0131a	1	0	suspect	low
ΖΑΧΑΡΟΠΛΑΣΤΙΚΗΣ	ΞΑΧΑΡΟΠΛΑΣΤΙΚΗΣ	0027a,0055b,0172a	1	0	suspect	low
ΔΟΥΛΕΥΕΙ	ΔΟΥΛΕΨΕΙ	0025a,0025b,0058b	1	0	suspect	low
ΑΙΤΙΟ	ΑΡΤΙΟ	0026a,0065a,0067a	0	0	unseen	low
ΔΟΥΛΕΥΕ	ΔΟΥΛΕΨΕ	0094a,0113a,0165a	1	0	suspect	low
ΤΑΞΕΙΣ	ΤΑΣΕΙΣ	0036b,0056b,0070a	1	0	suspect	low
ΕΜΒΟΛΙΑΖΕΙ	ΕΜΒΟΛΙΑΣΕΙ	0075a,0092a,0171a	0	0	unseen	low
ΑΝΤΙΜΕΤΩΠΙΖΟΥΜΕ	ΑΝΤΙΜΕΤΩΠΙΣΟΥΜΕ	0003b,0104a	1	0	suspect	low
ΣΗΜΑΝΤΙΚΕΣ	ΣΗΜΑΝΤΙΚΟΣ	0004a,0045a	1	0	suspect	low
ΠΑΛΑΙΕΣ	ΠΑΛΑΙΟΣ	0044b,0117a	2	0	suspect	low
ΥΨΗΛΕΣ	ΥΨΗΛΟΣ	0054b,0137a	0	0	unseen	low
ΞΕΧΝΑΤΕ	ΣΕΧΝΑΤΕ	0005b,0098a	0	0	unseen	low
ΝΙΑΡΟΣ	ΝΤΑΡΟΣ	0042a	0	0	unseen	low
ΠΡΩΙΜΑ	ΠΡΩΙΝΑ	0006b,0043b	0	0	unseen	low
ΣΥΝΗΘΙΖΟΥΝ	ΣΥΝΗΘΙΣΟΥΝ	0006b,0025b	1	0	suspect	low
ΧΤΙΖΕΙ	ΧΤΙΣΕΙ	0042b,0137a	0	0	unseen	low
ΚΤΙΣΕΙ	ΧΤΙΣΕΙ	0130a,0143a	1	0	suspect	low
ΕΥΕΡΓΕΤΙΚΕΣ	ΕΥΕΡΓΕΤΙΚΟΣ	0008b,0013b	1	0	suspect	low
ΔΟΥΛΕΥΑΝ	ΔΟΥΛΕΨΑΝ	0130a,0176a	1	0	suspect	low
ΛΑΙΚΕΣ	ΛΑΙΚΟΣ	0009a,0058b	1	0	suspect	low
ΡΧΙΖΕΙ	ΡΧΙΣΕΙ	0012b,0118a	1	0	suspect	low
ΜΠΑΜΙΑΣ	ΜΠΑΝΙΑΣ	0024a,0132a	0	0	unseen	low
ΦΥΤΕΥΟΥΜΕ	ΦΥΤΕΨΟΥΜΕ	0064a,0153a	0	0	unseen	low
ΠΟΙΟΙ	ΠΟΡΟΙ	0017b,0175a	2	0	suspect	low
ΑΝΑΚΑΙΝΙΖΕΙ	ΑΝΑΚΑΙΝΙΣΕΙ	0020a,0138a	0	0	unseen	low
ΣΩΖΕΙ	ΣΩΣΕΙ	0097a,0161a	1	0	suspect	low
ΣΥΝΟΔΟΥ	ΣΥΝΟΛΟΥ	0020a,0035b	2	0	suspect	low
ΘΕΩΡΕ	ΘΕΩΡΟ	0020b,0162a	2	0	suspect	low
ΒΥΖΑΝΤΙΝΕΣ	ΒΥΖΑΝΤΙΝΟΣ	0020b,0050b	0	0	unseen	low
ΠΟΣΟΥΣ	ΤΟΣΟΥΣ	0022b	2	0	suspect	low
ΙΑΤΡΙΚΕΣ	ΙΑΤΡΙΚΟΣ	0023a,0030b	0	0	unseen	low
ΤΣΕΡΜΠΑ	ΤΣΕΡΜΤΑ	0030a,0032a	0	0	unseen	low
ΔΙΑΒΑΖΑΜΕ	ΔΙΑΒΑΣΑΜΕ	0030a,0042b	0	0	unseen	low
ΚΕΙΝΕΣ	ΚΕΙΝΟΣ	0150a	0	0	unseen	low
ΟΡΙΖΕΙ	ΟΡΙΣΕΙ	0035a,0088a	0	0	unseen	low
ΛΑΙΚΟΥΣ	ΛΑΚΚΟΥΣ	0009a,0104a	1	0	suspect	low
ΠΑΙΔΙΚΗΣ	ΠΑΡΔΙΚΗΣ	0038b,0052b	1	0	suspect	low
ΜΟΙΡΑΖΑΝ	ΜΟΙΡΑΣΑΝ	0046a,0050b	0	0	unseen	low
ΕΒΔΟΜΑΔΕΣ	ΕΒΔΟΜΑΔΟΣ	0077a,0098a	0	0	unseen	low
ΕΣΥΝΕΦΙΑΖΑΝ	ΕΣΥΝΕΦΙΑΣΑΝ	0057b	0	0	unseen	low
ΠΑΡΑΔΟΣΙΑΚΕΣ	ΠΑΡΑΔΟΣΙΑΚΟΣ	0058a,0095a	1	0	suspect	low
ΤΕΚΝΩΝ	ΤΕΧΝΩΝ	0151a	2	0	suspect	low
ΦΗΜΕΣ	ΦΗΝΕΣ	0059a,0115a	0	0	unseen	low
ΖΙΑΔΡΑ	ΣΙΑΔΡΑ	0127a,0176a	0	0	unseen	low
ΑΛΛΑΖΟΥΝ	ΑΛΛΑΞΟΥΝ	0149a,0154a	0	0	unseen	low
ΕΠΗΓΑΜΕ	ΕΠΗΡΑΜΕ	0066a	0	0	unseen	low
ΦΡΟΝΤΙΖΑΝ	ΦΡΟΝΤΙΣΑΝ	0071a,0130a	2	0	suspect	low
ΛΑΚΙΑ	ΛΑΚΚΑ	0012b	1	0	suspect	low
ΜΑΖΕΥΕ	ΜΑΖΕΨΕ	0086a,0094a	1	0	suspect	low
ΤΣΕΡΜΤΑ	ΤΣΕΡΝΤΑ	0089a	0	0	unseen	low
ΜΑΙΡΗΣ	ΜΑΚΡΗΣ	0053a,0081a	2	0	suspect	low
ΠΑΝΤΑΖΗΛΟΥ	ΠΑΝΤΑΞΗΛΟΥ	0032b	0	0	unseen	low
ΓΙΩΤΗΣ	ΡΙΩΤΗΣ	0095a	1	0	suspect	low
ΑΓΑΠΗΜΕΝΕΣ	ΑΓΑΠΗΜΕΝΟΣ	0009a	0	0	unseen	low
ΛΟΓΙΕΣ	ΛΟΓΙΟΣ	0003a	0	0	unseen	low
ΚΑΘΟΡΙΣΜΕΝΕΣ	ΚΑΘΟΡΙΣΜΕΝΟΣ	0003a	0	0	unseen	low
ΠΑΝΟΙ	ΠΑΝΟΤ	0061a	0	0	unseen	low
ΠΕΙΝΟΥΝ	ΤΕΙΝΟΥΝ	0003a	0	0	unseen	low
ΕΖΩΣΕ	ΕΣΩΣΕ	0024a	0	0	unseen	low
ΑΠΕΦΟΙΤΗΣΕ	ΑΠΟΦΟΙΤΗΣΕ	0003b	0	0	unseen	low
ΣΥΝΕΧΙΖΟΜΕΝΕΣ	ΣΥΝΕΧΙΖΟΜΕΝΟΣ	0003b	0	0	unseen	low
ΜΠΟΓΡΗ	ΜΠΟΤΡΗ	0146a	1	0	suspect	low
ΜΠΟΡΡΗ	ΜΠΟΤΡΗ	0078a	0	0	unseen	low
ΚΑΡΔΑΜΗ	ΚΑΡΔΑΝΗ	0053b	0	0	unseen	low
ΚΑΒΑΛΑ	ΚΑΡΑΛΑ	0151a	0	0	unseen	low
ΚΑΠΕΡΙ	ΚΑΠΟΡΙ	0049a	0	0	unseen	low
ΣΙΔΕΡΕΝΙΕΣ	ΣΙΔΕΡΕΝΙΟΣ	0004b	1	0	suspect	low
ΠΙΘΑΝΟ	ΠΙΦΑΝΟ	0004b	0	0	unseen	low
ΣΧΕΔΙΑΖΕΙ	ΣΧΕΔΙΑΣΕΙ	0005a	0	0	unseen	low
ΣΧΕΔΙΑΖΕ	ΣΧΕΔΙΑΣΕ	0005a	1	0	suspect	low
ΑΝΑΓΓΕΙΛΕΙ	ΑΠΑΓΓΕΙΛΕΙ	0005a	0	0	unseen	low
ΑΙΣΙΟΔΟΞΕΣ	ΑΙΣΙΟΔΟΞΟΣ	0005a	0	0	unseen	low
ΕΥΡΥΤΕΡΕΣ	ΕΥΡΥΤΕΡΟΣ	0005b	0	0	unseen	low
ΠΑΝΤΑΞΗΣ	ΠΑΝΤΑΣΗΣ		0	0	unseen	low
ΓΑΖΙΑ	ΤΑΖΙΑ	0006a	1	0	suspect	low
ΑΠΟΡΕΣ	ΑΠΟΡΟΣ	0006a	0	0	unseen	low
ΜΠΑΣΙΑΣ	ΜΠΑΣΤΑΣ	0006b	0	0	unseen	low
ΜΟΥΣΓΑ	ΜΟΥΣΤΑ	0007a	1	0	suspect	low
ΤΣΙΜΕΝΤΕΝΙΕΣ	ΤΣΙΜΕΝΤΕΝΙΟΣ	0176a	0	0	unseen	low
ΖΑΒΡΑ	ΖΑΘΡΑ	0007a	1	0	suspect	low
ΖΑΒΡΑ	ΣΑΒΡΑ	0007a	1	0	suspect	low
ΒΕΓΓΟΥ	ΒΕΡΓΟΥ	0023a	0	0	unseen	low
ΦΡΟΝΤΙΖΕΙΣ	ΦΡΟΝΤΙΣΕΙΣ	0078a	0	0	unseen	low
ΤΑΓΙΑ	ΤΑΤΙΑ	0008a	0	0	unseen	low
ΠΑΡΟΔΟ	ΠΑΡΟΛΟ	0008a	1	0	suspect	low
ΔΙΑΜΕΝΟΝΤΕΣ	ΔΙΑΜΕΝΟΝΤΟΣ	0021a	0	0	unseen	low
ΔΕΚΑΡΑ	ΔΕΚΑΤΑ	0162a	0	0	unseen	low
ΣΤΟΛΙΖΕ	ΣΤΟΛΙΣΕ	0009a	0	0	unseen	low
ΕΦΑΡΜΟΖΑΝ	ΕΦΑΡΜΟΣΑΝ	0009a	0	0	unseen	low
ΧΙΛΙΟΜ	ΧΙΛΙΟΝ	0012b	1	0	suspect	low
ΖΩΝΤΑΝΕΣ	ΖΩΝΤΑΝΟΣ	0009b	1	0	suspect	low
ΝΙΠΤΗΡΕΣ	ΝΙΠΤΗΡΟΣ	0009b	0	0	unseen	low
ΔΙΑΖΕΙ	ΔΡΑΖΕΙ	0103a	0	0	unseen	low
ΜΑΚΑΣ	ΜΑΧΑΣ	0043a	0	0	unseen	low
ΓΟΥΛΙ	ΠΟΥΛΙ	0010b	1	0	suspect	low
ΒΑΛΑΜΕ	ΒΑΛΑΝΕ	0010b	1	0	suspect	low
ΤΟΝΕΣ	ΤΟΠΕΣ	0150a	0	0	unseen	low
ΚΑΠΝΑ	ΚΑΠΠΑ	0022b	0	0	unseen	low
ΛΑΙΟΣ	ΛΑΚΟΣ	0095a	0	0	unseen	low
ΠΕΡΝΑΜΕ	ΠΕΡΝΑΝΕ	0012b	0	0	unseen	low
ΠΕΛΩΡΙΕΣ	ΠΕΛΩΡΙΟΣ	0108a	1	0	suspect	low
ΚΑΤΟΙΚΗΜΕΝΕΣ	ΚΑΤΟΙΚΗΜΕΝΟΣ	0057b	0	0	unseen	low
ΚΤΙΣΟΥΝ	ΧΤΙΣΟΥΝ	0012b	1	0	suspect	low
ΚΤΙΖΟΥΝ	ΚΤΙΣΟΥΝ	0070a	1	0	suspect	low
ΠΑΡΟΥ	ΠΑΡΟΧ	0075a	0	0	unseen	low
ΑΓΡΕΣ	ΑΠΡΕΣ		0	0	unseen	low
ΓΙΑΖΟΓΛΟΥ	ΓΙΑΣΟΓΛΟΥ	0012b	0	0	unseen	low
ΧΑΡΗΚΑΜΕ	ΧΑΡΗΚΑΝΕ	0012b	0	0	unseen	low
ΧΑΛΚΙΝΕΣ	ΧΑΛΚΙΝΟΣ	0027a	0	0	unseen	low
ΔΡΑΚΟ	ΔΡΑΧΟ	0013a	0	0	unseen	low
ΔΙΑΚΟ	ΔΡΑΚΟ	0018b	0	0	unseen	low
ΔΙΣΤΑΖΕ	ΔΙΣΤΑΣΕ	0053a	0	0	unseen	low
ΠΡΩΤΟΓΕΝΟΥΣ	ΠΡΩΤΟΓΟΝΟΥΣ	0013b	0	0	unseen	low
ΑΓΝΩΣΤΕΣ	ΑΓΝΩΣΤΟΣ	0013b	0	0	unseen	low
ΠΕΛΛΕΝΗΣ	ΠΕΛΛΟΝΗΣ	0026b	0	0	unseen	low
ΕΓΚΑΤΑΛΕΙΜΜΕΝΕΣ	ΕΓΚΑΤΑΛΕΙΜΜΕΝΟΣ	0014a	0	0	unseen	low
ΓΙΟΡΤΑΖΑΝ	ΓΙΟΡΤΑΣΑΝ	0118a	0	0	unseen	low
ΛΕΞΕΩΣ	ΛΕΣΕΩΣ	0014b	1	0	suspect	low
ΕΠΗΡΕΑΖΕΙ	ΕΠΗΡΕΑΣΕΙ	0032a	0	0	unseen	low
ΑΕΙΟΥ	ΔΕΙΟΥ	0014b	0	0	unseen	low
ΛΕΓΟΥΜΕ	ΛΕΓΟΥΝΕ	0107a	0	0	unseen	low
ΕΝΝΟΟΥΣΕ	ΕΥΝΟΟΥΣΕ	0039a	1	0	suspect	low
ΔΙΑΦΩΤΙΖΕΙ	ΔΙΑΦΩΤΙΣΕΙ	0014b	0	0	unseen	low
ΤΟΝΩΤΙΚΕΣ	ΤΟΝΩΤΙΚΟΣ	0046b	1	0	suspect	low
ΑΓΟΡΑΖΑΝ	ΑΓΟΡΑΣΑΝ	0015a	0	0	unseen	low
ΦΛΟΓΕΡΕΣ	ΦΛΟΓΕΡΟΣ	0015a	1	0	suspect	low
ΦΕΥΓΑ	ΦΟΥΓΑ	0025a	1	0	suspect	low
ΣΑΠΙΟ	ΣΑΠΤΟ	0016b	0	0	unseen	low
ΙΔΙΩΤΩΝ	ΙΔΡΩΤΩΝ	0017a	0	0	unseen	low
ΚΑΛΑΒΑΣ	ΚΑΛΑΡΑΣ	0031a	0	0	unseen	low
ΛΕΣΒΟ	ΛΕΣΡΟ	0017a	0	0	unseen	low
ΕΔΟΥΣΑ	ΟΔΟΥΣΑ	0166a	0	0	unseen	low
ΓΙΑΝΝΑΚΑΔΗΣ	ΓΙΑΝΝΑΚΑΛΗΣ	0017b	0	0	unseen	low
ΥΠΑΙΘΡΙΕΣ	ΥΠΑΙΘΡΙΟΣ	0017b	0	0	unseen	low
ΕΥΓΕΝΙΚΕΣ	ΕΥΓΕΝΙΚΟΣ	0031b	0	0	unseen	low
ΓΕΛΕΚΑΣ	ΓΟΛΕΚΑΣ	0059a	0	0	unseen	low
ΘΕΤΗΣ	ΦΕΤΗΣ	0018a	0	0	unseen	low
ΑΓΟΡΑΖΕΤΕ	ΑΓΟΡΑΣΕΤΕ	0018a	1	0	suspect	low
ΔΙΑΚΟ	ΛΙΑΚΟ	0018b	0	0	unseen	low
ΑΓΟΓΑΝΗ	ΑΓΟΡΑΝΗ	0172a	0	0	unseen	low
ΕΚΤΙΖΑΝ	ΕΧΤΙΖΑΝ	0019a	0	0	unseen	low
ΚΡΑΤΑΜΕ	ΚΡΑΤΑΝΕ	0041b	1	0	suspect	low
ΓΑΡΔΕΝΙΑ	ΠΑΡΔΕΝΙΑ	0109a	0	0	unseen	low
ΑΓΟΡΩΝ	ΑΠΟΡΩΝ	0054b	1	0	suspect	low
ΠΑΙΝΕ	ΤΑΙΝΕ	0020b	0	0	unseen	low
ΡΗΜΑΤΑ	ΤΗΜΑΤΑ	0020b	1	0	suspect	low
ΛΗΣΜΟΝΗΤΕ	ΛΗΣΜΟΝΗΤΟ	0115a	0	0	unseen	low
ΠΡΟΣΠΑΘΕ	ΠΡΟΣΠΑΘΟ	0150a	1	0	suspect	low
ΚΤΙΣΑΝ	ΧΤΙΣΑΝ	0126a	1	0	suspect	low
ΦΗΜΕΡΙΟ	ΦΗΜΕΡΙΣ	0020b	1	0	suspect	low
ΧΑΜΕΝΕΣ	ΧΑΜΕΝΟΣ	0112a	0	0	unseen	low
ΜΑΥΡΑΚΗΣ	ΝΑΥΡΑΚΗΣ	0021a	1	0	suspect	low
ΜΗΝΑΙΑ	ΜΗΝΑΚΑ	0032a	0	0	unseen	low
ΟΥΡΑΝΙΕΣ	ΟΥΡΑΝΙΟΣ	0022a	0	0	unseen	low
ΑΙΓΕΣ	ΑΙΡΕΣ	0022b	0	0	unseen	low
ΔΑΚΟΥΡΓΟΣ	ΛΑΚΟΥΡΓΟΣ	0022b	0	0	unseen	low
ΕΧΤΙΖΑΝ	ΕΧΤΙΣΑΝ	0176a	0	0	unseen	low
ΞΑΝΑΠΗΓΑΝ	ΞΑΝΑΠΗΡΑΝ	0097a	0	0	unseen	low
ΒΟΛΕΥ	ΒΟΛΟΥ	0022b	0	0	unseen	low
ΒΓΝΙΟΣ	ΒΓΝΤΟΣ	0026b	0	0	unseen	low
ΚΕΡΑΚΙΑ	ΧΕΡΑΚΙΑ	0050b	0	0	unseen	low
ΚΟΡΕΛΑ	ΚΟΡΟΛΑ	0023a	0	0	unseen	low
ΟΥΛΟΚΙΑ	ΣΥΛΟΚΙΑ	0023b	0	0	unseen	low
ΚΟΥΡΤΗ	ΚΟΥΤΤΗ	0074a	1	0	suspect	low
ΚΟΥΤΡΗ	ΚΟΥΤΤΗ	0028a	1	0	suspect	low
ΘΩΜΗΣ	ΘΩΝΗΣ	0081a	1	0	suspect	low
ΜΕΤΑΚΟΜΙΖΕΙΣ	ΜΕΤΑΚΟΜΙΞΕΙΣ	0042b	0	0	unseen	low
ΓΝΩΡΙΖΑΜΕ	ΓΝΩΡΙΣΑΜΕ	0112a	1	0	suspect	low
ΠΑΛΙΕΣ	ΠΑΛΙΟΣ	0048a	0	0	unseen	low
ΜΑΤΑΙΕΣ	ΜΑΤΑΙΟΣ	0024b	0	0	unseen	low
ΣΤΑΘΗ	ΣΤΑΦΗ	0024b	0	0	unseen	low
ΔΙΑΔΑ	ΔΙΑΛΑ	0116a	0	0	unseen	low
ΣΠΑΣΕ	ΣΤΑΣΕ	0025a	0	0	unseen	low
ΓΥΡΙΖΑ	ΓΥΡΙΣΑ	0025a	0	0	unseen	low
ΠΙΣΚΕΦΘΕ	ΠΙΣΚΕΦΘΟ	0083a	1	0	suspect	low
ΠΑΞΙΑ	ΤΑΞΙΑ	0025a	1	0	suspect	low
ΝΤΕΒΕΣ	ΝΤΕΡΕΣ	0025a	0	0	unseen	low
ΦΟΒΗΘΗΚΑΜΕ	ΦΟΡΗΘΗΚΑΜΕ	0039b	0	0	unseen	low
ΛΕΓΚΟΥ	ΛΕΓΧΟΥ	0089a	0	0	unseen	low
ΕΙΠΑΣΕ	ΕΡΠΑΣΕ	0144a	0	0	unseen	low
ΚΤΥΠΗΣΑΝ	ΧΤΥΠΗΣΑΝ	0025b	0	0	unseen	low
ΓΥΡΕΥΕΙΣ	ΓΥΡΕΨΕΙΣ	0145a	0	0	unseen	low
ΔΙΑΣΚΕΥΗ	ΔΙΑΣΚΕΨΗ	0029b	0	0	unseen	low
ΜΑΖΕΥΕΙ	ΜΑΖΕΨΕΙ	0171a	1	0	suspect	low
ΑΓΩΝΙΕΣ	ΑΙΩΝΙΕΣ	0068a	0	0	unseen	low
ΔΙΑΒΑΖΕΤΕ	ΔΙΑΒΑΣΕΤΕ	0026b	0	0	unseen	low
ΑΛΟΨΥΧΑ	ΔΛΟΨΥΧΑ	0026b	0	0	unseen	low
ΔΙΣΤΑΖΑ	ΔΙΣΤΑΣΑ	0026b	0	0	unseen	low
ΒΓΝΙΟΣ	ΒΙΝΙΟΣ	0026b	0	0	unseen	low
ΤΑΜΕΙΑΚΕΣ	ΤΑΜΕΙΑΚΟΣ	0027a	0	0	unseen	low
ΠΕΔΙΟΥ	ΠΟΔΙΟΥ	0088a	1	0	suspect	low
ΣΚΙΟΔΑ	ΣΚΙΣΔΑ	0028b	0	0	unseen	low
ΕΚΠΑΙΔΕΥΤΙΚΕΣ	ΕΚΠΑΙΔΕΥΤΙΚΟΣ	0028b	0	0	unseen	low
ΟΠΕΡΑ	ΟΠΟΡΑ	0030b	1	0	suspect	low
ΒΙΓΙΑ	ΒΙΠΙΑ	0031a	0	0	unseen	low
ΓΕΜΙΣΤΕΣ	ΓΕΜΙΣΤΟΣ	0081a	0	0	unseen	low
ΜΑΤΟΣ	ΝΑΤΟΣ	0130a	1	0	suspect	low
ΣΠΑΓΚΟΥ	ΣΠΑΡΚΟΥ	0031a	0	0	unseen	low
ΠΛΗΓΩΝ	ΠΛΗΡΩΝ	0125a	0	0	unseen	low
ΓΕΤΟΣ	ΤΕΤΟΣ		0	0	unseen	low
ΠΑΓΑΝΑΣ	ΠΑΙΑΝΑΣ	0074a	0	0	unseen	low
ΑΥΓΕΡΗ	ΛΥΓΕΡΗ	0031b	0	0	unseen	low
ΣΙΑΦΡΑ	ΣΤΑΦΡΑ	0032a	0	0	unseen	low
ΡΗΧΕΣ	ΡΗΧΟΣ	0095a	1	0	suspect	low
ΑΣΤΙΚΕΣ	ΑΣΤΙΚΟΣ	0032a	0	0	unseen	low
ΜΠΟΡΕΣ	ΜΠΟΤΕΣ	0023a	0	0	unseen	low
ΔΙΑΝΟΟΥΜΕΝΕΣ	ΔΙΑΝΟΟΥΜΕΝΟΣ	0032b	0	0	unseen	low
ΔΙΑΒΙΩΣΗ	ΔΙΑΒΡΩΣΗ	0039a	1	0	suspect	low
ΠΡΟΞΕΝΙΚΕΣ	ΠΡΟΞΕΝΙΚΟΣ	0050b	0	0	unseen	low
ΓΚΛΑΚΕΣ	ΓΚΛΑΚΟΣ	0051a	0	0	unseen	low
ΤΑΖΙΑ	ΤΑΞΙΑ		0	0	unseen	low
ΔΑΟΝΙΑ	ΔΑΦΝΙΑ	0150a	0	0	unseen	low
ΚΑΦΕΤΖΗ	ΚΑΦΕΤΣΗ	0158a	1	0	suspect	low
ΔΙΑΦΟΡΕΤΙΚΕΣ	ΔΙΑΦΟΡΕΤΙΚΟΣ	0073a	0	0	unseen	low
ΣΗΡΑΜΕ	ΣΗΤΑΜΕ	0094a	0	0	unseen	low
ΣΠΑΘΙΑ	ΣΠΑΘΡΑ	0042a	1	0	suspect	low
ΔΕΔΟΥΡΗ	ΔΟΔΟΥΡΗ	0148a	0	0	unseen	low
ΤΣΑΡΝΤΑΣ	ΤΣΑΡΥΤΑΣ	0041b	0	0	unseen	low
ΖΑΧΑΡΟΠΟΥΛΟΣ	ΣΑΧΑΡΟΠΟΥΛΟΣ	0133a	0	0	unseen	low
ΚΙΝΟΥΜΕΝΕΣ	ΚΙΝΟΥΜΕΝΟΣ	0105a	0	0	unseen	low
ΞΙΟΥΣ	ΣΙΟΥΣ	0130a	1	0	suspect	low
ΠΑΡΑΓΩΓΕΣ	ΠΑΡΑΓΩΓΟΣ	0049a	0	0	unseen	low
ΔΙΑΚΟΣ	ΔΡΑΚΟΣ	0039a	0	0	unseen	low
ΓΡΑΦΙΚΕΣ	ΓΡΑΦΙΚΟΣ	0042b	1	0	suspect	low
ΑΓΩΓΟΥ	ΑΡΩΓΟΥ	0050b	0	0	unseen	low
ΣΥΝΕΧΙΖΕΙΣ	ΣΥΝΕΧΙΣΕΙΣ	0080a	0	0	unseen	low
ΛΕΙΩΝΕΙ	ΛΕΡΩΝΕΙ	0042a	1	0	suspect	low
ΖΟΥΖΟΥΛΑΣ	ΣΟΥΖΟΥΛΑΣ	0176a	0	0	unseen	low
ΠΕΡΙΤΕΧΝΕΣ	ΠΕΡΙΤΕΧΝΟΣ	0080a	0	0	unseen	low
ΠΕΙΝΟΥΣΑΝ	ΠΕΡΝΟΥΣΑΝ	0054b	0	0	unseen	low
ΜΑΖΕΥΕΙΣ	ΜΑΖΕΨΕΙΣ	0069a	0	0	unseen	low
ΕΞΩΤΕΡΙΚΗΣ	ΕΣΩΤΕΡΙΚΗΣ	0043b	0	0	unseen	low
ΤΟΠΟΘΕΤΗΜΕΝΕΣ	ΤΟΠΟΘΕΤΗΜΕΝΟΣ	0139a	0	0	unseen	low
ΑΣΠΡΑ	ΑΣΤΡΑ	0043b	0	0	unseen	low
ΠΑΡΑΤΑΞΗ	ΠΑΡΑΤΑΣΗ	0043b	0	0	unseen	low
ΑΝΕΒΩ	ΑΝΕΘΩ	0043b	0	0	unseen	low
ΕΒΓΑΖΕ	ΕΡΓΑΖΕ	0044a	0	0	unseen	low
ΣΒΗΣΕΙΣ	ΣΘΗΣΕΙΣ	0044a	0	0	unseen	low
ΕΝΤΥΠΩΣΙΑΖΟΥΝ	ΕΝΤΥΠΩΣΙΑΣΟΥΝ	0079a	0	0	unseen	low
ΚΟΝΔΙΤΣΑΣ	ΚΟΥΔΙΤΣΑΣ	0044b	0	0	unseen	low
ΡΙΓΕΣ	ΡΙΠΕΣ	0044b	0	0	unseen	low
ΑΝΗΦΟΡΙΖΕΙ	ΑΝΗΦΟΡΙΣΕΙ	0175a	0	0	unseen	low
ΑΝΕΡΧΟΜΕΝΗΣ	ΑΠΕΡΧΟΜΕΝΗΣ	0143a	0	0	unseen	low
ΚΩΝΣΤΑΝΤΙΝΑΔΗ	ΚΩΝΣΤΑΝΤΙΝΑΛΗ	0051a	0	0	unseen	low
ΑΝΙΨΙΕΣ	ΑΝΙΨΙΟΣ	0171a	0	0	unseen	low
ΠΑΝΤΕΖΕΛΟΣ	ΠΑΝΤΟΖΕΛΟΣ	0046b	0	0	unseen	low
ΕΠΙΣΚΕΥΑΖΑΝ	ΕΠΙΣΚΕΥΑΣΑΝ	0046b	0	0	unseen	low
ΓΕΝΙΩΝ	ΓΟΝΙΩΝ	0047b	1	0	suspect	low
ΚΑΦΕΖΑΧΑΡΟΠΛΑΣΤΕΙΟ	ΚΑΦΕΣΑΧΑΡΟΠΛΑΣΤΕΙΟ	0048a	0	0	unseen	low
ΑΡΧΙΣΑΜΕ	ΑΡΧΙΣΑΝΕ	0104a	1	0	suspect	low
ΣΥΝΕΔΡΙΑΖΕΙ	ΣΥΝΕΔΡΙΑΣΕΙ	0104a	0	0	unseen	low
ΤΕΡΕΝ	ΤΕΡΟΝ	0052a	0	0	unseen	low
ΚΑΜΕΝΗΣ	ΧΑΜΕΝΗΣ	0147a	0	0	unseen	low
ΛΟΓΓΟΣ	ΛΟΓΙΟΣ	0052b	1	0	suspect	low
ΚΑΡΤΕΡΙ	ΚΑΤΤΕΡΙ	0025b	1	0	suspect	low
ΡΑΓΙΖΕΙ	ΡΑΓΙΣΕΙ	0107a	0	0	unseen	low
ΖΑΧΑΡΑ	ΣΑΧΑΡΑ	0081a	0	0	unseen	low
ΡΥΘΜΙΖΟΥΝ	ΡΥΘΜΙΣΟΥΝ	0054b	1	0	suspect	low
ΠΙΕΣΑ	ΠΙΣΣΑ	0055a	0	0	unseen	low
ΒΟΛΟΙ	ΡΟΛΟΙ	0056a	0	0	unseen	low
ΜΑΖΕΥΑΜΕ	ΜΑΖΕΨΑΜΕ	0056a	0	0	unseen	low
ΕΚΤΙΖΕ	ΕΧΤΙΖΕ	0056b	1	0	suspect	low
ΣΤΕΝΕΥΕΙ	ΣΤΕΝΕΨΕΙ	0175a	0	0	unseen	low
ΑΔΥΝΑΤΙΖΕΙ	ΑΔΥΝΑΤΙΣΕΙ	0090a	0	0	unseen	low
ΜΝΗΣΤΗΡΕΣ	ΜΝΗΣΤΗΡΟΣ	0057b	1	0	suspect	low
ΚΑΙΝΟΥΡΓΙΕΣ	ΚΑΙΝΟΥΡΓΙΟΣ	0121a	1	0	suspect	low
ΤΟΝΙΖΩ	ΤΟΝΙΣΩ	0162a	1	0	suspect	low
ΔΙΑΚΟΝΑ	ΔΙΑΚΟΠΑ	0059a	0	0	unseen	low
ΜΑΝΩΡΙΩΤΗΣ	ΜΑΝΩΤΙΩΤΗΣ	0067a	0	0	unseen	low
ΝΟΝΕΣ	ΠΟΝΕΣ	0063a	0	0	unseen	low
ΓΙΑΚΑ	ΓΚΑΚΑ	0032b	1	0	suspect	low
ΔΑΜΑΖΩ	ΔΑΜΑΣΩ	0091a	0	0	unseen	low
ΘΡΑΚΑ	ΦΡΑΚΑ	0067a	0	0	unseen	low
ΚΑΝΕΣ	ΧΑΝΕΣ	0083a	0	0	unseen	low
ΕΣΠΟΥΔΑΖΕ	ΕΣΠΟΥΔΑΣΕ	0125a	0	0	unseen	low
ΛΟΓΤΑΝΙΚΟΣ	ΛΟΙΤΑΝΙΚΟΣ	0078a	0	0	unseen	low
ΒΕΡΤΑΔΕΙΚΑ	ΒΟΡΤΑΔΕΙΚΑ	0067a	0	0	unseen	low
ΔΕΡΙΑ	ΔΟΡΙΑ	0090a	0	0	unseen	low
ΟΥΛΟΥ	ΦΥΛΟΥ	0148a	0	0	unseen	low
ΠΟΝΕΣ	ΤΟΝΕΣ		0	0	unseen	low
ΕΥΧΑΡΗΤΗΡΙΑ	ΣΥΧΑΡΗΤΗΡΙΑ	0069a	0	0	unseen	low
ΚΡΕΜΜΥΔΑΣ	ΚΡΟΜΜΥΔΑΣ	0069a	1	0	suspect	low
ΚΑΜΙΤΣΗ	ΚΑΝΙΤΣΗ	0087a	0	0	unseen	low
ΠΡΟΩΘΕ	ΠΡΟΩΘΟ	0150a	0	0	unseen	low
ΠΕΡΟΥ	ΤΕΡΟΥ	0073a	0	0	unseen	low
ΜΟΙΡΑΖΟΥΝ	ΜΟΙΡΑΣΟΥΝ	0150a	0	0	unseen	low
ΚΑΤΟΧΡΕΣ	ΚΑΤΟΧΡΟΣ	0150a	0	0	unseen	low
ΟΙΚΟΓΕΝΕΙΑΚΕΣ	ΟΙΚΟΓΕΝΕΙΑΚΟΣ	0074a	0	0	unseen	low
ΟΡΘΙΕΣ	ΟΡΘΙΟΣ	0075a	0	0	unseen	low
ΕΘΑΥΜΑΖΑ	ΕΘΑΥΜΑΣΑ	0076a	0	0	unseen	low
ΕΔΑΦΙΑ	ΕΛΑΦΙΑ	0077a	0	0	unseen	low
ΜΕΡΙΕΣ	ΜΕΡΙΟΣ	0078a	0	0	unseen	low
ΜΠΟΓΡΗ	ΜΠΟΡΡΗ	0146a	1	0	suspect	low
ΕΙΡΗΝΙΚΕΣ	ΕΙΡΗΝΙΚΟΣ	0080a	0	0	unseen	low
ΑΡΡΩΣΤΕΣ	ΑΡΡΩΣΤΟΣ	0122a	0	0	unseen	low
ΠΑΝΛΑΚΟΣ	ΠΑΥΛΑΚΟΣ	0081a	0	0	unseen	low
ΣΥΝΗΘΙΖΟΥΜΕ	ΣΥΝΗΘΙΣΟΥΜΕ	0081a	0	0	unseen	low
ΔΟΥΛΕΥΟΥΜΕ	ΔΟΥΛΕΨΟΥΜΕ	0082a	1	0	suspect	low
ΣΧΗΜΑΤΙΖΟΥΝ	ΣΧΗΜΑΤΙΣΟΥΝ	0083a	0	0	unseen	low
ΚΡΑΤΑΓΕ	ΚΡΑΤΑΤΕ	0083a	1	0	suspect	low
ΠΡΟΟΜΕΝΗ	ΠΡΟΣΜΕΝΗ	0102a	0	0	unseen	low
ΞΥΠΗΡΕΤΕ	ΞΥΠΗΡΕΤΟ	0083a	0	0	unseen	low
ΠΟΤΕΛΕ	ΠΟΤΕΛΟ	0083a	0	0	unseen	low
ΕΖΗΤΗΣΕΝ	ΕΞΗΤΗΣΕΝ	0085a	0	0	unseen	low
ΑΝΕΔΕΙΧΘΗ	ΑΠΕΔΕΙΧΘΗ	0085a	0	0	unseen	low
ΔΟΠΟΙΙΑ	ΔΟΠΟΡΙΑ	0128a	0	0	unseen	low
ΔΟΚΙΜΑΖΕΙ	ΔΟΚΙΜΑΣΕΙ	0172a	0	0	unseen	low
ΜΗΡΜΠΙΛΗΣ	ΜΠΡΜΠΙΛΗΣ	0089a	0	0	unseen	low
ΜΠΑΝΕΖ	ΜΠΑΝΕΣ	0091a	0	0	unseen	low
ΜΕΣΗΜΒΡΙΑΝ	ΜΕΣΗΜΕΡΙΑΝ	0091a	0	0	unseen	low
ΣΤΕΦΑΝΙΔΟΥ	ΣΤΟΦΑΝΙΔΟΥ	0091a	0	0	unseen	low
ΑΓΕΛΕΣ	ΑΤΕΛΕΣ	0092a	0	0	unseen	low
ΘΕΛΗΣΗΣ	ΦΕΛΗΣΗΣ	0094a	1	0	suspect	low
ΞΕΚΟΥΡΑΖΕΙ	ΞΕΚΟΥΡΑΣΕΙ	0108a	0	0	unseen	low
ΛΑΓΟΣ	ΛΑΙΟΣ	0132a	0	0	unseen	low
ΧΡΕΝΟΠΟΥΛΟ	ΧΡΟΝΟΠΟΥΛΟ	0099a	0	0	unseen	low
ΣΑΒΙΑ	ΣΑΒΡΑ	0098a	0	0	unseen	low
ΣΥΓΚΟΙΝΩΝΙΑΚΕΣ	ΣΥΓΚΟΙΝΩΝΙΑΚΟΣ	0145a	0	0	unseen	low
ΥΠΟΒΑΘΜΙΣΜΕΝΗΣ	ΥΠΟΘΑΘΜΙΣΜΕΝΗΣ	0099a	0	0	unseen	low
ΒΛΕΠΕ	ΕΛΕΠΕ	0099a	0	0	unseen	low
ΤΟΥΡΖ	ΤΟΥΡΞ	0103a	0	0	unseen	low
ΠΛΗΓΩΝΟΥΝ	ΠΛΗΡΩΝΟΥΝ	0173a	0	0	unseen	low
ΑΜΕΙΩΤΕΣ	ΑΜΕΙΩΤΟΣ	0104a	1	0	suspect	low
ΘΑΛΑΣΣΙΝΟΥ	ΦΑΛΑΣΣΙΝΟΥ	0105a	0	0	unseen	low
ΔΕΙΟΥ	ΔΕΡΟΥ	0110a	0	0	unseen	low
ΠΑΓΟΥΣΑΝ	ΠΑΡΟΥΣΑΝ	0106a	0	0	unseen	low
ΤΟΜΟΣ	ΤΟΝΟΣ	0106a	1	0	suspect	low
ΜΟΥΝΤΕΣ	ΜΟΥΝΤΟΣ	0107a	0	0	unseen	low
ΚΟΠΑΡΙΣΙΟΥ	ΚΟΠΑΡΙΣΤΟΥ	0110a	0	0	unseen	low
ΓΑΣΟΝ	ΠΑΣΟΝ	0110a	0	0	unseen	low
ΚΟΥΡΕΥΟΥΝ	ΚΟΥΡΕΨΟΥΝ	0111a	1	0	suspect	low
ΚΑΙΜΑΚΙΑ	ΚΛΙΜΑΚΙΑ	0174a	0	0	unseen	low
ΔΟΥΛΕΣ	ΔΟΥΛΟΣ	0172a	0	0	unseen	low
ΠΑΙΔΙΚ	ΠΑΡΔΙΚ	0115a	1	0	suspect	low
ΓΕΡΟΝ	ΤΕΡΟΝ		0	0	unseen	low
ΑΙΟΥΣ	ΔΙΟΥΣ		0	0	unseen	low
ΜΠΑΛΙ	ΜΠΑΛΚ	0130a	0	0	unseen	low
ΙΣΟΓΕΙΟΥ	ΤΣΟΓΕΙΟΥ	0119a	0	0	unseen	low
ΚΑΡΕΙ	ΚΑΡΣΙ		0	0	unseen	low
ΚΟΙΤΑΖΟΥΝ	ΚΟΙΤΑΞΟΥΝ	0173a	0	0	unseen	low
ΑΝΗΓΓΕΙΛΑΝ	ΑΠΗΓΓΕΙΛΑΝ	0122a	0	0	unseen	low
ΕΡΑΝΟ	ΕΤΑΝΟ	0048a	0	0	unseen	low
ΝΟΤΕΣ	ΠΟΤΕΣ	0169a	0	0	unseen	low
ΡΕΝΑΣ	ΡΟΝΑΣ	0125a	0	0	unseen	low
ΤΕΙΟΝ	ΤΕΡΟΝ	0174a	0	0	unseen	low
ΕΠΕΝΕΒΗ	ΕΠΕΝΕΘΗ	0127a	0	0	unseen	low
ΜΑΙΟΣ	ΜΑΤΟΣ	0128a	0	0	unseen	low
ΣΚΟΥΡΙΑ	ΣΚΟΥΤΙΑ	0115a	0	0	unseen	low
ΞΕΧΩΡΙΣΤ	ΣΕΧΩΡΙΣΤ	0130a	0	0	unseen	low
ΤΡΟΥΓΙΑΚΟΣ	ΤΡΟΥΓΚΑΚΟΣ	0145a	0	0	unseen	low
ΚΟΒΙΑΣ	ΚΟΘΙΑΣ	0132a	0	0	unseen	low
ΣΠΑΡΑΓΤΗΣ	ΣΤΑΡΑΓΤΗΣ	0132a	0	0	unseen	low
ΑΗΔΑΛΗ	ΑΙΔΑΛΗ	0134a	0	0	unseen	low
ΠΕΡΙΔΙΚΗ	ΠΕΡΙΛΙΚΗ	0135a	0	0	unseen	low
ΕΥΧΟΙ	ΣΥΧΟΙ	0136a	0	0	unseen	low
ΕΡΡΙΨΕ	ΕΤΡΙΨΕ	0075a	0	0	unseen	low
ΑΠΟΒΙΩΣΑΝΤΕΣ	ΑΠΟΒΙΩΣΑΝΤΟΣ	0137a	1	0	suspect	low
ΔΙΕΥΚΡΙΝΙΖΕΙ	ΔΙΕΥΚΡΙΝΙΣΕΙ	0148a	1	0	suspect	low
ΓΟΗΤΕΥΣΑΝ	ΡΟΗΤΕΥΣΑΝ	0145a	0	0	unseen	low
ΠΕΡΔΙΚΙΑ	ΠΕΡΔΙΚΚΑ	0159a	0	0	unseen	low
ΚΑΒΑΛΑ	ΚΑΘΑΛΑ	0151a	0	0	unseen	low
ΒΥΡΟΣ	ΒΥΤΟΣ	0032b	0	0	unseen	low
ΔΓΗΚΕ	ΔΡΗΚΕ	0170a	0	0	unseen	low
ΜΑΡΟΥΛΑ	ΜΑΤΟΥΛΑ		0	0	unseen	low
ΚΟΣΠΟ	ΚΟΣΤΟ	0179a	0	0	unseen	low
