verdict	suspect	suspect_count	candidate	candidate_count	freq_ratio	candidate_in_lexicon	confidence
one-known	ΕΙΠΑΙ	1	ΕΙΝΑΙ	1551	1551.0	True	high
one-known	ΣΙΟΥΣ	1	ΣΤΟΥΣ	350	350.0	True	high
one-known	ΓΙΑΤΡ	1	ΓΙΑΤΙ	229	229.0	True	high
one-known	ΡΑΜΟΙ	1	ΓΑΜΟΙ	220	220.0	True	high
one-known	ΤΕΩΡΓΙΟΥ	1	ΓΕΩΡΓΙΟΥ	155	155.0	True	high
one-known	ΕΠΙΤΙ	1	ΣΠΙΤΙ	143	143.0	True	high
one-known	ΟΠΟΡΑ	1	ΟΠΟΙΑ	140	140.0	True	high
one-known	ΑΗΜΗΤΡΙΟΣ	1	ΔΗΜΗΤΡΙΟΣ	132	132.0	True	high
one-known	ΑΠΑΝΤΑΚΟΥ	1	ΑΠΑΝΤΑΧΟΥ	109	109.0	True	high
one-known	ΣΕΝΟΔΟΧΕΙΟ	1	ΞΕΝΟΔΟΧΕΙΟ	106	106.0	True	high
one-known	ΑΦΑΝΑΣΙΟΣ	1	ΑΘΑΝΑΣΙΟΣ	100	100.0	True	high
one-known	ΑΘΗΝΑΞ	1	ΑΘΗΝΑΣ	93	93.0	True	high
one-known	ΛΟΓΓΑ	1	ΛΟΓΙΑ	86	86.0	True	high
one-known	ΣΥΓΚΑΡΗΤΗΡΙΑ	2	ΣΥΓΧΑΡΗΤΗΡΙΑ	170	85.0	True	high
one-known	ΑΦΑΝΑΣΙΟΥ	1	ΑΘΑΝΑΣΙΟΥ	81	81.0	True	high
one-known	ΜΠΑΛΚΕΝΙ	1	ΜΠΑΛΚΟΝΙ	77	77.0	True	high
one-known	ΜΗΑΛΚΟΝΙ	1	ΜΠΑΛΚΟΝΙ	77	77.0	True	high
one-known	ΔΡΟΝΟ	2	ΔΡΟΜΟ	153	76.5	True	high
one-known	ΚΟΠΤΑ	1	ΚΟΝΤΑ	75	75.0	True	high
one-known	ΑΗΜΟΥ	1	ΔΗΜΟΥ	75	75.0	True	high
one-known	ΜΟΜΟΥ	1	ΝΟΜΟΥ	75	75.0	True	high
one-known	ΣΤΥΡΟΣ	1	ΣΠΥΡΟΣ	74	74.0	True	high
one-known	ΠΑΝΤΟΛΗΣ	1	ΠΑΝΤΕΛΗΣ	70	70.0	True	high
one-known	ΑΧΤΟΥ	1	ΑΥΤΟΥ	67	67.0	True	high
one-known	ΤΑΥΤΕΤΟΥ	2	ΤΑΥΓΕΤΟΥ	123	61.5	True	high
one-known	ΕΡΤΟΥ	1	ΕΡΓΟΥ	59	59.0	True	high
one-known	ΔΥΚΟΥΡΓΟΥ	1	ΛΥΚΟΥΡΓΟΥ	55	55.0	True	high
one-known	ΚΕΥΤΣΗΣ	1	ΚΟΥΤΣΗΣ	54	54.0	True	high
one-known	ΑΛΔΩΝ	1	ΑΛΛΩΝ	46	46.0	True	high
one-known	ΣΤΑΛΙΟΥ	1	ΣΤΑΔΙΟΥ	46	46.0	True	high
one-known	ΚΑΤΣΙΚΟΥΣ	1	ΚΑΤΟΙΚΟΥΣ	44	44.0	True	high
one-known	ΟΥΧΕΤΑΙ	3	ΕΥΧΕΤΑΙ	131	43.7	True	high
one-known	ΚΑΝΟΥΗ	1	ΚΑΝΟΥΝ	42	42.0	True	high
one-known	ΧΟΡΙΤΣΑΚΙ	4	ΚΟΡΙΤΣΑΚΙ	167	41.8	True	high
one-known	ΛΙΟΝΥΣΙΟΣ	1	ΔΙΟΝΥΣΙΟΣ	41	41.0	True	high
one-known	ΔΙΟΝΥΣΤΟΣ	1	ΔΙΟΝΥΣΙΟΣ	41	41.0	True	high
one-known	ΑΘΑΝΑΣΤΟΥ	2	ΑΘΑΝΑΣΙΟΥ	81	40.5	True	high
one-known	ΑΛΕΥΤΟΥ	1	ΑΛΕΥΡΟΥ	40	40.0	True	high
one-known	ΝΙΚΡΟ	1	ΜΙΚΡΟ	38	38.0	True	high
one-known	ΔΑΚΩΝΙΑΣ	5	ΛΑΚΩΝΙΑΣ	185	37.0	True	high
one-known	ΑΔΗΘΕΙΑ	1	ΑΛΗΘΕΙΑ	34	34.0	True	high
one-known	ΚΟΙΜΟ	1	ΚΟΙΝΟ	31	31.0	True	high
one-known	ΒΟΥΛΙΑΡΜΕΝΗΣ	1	ΒΟΥΛΙΑΓΜΕΝΗΣ	30	30.0	True	high
one-known	ΔΗΜΟΣΒΕΝΗΣ	1	ΔΗΜΟΣΘΕΝΗΣ	29	29.0	True	high
one-known	ΘΡΥΣΗ	2	ΒΡΥΣΗ	53	26.5	True	high
one-known	ΤΟΠΕΣ	1	ΤΟΠΟΣ	26	26.0	True	high
one-known	ΕΛΕΠΕ	1	ΕΛΕΓΕ	26	26.0	True	high
one-known	ΜΕΝΤΡΕΑΛ	1	ΜΟΝΤΡΕΑΛ	26	26.0	True	high
one-known	ΑΕΡΟΤΟΡΩΝ	2	ΑΕΡΟΠΟΡΩΝ	51	25.5	True	high
one-known	ΛΗΜΗΤΡΗ	1	ΔΗΜΗΤΡΗ	25	25.0	True	high
one-known	ΚΡΥΣΠΑΛΛΑ	2	ΚΡΥΣΤΑΛΛΑ	49	24.5	True	high
one-known	ΚΕΝΤΟΣ	1	ΚΟΝΤΟΣ	24	24.0	True	high
one-known	ΤΑΖΙΑ	1	ΤΑΣΙΑ	24	24.0	True	high
one-known	ΤΑΞΙΑ	1	ΤΑΣΙΑ	24	24.0	True	high
one-known	ΤΑΣΚΑ	1	ΤΑΣΙΑ	24	24.0	True	high
one-known	ΝΕΑΡΣΙ	2	ΝΕΑΡΟΙ	47	23.5	True	high
one-known	ΜΕΤΒΑ	2	ΜΕΤΡΑ	47	23.5	True	high
one-known	ΚΑΡΑΛΑΜΠΟΣ	1	ΧΑΡΑΛΑΜΠΟΣ	23	23.0	True	high
one-known	ΜΑΡΟΥΛΑ	1	ΜΑΓΟΥΛΑ	23	23.0	True	high
one-known	ΜΑΤΟΥΛΑ	1	ΜΑΓΟΥΛΑ	23	23.0	True	high
one-known	ΘΕΥΓΟΥΝ	1	ΦΕΥΓΟΥΝ	22	22.0	True	high
one-known	ΤΑΝΟΣ	1	ΠΑΝΟΣ	22	22.0	True	high
one-known	ΑΝΑΡΝΩΣΤΕΣ	1	ΑΝΑΓΝΩΣΤΕΣ	22	22.0	True	high
one-known	ΚΟΥΤΖΗ	1	ΚΟΥΤΣΗ	22	22.0	True	high
one-known	ΕΝΤΥΧΩΣ	1	ΕΥΤΥΧΩΣ	22	22.0	True	high
one-known	ΣΚΙΑΛΑ	1	ΣΚΙΑΔΑ	21	21.0	True	high
one-known	ΑΡΚΑΙΑ	1	ΑΡΧΑΙΑ	21	21.0	True	high
one-known	ΧΡΟΜΟΣ	2	ΧΡΟΝΟΣ	41	20.5	True	high
one-known	ΑΔΕΥΡΟΥ	2	ΑΛΕΥΡΟΥ	40	20.0	True	high
one-known	ΕΝΤΟΛΩΣ	1	ΕΝΤΕΛΩΣ	20	20.0	True	high
one-known	ΑΘΙΞΕΙΣ	2	ΑΦΙΞΕΙΣ	39	19.5	True	high
one-known	ΚΑΡΙΣ	1	ΧΑΡΙΣ	19	19.0	True	high
one-known	ΔΡΙΣΤΟΣ	1	ΑΡΙΣΤΟΣ	19	19.0	True	high
one-known	ΑΙΜΗΝΙΑΙΑ	1	ΔΙΜΗΝΙΑΙΑ	18	18.0	True	high
one-known	ΒΕΥΛΑ	1	ΒΟΥΛΑ	18	18.0	True	high
one-known	ΑΜΟΙΡΑΙΑ	1	ΑΜΟΙΒΑΙΑ	18	18.0	True	high
one-known	ΒΑΝΟΣ	1	ΘΑΝΟΣ	18	18.0	True	high
one-known	ΣΥΝΤΑΞΙΟΥΧΕΣ	1	ΣΥΝΤΑΞΙΟΥΧΟΣ	18	18.0	True	high
one-known	ΦΑΝΑΤΟΙ	4	ΘΑΝΑΤΟΙ	71	17.8	True	high
one-known	ΦΑΝΑΣΗΣ	1	ΘΑΝΑΣΗΣ	17	17.0	True	high
one-known	ΔΙΚΑΤΕΡΙΝΗ	1	ΑΙΚΑΤΕΡΙΝΗ	17	17.0	True	high
one-known	ΓΙΑΠΡΑΚΟΣ	2	ΓΙΑΤΡΑΚΟΣ	33	16.5	True	high
one-known	ΑΝΤΩΝ	2	ΑΥΤΩΝ	32	16.0	True	high
one-known	ΝΕΜΩΝ	1	ΝΟΜΩΝ	16	16.0	True	high
one-known	ΤΡΙΒΑΣ	1	ΓΡΙΒΑΣ	16	16.0	True	high
one-known	ΣΠΕΙΛΤΕ	1	ΣΤΕΙΛΤΕ	15	15.0	True	high
one-known	ΣΗΤΗΣ	3	ΖΗΤΗΣ	42	14.0	True	high
one-known	ΑΛΑΜΗΣ	2	ΑΔΑΜΗΣ	28	14.0	True	high
one-known	ΠΑΤΕΡΟΣ	1	ΠΑΤΕΡΕΣ	14	14.0	True	high
one-known	ΛΙΚΕΣ	1	ΔΙΚΕΣ	14	14.0	True	high
one-known	ΠΡΟΙΝΕΣ	1	ΠΡΩΙΝΕΣ	14	14.0	True	high
one-known	ΣΤΑΦΗ	1	ΕΤΑΦΗ	14	14.0	True	high
one-known	ΘΕΚΑΣ	1	ΘΕΙΑΣ	14	14.0	True	high
one-known	ΚΑΛΛΙΟΝΗ	1	ΚΑΛΛΙΟΠΗ	14	14.0	True	high
one-known	ΔΙΕΝΥΣΙΟΣ	3	ΔΙΟΝΥΣΙΟΣ	41	13.7	True	high
one-known	ΑΛΔΟΥ	2	ΑΛΛΟΥ	27	13.5	True	high
one-known	ΤΑΛΙΑ	3	ΠΑΛΙΑ	40	13.3	True	high
one-known	ΜΟΛΕΤΗΣ	1	ΜΕΛΕΤΗΣ	13	13.0	True	high
one-known	ΑΓΚΑΔΙΑ	1	ΑΡΚΑΔΙΑ	13	13.0	True	high
one-known	ΜΑΣΕΜΑ	1	ΜΑΖΕΜΑ	13	13.0	True	high
one-known	ΑΤΡΙΚΗ	2	ΑΤΤΙΚΗ	24	12.0	True	high
one-known	ΓΑΣΙΑ	2	ΤΑΣΙΑ	24	12.0	True	high
one-known	ΟΔΟΨΥΧΑ	2	ΟΛΟΨΥΧΑ	24	12.0	True	high
one-known	ΟΛΟΥΥΧΑ	2	ΟΛΟΨΥΧΑ	24	12.0	True	high
one-known	ΜΙΧΑΛΕΠΟΥΛΟΥ	2	ΜΙΧΑΛΟΠΟΥΛΟΥ	24	12.0	True	high
one-known	ΣΥΓΚΑΙΡΩ	1	ΣΥΓΧΑΙΡΩ	12	12.0	True	high
one-known	ΠΑΝΤΟΛΗ	4	ΠΑΝΤΕΛΗ	45	11.2	True	high
one-known	ΚΕΡΗΣ	2	ΚΟΡΗΣ	22	11.0	True	high
one-known	ΚΕΝΤΟΥ	1	ΚΟΝΤΟΥ	11	11.0	True	high
one-known	ΦΡΑΓΚΕΣ	1	ΦΡΑΓΚΟΣ	11	11.0	True	high
one-known	ΤΡΙΒΑ	1	ΓΡΙΒΑ	11	11.0	True	high
one-known	ΔΟΓΓΟ	1	ΛΟΓΓΟ	11	11.0	True	high
one-known	ΔΑΚΩΝΕΣ	2	ΛΑΚΩΝΕΣ	21	10.5	True	high
one-known	ΞΩΣΤΗ	3	ΣΩΣΤΗ	31	10.3	True	high
one-known	ΔΙΕΝΥΣΙΟΥ	1	ΔΙΟΝΥΣΙΟΥ	10	10.0	True	high
one-known	ΝΕΙΡΑ	1	ΠΕΙΡΑ	10	10.0	True	high
one-known	ΕΚΔΕΚΤΟΙ	1	ΕΚΛΕΚΤΟΙ	10	10.0	True	high
one-known	ΑΝΟΙΖΕΙ	1	ΑΝΟΙΞΕΙ	10	10.0	True	high
one-known	ΕΦΤΑΞΕ	1	ΕΦΤΑΣΕ	10	10.0	True	high
one-known	ΕΝΟΙΚΙΑΞΕΤΑΙ	1	ΕΝΟΙΚΙΑΖΕΤΑΙ	10	10.0	True	high
one-known	ΑΡΜΟΑΙΟΥΣ	1	ΑΡΜΟΔΙΟΥΣ	10	10.0	True	high
one-known	ΠΟΡΙΑ	1	ΠΟΡΤΑ	10	10.0	True	high
one-known	ΣΤΕΡΗΣ	2	ΣΤΕΓΗΣ	18	9.0	True	high
one-known	ΣΑΧΑΡΗ	1	ΖΑΧΑΡΗ	9	9.0	True	high
one-known	ΦΑΡΜΑΚΕ	1	ΦΑΡΜΑΚΟ	9	9.0	True	high
one-known	ΜΕΣΧΟΒΙΤΗΣ	1	ΜΟΣΧΟΒΙΤΗΣ	9	9.0	True	high
one-known	ΑΛΛΟΙΕ	1	ΑΛΛΟΤΕ	9	9.0	True	high
one-known	ΠΟΝΕΣ	1	ΠΟΝΟΣ	9	9.0	True	high
one-known	ΤΕΡΟΝ	1	ΙΕΡΟΝ	9	9.0	True	high
one-known	ΓΕΡΟΝ	1	ΙΕΡΟΝ	9	9.0	True	high
one-known	ΠΙΟΤΟΙ	1	ΠΙΣΤΟΙ	9	9.0	True	high
one-known	ΤΕΡΟΥ	1	ΙΕΡΟΥ	9	9.0	True	high
one-known	ΜΕΤΑΚΟΜΙΞΕΙΣ	1	ΜΕΤΑΚΟΜΙΣΕΙΣ	9	9.0	True	high
one-known	ΛΕΤΤΑ	1	ΛΕΠΤΑ	9	9.0	True	high
one-known	ΓΕΩΠΟΝΕΣ	1	ΓΕΩΠΟΝΟΣ	8	8.0	True	high
one-known	ΤΟΣΣΕΡΙΣ	1	ΤΕΣΣΕΡΙΣ	8	8.0	True	high
one-known	ΑΕΙΩΜΑΤΙΚΟΣ	1	ΑΞΙΩΜΑΤΙΚΟΣ	8	8.0	True	high
one-known	ΜΑΒΙΚΑ	1	ΜΑΡΙΚΑ	8	8.0	True	high
one-known	ΧΘΡΟΙ	1	ΧΩΡΟΙ	8	8.0	True	high
one-known	ΑΝΑΚΩΡΗΣΕΙΣ	1	ΑΝΑΧΩΡΗΣΕΙΣ	8	8.0	True	high
one-known	ΤΟΥΡΟΥ	1	ΤΟΥΤΟΥ	8	8.0	True	high
one-known	ΣΤΕΡΓΙΚΗ	1	ΣΤΟΡΓΙΚΗ	8	8.0	True	high
one-known	ΦΥΣΙΑ	1	ΘΥΣΙΑ	8	8.0	True	high
one-known	ΦΑΡΡΟΣ	2	ΘΑΡΡΟΣ	14	7.0	True	high
one-known	ΑΜΑΕΙ	1	ΑΜΑΞΙ	7	7.0	True	high
one-known	ΒΕΡΕΙΟΥΣ	1	ΒΟΡΕΙΟΥΣ	7	7.0	True	high
one-known	ΚΑΤΟΡΙΝΑ	1	ΚΑΤΕΡΙΝΑ	7	7.0	True	high
one-known	ΑΜΑΔΙΑ	1	ΑΜΑΛΙΑ	7	7.0	True	high
one-known	ΕΡΓΟΛΑΘΟΣ	1	ΕΡΓΟΛΑΒΟΣ	7	7.0	True	high
one-known	ΑΡΘΑΝΙΤΗΣ	2	ΑΡΒΑΝΙΤΗΣ	13	6.5	True	high
one-known	ΕΠΑΣΙΑ	2	ΕΠΑΞΙΑ	12	6.0	True	high
one-known	ΑΓΧΗΣ	1	ΑΡΧΗΣ	6	6.0	True	high
one-known	ΣΟΥΜΕ	1	ΖΟΥΜΕ	6	6.0	True	high
one-known	ΟΡΚΟΝ	1	ΟΙΚΟΝ	6	6.0	True	high
one-known	ΘΟΡΤΗΓΟ	1	ΦΟΡΤΗΓΟ	6	6.0	True	high
one-known	ΠΑΝΤΑΣΗΣ	1	ΠΑΝΤΑΖΗΣ	6	6.0	True	high
one-known	ΠΑΝΤΑΞΗΣ	1	ΠΑΝΤΑΖΗΣ	6	6.0	True	high
one-known	ΜΑΥΡΟΣΙΔΗ	1	ΜΑΥΡΟΕΙΔΗ	6	6.0	True	high
one-known	ΧΘΡΟΙ	1	ΧΟΡΟΙ	6	6.0	True	high
one-known	ΓΡΑΦΟ	1	ΓΡΑΦΕ	6	6.0	True	high
one-known	ΜΕΛΑΩΝ	1	ΜΟΛΑΩΝ	6	6.0	True	high
one-known	ΚΕΖΑΝΗΣ	1	ΚΟΖΑΝΗΣ	6	6.0	True	high
one-known	ΣΥΝΟΔΟΝ	1	ΣΥΝΟΛΟΝ	6	6.0	True	high
one-known	ΚΑΤΟΧ	1	ΚΑΤΟΥ	6	6.0	True	high
one-known	ΚΙΩΤΗ	1	ΧΙΩΤΗ	6	6.0	True	high
one-known	ΓΕΤΟΣ	1	ΓΕΡΟΣ	6	6.0	True	high
one-known	ΔΑΚΕΔΑΙΜΟΝΙΩΝ	4	ΛΑΚΕΔΑΙΜΟΝΙΩΝ	23	5.8	True	high
one-known	ΑΟΥΛΟ	3	ΑΣΥΛΟ	16	5.3	True	high
one-known	ΜΙΚΟΥ	4	ΝΙΚΟΥ	20	5.0	True	high
one-known	ΜΕΡΦΗΣ	4	ΜΟΡΦΗΣ	20	5.0	True	high
one-known	ΚΑΛΛΙΟΝΗΣ	1	ΚΑΛΛΙΟΠΗΣ	5	5.0	True	high
one-known	ΚΑΡΕΙ	1	ΚΑΙΕΙ	5	5.0	True	high
one-known	ΣΚΟΠΑΣΕ	1	ΣΚΕΠΑΣΕ	5	5.0	True	high
one-known	ΑΙΓΙΕΣ	1	ΑΙΤΙΕΣ	5	5.0	True	high
one-known	ΘΥΣΙΑΣΤΙΚΗ	1	ΟΥΣΙΑΣΤΙΚΗ	5	5.0	True	high
one-known	ΚΑΜΝΟΥΣ	1	ΚΑΜΠΟΥΣ	5	5.0	True	high
one-known	ΤΟΝΙΑ	1	ΤΟΠΙΑ	5	5.0	True	high
one-known	ΠΑΙΟΥ	1	ΠΑΓΟΥ	5	5.0	True	high
one-known	ΠΡΟΒΥΜΙΑ	1	ΠΡΟΘΥΜΙΑ	5	5.0	True	high
one-known	ΚΑΣΤΕΡΙ	19	ΚΑΣΤΟΡΙ	90	4.7	True	high
one-known	ΛΑΚΩΝΟΣ	5	ΛΑΚΩΝΕΣ	21	4.2	True	high
one-known	ΕΔΟΠΟΙΙΑ	3	ΟΔΟΠΟΙΙΑ	12	4.0	True	high
one-known	ΔΕΚΑΔΟΣ	2	ΔΕΚΑΔΕΣ	8	4.0	True	high
one-known	ΣΕΛΙΔΟΣ	2	ΣΕΛΙΔΕΣ	8	4.0	True	high
one-known	ΔΟΗΣΗ	2	ΔΕΗΣΗ	8	4.0	True	high
one-known	ΦΩΡΗΣ	2	ΦΩΤΗΣ	8	4.0	True	high
one-known	ΛΣΦΑΛΕΙΕΣ	1	ΑΣΦΑΛΕΙΕΣ	4	4.0	True	high
one-known	ΣΕΧΝΑΜΕ	1	ΞΕΧΝΑΜΕ	4	4.0	True	high
one-known	ΔΑΤΑΝΩΝ	1	ΔΑΠΑΝΩΝ	4	4.0	True	high
one-known	ΣΑΒΡΑ	1	ΣΑΒΒΑ	4	4.0	True	high
one-known	ΑΓΚΑΔΙΑ	1	ΑΓΚΑΛΙΑ	4	4.0	True	high
one-known	ΦΙΛΕΞΕΝΗ	1	ΦΙΛΟΞΕΝΗ	4	4.0	True	high
one-known	ΑΙΟΥΣ	1	ΑΚΟΥΣ	4	4.0	True	high
one-known	ΑΓΡΕΣ	1	ΑΓΙΕΣ	4	4.0	True	high
one-known	ΔΟΜΑΤΑ	1	ΔΕΜΑΤΑ	4	4.0	True	high
one-known	ΣΠΑΡΙΑ	1	ΣΠΑΡΤΑ	4	4.0	True	high
one-known	ΑΚΡΙΘΑ	1	ΑΚΡΙΒΑ	4	4.0	True	high
one-known	ΑΝΑΡΑ	1	ΑΝΔΡΑ	4	4.0	True	high
one-known	ΚΑΝΤΑ	1	ΚΑΥΤΑ	4	4.0	True	high
one-known	ΑΣΤΡΑΤΗ	1	ΑΣΤΡΑΠΗ	4	4.0	True	high
one-known	ΑΛΕΙΡΟΥ	1	ΑΛΕΓΡΟΥ	4	4.0	True	high
one-known	ΚΑΣΤΕΡΙΟΥ	1	ΚΑΣΤΟΡΙΟΥ	4	4.0	True	high
one-known	ΜΟΚΡΑΣ	1	ΜΟΙΡΑΣ	4	4.0	True	high
one-known	ΚΑΡΠΕΣ	1	ΚΑΡΤΕΣ	4	4.0	True	high
one-known	ΛΟΦΤΑ	4	ΛΕΦΤΑ	14	3.5	True	high
one-known	ΔΕΡΝΑ	2	ΔΕΡΜΑ	7	3.5	True	high
one-known	ΓΟΜΑΤΟ	2	ΓΕΜΑΤΟ	7	3.5	True	high
one-known	ΔΕΡΝΑ	2	ΔΕΙΝΑ	7	3.5	True	high
one-known	ΛΑΚΚΑ	2	ΛΑΙΚΑ	7	3.5	True	high
one-known	ΠΕΙΤΑ	3	ΠΕΙΡΑ	10	3.3	True	high
one-known	ΑΦΙΣΕΙΣ	13	ΑΦΙΞΕΙΣ	39	3.0	True	high
one-known	ΡΑΣΙΑ	8	ΤΑΣΙΑ	24	3.0	True	high
one-known	ΜΟΥΣΙΟΥ	1	ΜΟΥΣΤΟΥ	3	3.0	True	high
one-known	ΔΑΦΝΕΟ	1	ΔΑΦΝΕΣ	3	3.0	True	high
one-known	ΧΟΡΟΥΛΑ	1	ΚΟΡΟΥΛΑ	3	3.0	True	high
one-known	ΑΠΕΔΗΜΗΣΕ	1	ΑΠΟΔΗΜΗΣΕ	3	3.0	True	high
one-known	ΤΕΛΕΤ	1	ΤΕΛΕΙ	3	3.0	True	high
one-known	ΦΥΛΑΙΑΣ	1	ΦΥΛΑΚΑΣ	3	3.0	True	high
one-known	ΚΑΛΔΟΣ	1	ΚΑΛΛΟΣ	3	3.0	True	high
one-known	ΛΟΝΗΣ	1	ΛΟΥΗΣ	3	3.0	True	high
one-known	ΓΚΑΡΟΣ	1	ΙΚΑΡΟΣ	3	3.0	True	high
one-known	ΤΕΡΟΥΣ	1	ΓΕΡΟΥΣ	3	3.0	True	high
one-known	ΘΑΡΜΑΚΕΙΟΝ	1	ΦΑΡΜΑΚΕΙΟΝ	3	3.0	True	high
one-known	ΘΥΣΙΝ	1	ΦΥΣΙΝ	3	3.0	True	high
one-known	ΚΟΥΙΟΣ	1	ΚΟΥΡΟΣ	3	3.0	True	high
one-known	ΚΑΡΕΙ	1	ΧΑΡΕΙ	3	3.0	True	high
one-known	ΔΑΚΩΝΙΚΟΥ	1	ΛΑΚΩΝΙΚΟΥ	3	3.0	True	high
one-known	ΜΠΟΥΗ	1	ΜΠΟΥΝ	3	3.0	True	high
one-known	ΑΙΤΙΝΕΣ	1	ΑΚΤΙΝΕΣ	3	3.0	True	high
one-known	ΠΗΓΑΙΣ	1	ΠΗΓΑΙΟ	3	3.0	True	high
one-known	ΜΑΡΓΗΣ	1	ΜΑΡΤΗΣ	3	3.0	True	high
one-known	ΣΟΔΕΥΟΥΝ	1	ΞΟΔΕΥΟΥΝ	3	3.0	True	high
one-known	ΚΥΡΤΑΚΗΣ	1	ΚΥΡΙΑΚΗΣ	3	3.0	True	high
one-known	ΔΕΣΠΟΙΑ	1	ΔΕΣΠΟΤΑ	3	3.0	True	high
one-known	ΔΙΕΡΗ	1	ΔΙΕΤΗ	3	3.0	True	high
one-known	ΣΤΑΜΑΡΗΣ	1	ΣΤΑΜΑΤΗΣ	3	3.0	True	high
one-known	ΝΟΙΑΝ	1	ΠΟΙΑΝ	3	3.0	True	high
neither-known	ΓΕΩΡΓΙΤΣΙΔΝΩΝ	1	ΓΕΩΡΓΙΤΣΙΑΝΩΝ	185	185.0	False	medium
neither-known	ΤΙΑΝΝΑΚΑΚΗΣ	1	ΓΙΑΝΝΑΚΑΚΗΣ	169	169.0	False	medium
neither-known	ΠΕΑΛΑΝΑ	1	ΠΕΛΛΑΝΑ	157	157.0	False	medium
neither-known	ΓΕΛΛΑΝΑ	1	ΠΕΛΛΑΝΑ	157	157.0	False	medium
neither-known	ΠΑΝΑΡ	1	ΠΑΝΑΓ	156	156.0	False	medium
neither-known	ΑΠΟΡΙΑΝΗ	1	ΑΓΟΡΙΑΝΗ	109	109.0	False	medium
neither-known	ΓΕΩΡΓΙΤΣΙΑΝΣΙ	1	ΓΕΩΡΓΙΤΣΙΑΝΟΙ	89	89.0	False	medium
neither-known	ΠΙΑΝΝΑΚΑΚΗΣ	2	ΓΙΑΝΝΑΚΑΚΗΣ	169	84.5	False	medium
neither-known	ΓΙΟΥΖΟΥΛΗ	1	ΓΚΟΥΖΟΥΛΗ	72	72.0	False	medium
neither-known	ΤΣΙΧΑΗΣ	1	ΤΣΙΧΛΗΣ	60	60.0	False	medium
neither-known	ΜΠΕΛΑΝΗΣ	1	ΜΠΟΛΑΝΗΣ	57	57.0	False	medium
neither-known	ΠΙΑΝΝΑΡΗ	1	ΓΙΑΝΝΑΡΗ	57	57.0	False	medium
neither-known	ΓΚΑΝΝΑΡΗ	1	ΓΙΑΝΝΑΡΗ	57	57.0	False	medium
neither-known	ΝΤΕΡΕΣ	1	ΝΤΕΡΟΣ	56	56.0	False	medium
neither-known	ΠΑΝΤΑΞΕΛΟΥ	1	ΠΑΝΤΑΖΕΛΟΥ	55	55.0	False	medium
neither-known	ΒΕΡΤΑΔΟΥ	1	ΒΕΡΓΑΔΟΥ	43	43.0	False	medium
neither-known	ΤΕΙΧΛΗ	1	ΤΣΙΧΛΗ	43	43.0	False	medium
neither-known	ΤΟΙΧΛΗ	1	ΤΣΙΧΛΗ	43	43.0	False	medium
neither-known	ΒΟΝΤΟΣ	1	ΒΟΝΙΟΣ	40	40.0	False	medium
neither-known	ΓΚΟΥΣΟΥΛΗ	2	ΓΚΟΥΖΟΥΛΗ	72	36.0	False	medium
neither-known	ΠΑΡΑΣΚΗ	1	ΠΑΡΑΣΧΗ	29	29.0	False	medium
neither-known	ΡΑΣΙΙΑΣ	1	ΡΑΣΤΙΑΣ	29	29.0	False	medium
neither-known	ΑΛΟΥΤΗΣ	1	ΑΛΟΥΠΗΣ	28	28.0	False	medium
neither-known	ΑΔΟΥΠΗΣ	1	ΑΛΟΥΠΗΣ	28	28.0	False	medium
neither-known	ΜΙΧΑΛΕΠΟΥΛΟΣ	1	ΜΙΧΑΛΟΠΟΥΛΟΣ	27	27.0	False	medium
neither-known	ΔΟΓΓΑΝΙΚΟΣ	1	ΛΟΓΓΑΝΙΚΟΣ	24	24.0	False	medium
neither-known	ΛΟΓΤΑΝΙΚΟΣ	1	ΛΟΓΓΑΝΙΚΟΣ	24	24.0	False	medium
neither-known	ΩΡΛΙΩΤΕΡΟ	1	ΩΡΑΙΩΤΕΡΟ	24	24.0	False	medium
neither-known	ΓΚΟΥΣΟΥΛΗΣ	4	ΓΚΟΥΖΟΥΛΗΣ	90	22.5	False	medium
neither-known	ΠΑΠΑΒΑΝΑΣΟΠΟΥΛΟΥ	1	ΠΑΠΑΘΑΝΑΣΟΠΟΥΛΟΥ	22	22.0	False	medium
neither-known	ΒΥΝΚΟΥ	1	ΒΥΝΙΟΥ	22	22.0	False	medium
neither-known	ΕΛΕΥΩ	1	ΕΛΕΥΘ	21	21.0	False	medium
neither-known	ΔΟΓΓΑΝΙΚΟ	1	ΛΟΓΓΑΝΙΚΟ	21	21.0	False	medium
neither-known	ΣΚΡΟΥΜΠΟΛΟΥ	1	ΣΚΡΟΥΜΠΕΛΟΥ	21	21.0	False	medium
neither-known	ΒΟΝΤΟΥ	1	ΒΟΝΙΟΥ	20	20.0	False	medium
neither-known	ΑΠΟΘΑΝΕ	1	ΑΠΕΘΑΝΕ	19	19.0	False	medium
neither-known	ΜΠΟΛΚΑ	1	ΜΠΕΛΚΑ	19	19.0	False	medium
neither-known	ΕΡΑΣΙΔΟΥ	1	ΒΡΑΣΙΔΟΥ	19	19.0	False	medium
neither-known	ΣΚΡΟΥΜΠΟΛΛΟΥ	1	ΣΚΡΟΥΜΠΕΛΛΟΥ	19	19.0	False	medium
neither-known	ΔΟΓΚΑΝΙΚΟΣ	1	ΛΟΓΚΑΝΙΚΟΣ	18	18.0	False	medium
neither-known	ΣΙΟΥΡΔΑΣ	1	ΣΓΟΥΡΔΑΣ	18	18.0	False	medium
neither-known	ΛΟΓΙΑΝΙΚΟΥ	2	ΛΟΓΓΑΝΙΚΟΥ	35	17.5	False	medium
neither-known	ΠΑΝΤΑΞΕΛΟΣ	4	ΠΑΝΤΑΖΕΛΟΣ	65	16.2	False	medium
neither-known	ΠΑΡΑΒΑΔΟΣ	1	ΠΑΡΑΒΑΛΟΣ	15	15.0	False	medium
neither-known	ΧΑΡΙΣΙΟ	1	ΧΑΡΙΣΤΟ	15	15.0	False	medium
neither-known	ΒΡΑΙΣΙΝΗΣ	1	ΒΡΑΤΣΙΝΗΣ	15	15.0	False	medium
neither-known	ΡΑΣΠΙΑΣ	2	ΡΑΣΤΙΑΣ	29	14.5	False	medium
neither-known	ΡΟΜΑΤΟΣ	1	ΓΟΜΑΤΟΣ	13	13.0	False	medium
neither-known	ΛΟΓΙΑΝΙΚΟΣ	2	ΛΟΓΓΑΝΙΚΟΣ	24	12.0	False	medium
neither-known	ΜΠΙΡΜΠΙΔΗΣ	1	ΜΠΙΡΜΠΙΛΗΣ	12	12.0	False	medium
neither-known	ΝΤΙΜΑ	1	ΝΤΙΝΑ	12	12.0	False	medium
neither-known	ΒΑΣΙΑ	1	ΒΑΣΙΛ	11	11.0	False	medium
neither-known	ΠΙΑΝΑΡΗ	1	ΓΙΑΝΑΡΗ	11	11.0	False	medium
neither-known	ΠΑΝΤΟΛ	1	ΠΑΝΤΕΛ	11	11.0	False	medium
neither-known	ΒΕΡΤΑΔΕΙΚΑ	1	ΒΕΡΓΑΔΕΙΚΑ	11	11.0	False	medium
neither-known	ΜΑΝΙΣΤΩΤΗΣ	1	ΜΑΝΙΣΙΩΤΗΣ	11	11.0	False	medium
neither-known	ΣΟΧΛΑ	1	ΣΟΥΛΑ	10	10.0	False	medium
neither-known	ΤΕΟΥΜΑΝΑΣ	1	ΤΣΟΥΜΑΝΑΣ	10	10.0	False	medium
neither-known	ΜΠΟΛΚΑΣ	4	ΜΠΕΛΚΑΣ	39	9.8	False	medium
neither-known	ΜΠΕΛΙΑ	2	ΜΠΕΛΚΑ	19	9.5	False	medium
neither-known	ΣΤΟΥΡΔΑΣ	2	ΣΓΟΥΡΔΑΣ	18	9.0	False	medium
neither-known	ΛΟΓΙΑΝΙΚΟΣ	2	ΛΟΓΚΑΝΙΚΟΣ	18	9.0	False	medium
neither-known	ΛΟΓΧΑΝΙΚΟΥ	1	ΛΟΓΚΑΝΙΚΟΥ	9	9.0	False	medium
neither-known	ΑΥΚΟΥΡΕΣΗΣ	1	ΛΥΚΟΥΡΕΣΗΣ	9	9.0	False	medium
neither-known	ΠΑΝΤΑΞΟΠΟΥΛΟΣ	1	ΠΑΝΤΑΖΟΠΟΥΛΟΣ	9	9.0	False	medium
neither-known	ΠΑΠΑΘΑΝΑΣΟΠΟΥΛΕ	1	ΠΑΠΑΘΑΝΑΣΟΠΟΥΛΟ	9	9.0	False	medium
neither-known	ΑΟΓΓΑΝΙΚΟΣ	3	ΛΟΓΓΑΝΙΚΟΣ	24	8.0	False	medium
neither-known	ΚΕΛΙΩΤΗΣ	2	ΧΕΛΙΩΤΗΣ	16	8.0	False	medium
neither-known	ΚΑΘΕΝΤΖΗΣ	1	ΚΑΦΕΝΤΖΗΣ	8	8.0	False	medium
neither-known	ΑΓΟΡΑΝΗ	1	ΑΓΕΡΑΝΗ	8	8.0	False	medium
neither-known	ΠΕΤΟΥΛΑ	1	ΠΟΤΟΥΛΑ	8	8.0	False	medium
neither-known	ΦΟΥΝΤΕΙΧΑ	1	ΦΟΥΝΤΕΙΚΑ	8	8.0	False	medium
neither-known	ΚΑΡΑΛΟΜΑ	1	ΚΑΡΑΛΕΜΑ	8	8.0	False	medium
neither-known	ΚΑΡΑΛΕΝΑ	1	ΚΑΡΑΛΕΜΑ	8	8.0	False	medium
neither-known	ΠΑΤΡΟΝΙΚΕΛΑ	1	ΠΑΤΡΟΝΙΚΟΛΑ	8	8.0	False	medium
neither-known	ΚΟΤΣΟΘΟΛΟΣ	1	ΚΟΤΣΟΒΟΛΟΣ	8	8.0	False	medium
neither-known	ΡΟΜΑΤΟΥ	1	ΓΟΜΑΤΟΥ	8	8.0	False	medium
neither-known	ΚΟΘΙΑΣ	1	ΚΟΦΙΑΣ	8	8.0	False	medium
neither-known	ΠΕΡΙΛΗΣ	1	ΠΕΡΙΔΗΣ	8	8.0	False	medium
neither-known	ΒΑΣΙΑ	1	ΡΑΣΙΑ	8	8.0	False	medium
neither-known	ΠΑΠΑΘΕΟΦΙΔΟΠΟΥΛΟΣ	1	ΠΑΠΑΘΕΟΦΙΛΟΠΟΥΛΟΣ	8	8.0	False	medium
neither-known	ΘΕΟΦΙΛΕΠΟΥΛΟΥ	1	ΘΕΟΦΙΛΟΠΟΥΛΟΥ	8	8.0	False	medium
neither-known	ΛΟΓΙΑΝΙΚΟ	3	ΛΟΓΓΑΝΙΚΟ	21	7.0	False	medium
neither-known	ΛΕΓΚΑΝΙΚΟ	2	ΛΟΓΚΑΝΙΚΟ	14	7.0	False	medium
neither-known	ΠΑΡΑΣΧΕΠΟΥΛΟΣ	1	ΠΑΡΑΣΧΟΠΟΥΛΟΣ	7	7.0	False	medium
neither-known	ΑΛΕΥΣΗΣ	1	ΑΛΟΥΣΗΣ	7	7.0	False	medium
neither-known	ΡΑΖΙΑΣ	1	ΡΑΣΙΑΣ	7	7.0	False	medium
neither-known	ΚΟΤΣΗΣ	1	ΚΟΡΣΗΣ	7	7.0	False	medium
neither-known	ΜΠΕΛΑΝΝΗ	1	ΜΠΟΛΑΝΝΗ	7	7.0	False	medium
neither-known	ΒΕΡΙΛΑ	1	ΒΟΡΙΛΑ	7	7.0	False	medium
neither-known	ΠΕΛΛΟ	1	ΠΟΛΛΟ	7	7.0	False	medium
neither-known	ΣΚΡΟΥΜΤΕΛΛΟΣ	1	ΣΚΡΟΥΜΠΕΛΛΟΣ	7	7.0	False	medium
neither-known	ΑΛΟΥΤΗ	5	ΑΛΟΥΠΗ	30	6.0	False	medium
neither-known	ΚΑΡΑΛΟΜΑΣ	3	ΚΑΡΑΛΕΜΑΣ	18	6.0	False	medium
neither-known	ΚΙΟΥΜΟΥΡΤΣΑΚΗ	1	ΚΙΟΥΜΟΥΡΤΖΑΚΗ	6	6.0	False	medium
neither-known	ΜΕΡΡΗ	1	ΜΟΡΡΗ	6	6.0	False	medium
neither-known	ΠΑΠΑΘΕΟΦΙΔΟΠΟΥΛΟΥ	1	ΠΑΠΑΘΕΟΦΙΛΟΠΟΥΛΟΥ	6	6.0	False	medium
neither-known	ΓΑΠΗΤΕ	1	ΓΑΠΗΤΟ	6	6.0	False	medium
neither-known	ΕΛΑΧΙΩΤΗ	1	ΒΛΑΧΙΩΤΗ	6	6.0	False	medium
neither-known	ΕΚΕΔΟΥΘΗ	1	ΕΚΕΔΕΥΘΗ	6	6.0	False	medium
neither-known	ΒΟΝΙΟΠΟΥΛΟΥ	1	ΒΕΝΙΟΠΟΥΛΟΥ	6	6.0	False	medium
neither-known	ΚΕΤΡΩΝΙΑ	1	ΚΟΤΡΩΝΙΑ	6	6.0	False	medium
neither-known	ΒΑΡΦΥΤΣΟΥ	1	ΒΑΡΟΥΤΣΟΥ	6	6.0	False	medium
neither-known	ΠΑΠΡΟΝΙΚΟΛΑΣ	3	ΠΑΤΡΟΝΙΚΟΛΑΣ	17	5.7	False	medium
neither-known	ΥΓΕΙΟΥ	2	ΥΓΕΤΟΥ	10	5.0	False	medium
neither-known	ΡΑΣΠΙΑ	2	ΡΑΣΤΙΑ	10	5.0	False	medium
neither-known	ΟΔΟΥΚΑ	1	ΟΔΟΥΧΑ	5	5.0	False	medium
neither-known	ΛΑΚΟΥΡΤΟΥ	1	ΛΑΚΟΥΡΓΟΥ	5	5.0	False	medium
neither-known	ΚΑΡΑΛΑ	1	ΚΑΡΑΔΑ	5	5.0	False	medium
neither-known	ΣΠΑΡΑΓΤΗΣ	1	ΣΠΑΡΑΓΓΗΣ	5	5.0	False	medium
neither-known	ΞΙΑΡΧΟΣ	1	ΣΙΑΡΧΟΣ	5	5.0	False	medium
neither-known	ΔΑΚΩΝΑΣ	1	ΛΑΚΩΝΑΣ	5	5.0	False	medium
neither-known	ΠΕΤΟΥΛΑΣ	1	ΠΟΤΟΥΛΑΣ	5	5.0	False	medium
neither-known	ΤΟΥΡΖ	1	ΤΟΥΡΣ	5	5.0	False	medium
neither-known	ΤΟΥΡΞ	1	ΤΟΥΡΣ	5	5.0	False	medium
neither-known	ΜΙΧΑΛΕΧΡΗΣ	1	ΜΙΧΑΛΟΧΡΗΣ	5	5.0	False	medium
neither-known	ΣΗΡΟΚΑΜΠΙΟΥ	1	ΞΗΡΟΚΑΜΠΙΟΥ	5	5.0	False	medium
neither-known	ΓΕΡΟΝ	1	ΓΕΓΟΝ	5	5.0	False	medium
neither-known	ΛΟΓΙΑΝΙΚΟ	3	ΛΟΓΚΑΝΙΚΟ	14	4.7	False	medium
neither-known	ΛΟΓΙΑΝΙΚΟΥ	2	ΛΟΓΚΑΝΙΚΟΥ	9	4.5	False	medium
neither-known	ΒΡΑΤΟΙΝΗ	3	ΒΡΑΤΣΙΝΗ	12	4.0	False	medium
neither-known	ΡΑΖΙΑ	2	ΡΑΣΙΑ	8	4.0	False	medium
neither-known	ΓΑΣΙΑ	2	ΡΑΣΙΑ	8	4.0	False	medium
neither-known	ΡΙΣΜΕΝΟΣ	1	ΡΙΣΜΕΝΕΣ	4	4.0	False	medium
neither-known	ΤΣΕΡΜΤΑΣ	1	ΤΣΕΡΜΠΑΣ	4	4.0	False	medium
neither-known	ΜΟΝΙΔΗΣ	1	ΜΕΝΙΔΗΣ	4	4.0	False	medium
neither-known	ΞΕΡΟΥΜΠΕΛΟΥ	1	ΣΕΡΟΥΜΠΕΛΟΥ	4	4.0	False	medium
neither-known	ΜΑΓΑΣΙΩΤΗΣ	1	ΜΑΓΑΖΙΩΤΗΣ	4	4.0	False	medium
neither-known	ΜΙΛΛΙΕΣ	1	ΜΙΛΛΙΕΞ	4	4.0	False	medium
neither-known	ΚΟΒΙΑΣ	1	ΚΟΡΙΑΣ	4	4.0	False	medium
neither-known	ΚΕΡΙΑΣ	1	ΚΟΡΙΑΣ	4	4.0	False	medium
neither-known	ΣΩΤΕΡΙΚΟ	1	ΞΩΤΕΡΙΚΟ	4	4.0	False	medium
neither-known	ΒΕΡΔΟΝΙΑΣ	1	ΒΟΡΔΟΝΙΑΣ	4	4.0	False	medium
neither-known	ΓΚΟΥΣΟΥΔΗΣ	1	ΓΚΟΥΣΟΥΛΗΣ	4	4.0	False	medium
neither-known	ΛΑΚΚΟΥΛΕΣ	1	ΛΑΚΚΟΥΔΕΣ	4	4.0	False	medium
neither-known	ΓΚΟΡΤΖΟΛΟΓΟΥ	1	ΓΚΟΡΤΣΟΛΟΓΟΥ	4	4.0	False	medium
neither-known	ΝΙΣΑΜΗΣ	1	ΝΙΖΑΜΗΣ	4	4.0	False	medium
neither-known	ΠΑΠΡΟΠΟΥΛΟΥ	1	ΠΑΤΡΟΠΟΥΛΟΥ	4	4.0	False	medium
neither-known	ΑΛΟΥΤΗΣ	1	ΑΛΕΥΤΗΣ	4	4.0	False	medium
neither-known	ΛΕΓΓΑΝΙΚΟ	6	ΛΟΓΓΑΝΙΚΟ	21	3.5	False	medium
neither-known	ΑΟΥΤΡΑΚΙΟΥ	2	ΛΟΥΤΡΑΚΙΟΥ	7	3.5	False	medium
neither-known	ΠΑΡΑΣΚΟΠΟΥΛΟΣ	2	ΠΑΡΑΣΧΟΠΟΥΛΟΣ	7	3.5	False	medium
neither-known	ΣΙΑΒΡΑ	2	ΖΙΑΒΡΑ	7	3.5	False	medium
neither-known	ΒΕΡΤΑΔΟΣ	5	ΒΕΡΓΑΔΟΣ	16	3.2	False	medium
neither-known	ΜΙΧΑΛΑΚΟΥ	1	ΜΙΧΑΛΑΧΟΥ	3	3.0	False	medium
neither-known	ΚΑΔΟΛΑΡΗ	1	ΚΑΔΕΛΑΡΗ	3	3.0	False	medium
neither-known	ΑΟΓΙΑΝΙΚΟΣ	1	ΑΟΓΓΑΝΙΚΟΣ	3	3.0	False	medium
neither-known	ΦΗΜΕΡΙΔΕΣ	1	ΦΗΜΕΡΙΔΟΣ	3	3.0	False	medium
neither-known	ΝΙΚΟΔΟΠΟΥΛΟΣ	1	ΝΙΚΟΛΟΠΟΥΛΟΣ	3	3.0	False	medium
neither-known	ΣΕΝΙΑ	1	ΣΟΝΙΑ	3	3.0	False	medium
neither-known	ΠΑΓΚΟΠΟΥΛΟΣ	1	ΠΑΙΚΟΠΟΥΛΟΣ	3	3.0	False	medium
neither-known	ΠΑΡΑΣΚΗΣ	1	ΠΑΡΑΣΧΗΣ	3	3.0	False	medium
neither-known	ΔΕΔΟΥΡΗ	1	ΔΕΔΟΥΤΗ	3	3.0	False	medium
neither-known	ΠΑΛΙΚΑ	1	ΤΑΛΙΚΑ	3	3.0	False	medium
neither-known	ΕΝΓΕΙ	1	ΕΥΓΕΙ	3	3.0	False	medium
neither-known	ΕΥΡΕΙ	1	ΕΥΓΕΙ	3	3.0	False	medium
neither-known	ΣΤΑΡΑΓΗΣ	1	ΣΠΑΡΑΓΗΣ	3	3.0	False	medium
neither-known	ΔΟΓΓΑΝΙΚΟΣ	1	ΑΟΓΓΑΝΙΚΟΣ	3	3.0	False	medium
one-known	ΠΡΟΣΦΟΡΑΝ	4	ΠΡΟΣΦΕΡΑΝ	11	2.8	True	medium
one-known	ΚΑΤΕΘΑΙΝΕΙ	2	ΚΑΤΕΒΑΙΝΕΙ	5	2.5	True	medium
one-known	ΠΛΑΤΑΝΕΣ	2	ΠΛΑΤΑΝΟΣ	5	2.5	True	medium
one-known	ΜΑΧΑΡΙΤΗ	2	ΜΑΚΑΡΙΤΗ	5	2.5	True	medium
one-known	ΔΑΚΩΝΙΚΑ	2	ΛΑΚΩΝΙΚΑ	4	2.0	True	medium
one-known	ΡΕΥΝΑ	2	ΡΕΥΜΑ	4	2.0	True	medium
one-known	ΠΑΡΔΙΚΗ	2	ΠΑΙΔΙΚΗ	4	2.0	True	medium
one-known	ΕΞΗΤΗΣΕ	2	ΕΞΗΓΗΣΕ	4	2.0	True	medium
one-known	ΦΩΜΑΣ	1	ΘΩΜΑΣ	2	2.0	True	medium
one-known	ΞΑΔΕΛΦΕΣ	1	ΞΑΔΕΛΦΟΣ	2	2.0	True	medium
one-known	ΕΥΓΕΙΑ	1	ΕΥΡΕΙΑ	2	2.0	True	medium
one-known	ΑΜΕΤΗ	1	ΑΝΕΤΗ	2	2.0	True	medium
one-known	ΕΜΙΛΗΣΕ	1	ΟΜΙΛΗΣΕ	2	2.0	True	medium
one-known	ΑΣΤΟΡΙΑ	1	ΑΣΤΕΡΙΑ	2	2.0	True	medium
one-known	ΟΜΙΛΕΣ	1	ΟΜΙΛΟΣ	2	2.0	True	medium
one-known	ΤΑΓΙΑ	1	ΤΑΠΙΑ	2	2.0	True	medium
one-known	ΤΕΡΟΥΣ	1	ΙΕΡΟΥΣ	2	2.0	True	medium
one-known	ΧΙΛΙΟΝ	1	ΧΙΛΤΟΝ	2	2.0	True	medium
one-known	ΔΡΑΖΕΙ	1	ΔΡΑΣΕΙ	2	2.0	True	medium
one-known	ΚΟΙΜΟ	1	ΚΟΡΜΟ	2	2.0	True	medium
one-known	ΕΞΕΝΥΧΙΣΤΙΚΑ	1	ΕΞΟΝΥΧΙΣΤΙΚΑ	2	2.0	True	medium
one-known	ΕΡΕΙΣ	1	ΒΡΕΙΣ	2	2.0	True	medium
one-known	ΘΑΛΟΥΜΕ	1	ΒΑΛΟΥΜΕ	2	2.0	True	medium
one-known	ΤΑΤΙΑ	1	ΤΑΠΙΑ	2	2.0	True	medium
one-known	ΔΟΓΑΡΙΑΣΜΩΝ	1	ΛΟΓΑΡΙΑΣΜΩΝ	2	2.0	True	medium
one-known	ΚΑΓΙΑ	1	ΚΑΤΙΑ	2	2.0	True	medium
one-known	ΕΛΙΓΟΤΕΡΟ	1	ΟΛΙΓΟΤΕΡΟ	2	2.0	True	medium
one-known	ΚΕΣΜΑΓΑΠΗΤΟΣ	1	ΚΟΣΜΑΓΑΠΗΤΟΣ	2	2.0	True	medium
one-known	ΔΗΜΟΤ	1	ΔΗΜΟΙ	2	2.0	True	medium
one-known	ΠΑΠΑΤΟΥ	1	ΠΑΠΑΓΟΥ	2	2.0	True	medium
one-known	ΕΦΤΑΞΑΝ	1	ΕΦΤΑΣΑΝ	2	2.0	True	medium
one-known	ΚΕΖΑΝΗ	1	ΚΟΖΑΝΗ	2	2.0	True	medium
one-known	ΚΑΛΕΓΗΡΟΣ	1	ΚΑΛΟΓΗΡΟΣ	2	2.0	True	medium
one-known	ΖΟΥΝΟ	1	ΖΟΥΝΕ	2	2.0	True	medium
one-known	ΘΩΝΗΣ	1	ΦΩΝΗΣ	2	2.0	True	medium
one-known	ΓΑΦΟΣ	1	ΤΑΦΟΣ	2	2.0	True	medium
one-known	ΜΕΡΙΣΤΟ	1	ΜΕΓΙΣΤΟ	2	2.0	True	medium
one-known	ΕΟΡΤΑΖΟΝΤΟΣ	1	ΕΟΡΤΑΖΟΝΤΕΣ	2	2.0	True	medium
one-known	ΚΑΝΤΖΗ	1	ΧΑΝΤΖΗ	2	2.0	True	medium
one-known	ΔΑΚΗΣ	1	ΛΑΚΗΣ	2	2.0	True	medium
one-known	ΝΙΧΑΛΗ	1	ΜΙΧΑΛΗ	2	2.0	True	medium
one-known	ΑΠΕΧΩΡΗΣΑΝ	1	ΑΝΕΧΩΡΗΣΑΝ	2	2.0	True	medium
one-known	ΒΑΝΟΝΤΩΝ	1	ΘΑΝΟΝΤΩΝ	2	2.0	True	medium
one-known	ΛΑΚΚΕΣ	1	ΛΑΙΚΕΣ	2	2.0	True	medium
one-known	ΑΞΕΚΑΣΤΕΣ	1	ΑΞΕΧΑΣΤΕΣ	2	2.0	True	medium
one-known	ΣΗΤΑΜΕ	1	ΖΗΤΑΜΕ	2	2.0	True	medium
one-known	ΧΙΑΤΟΝ	1	ΧΙΛΤΟΝ	2	2.0	True	medium
one-known	ΓΚΟΥΛΑ	1	ΓΙΟΥΛΑ	2	2.0	True	medium
one-known	ΤΡΑΓΜΑΤΩΝ	1	ΠΡΑΓΜΑΤΩΝ	2	2.0	True	medium
one-known	ΡΟΜΑΤΟΣ	1	ΡΕΜΑΤΟΣ	2	2.0	True	medium
one-known	ΠΗΓΑΝΙΑ	1	ΤΗΓΑΝΙΑ	2	2.0	True	medium
one-known	ΑΓΩΝΙΣΤΟΥΝΕ	1	ΑΓΩΝΙΣΤΟΥΜΕ	2	2.0	True	medium
one-known	ΤΣΑΝΝΕΤΑΚΗΣ	1	ΤΖΑΝΝΕΤΑΚΗΣ	2	2.0	True	medium
one-known	ΚΟΙΡΑ	1	ΚΟΙΤΑ	2	2.0	True	medium
one-known	ΔΟΔΙΑ	1	ΔΟΛΙΑ	2	2.0	True	medium
one-known	ΚΑΡΠΕΣ	1	ΚΑΡΠΟΣ	2	2.0	True	medium
one-known	ΣΤΑΔΡΑ	1	ΣΤΑΔΙΑ	2	2.0	True	medium
one-known	ΠΕΡΝΕΙ	1	ΓΕΡΝΕΙ	2	2.0	True	medium
one-known	ΑΛΩΘΗΤΗ	1	ΑΛΩΒΗΤΗ	2	2.0	True	medium
one-known	ΦΥΣΙΑ	1	ΟΥΣΙΑ	2	2.0	True	medium
one-known	ΚΑΡΙΚΛΕΙΑΣ	1	ΧΑΡΙΚΛΕΙΑΣ	2	2.0	True	medium
one-known	ΩΡΑΙΣΤΑΤΗΣ	1	ΩΡΑΙΟΤΑΤΗΣ	2	2.0	True	medium
one-known	ΚΟΝΙΚΗ	1	ΙΟΝΙΚΗ	2	2.0	True	medium
one-known	ΚΑΛΑΝΔΡΙ	3	ΧΑΛΑΝΔΡΙ	5	1.7	True	medium
one-known	ΣΙΩΤΗ	3	ΣΙΩΠΗ	5	1.7	True	medium
one-known	ΣΩΓΡΑΦΟ	2	ΖΩΓΡΑΦΟ	3	1.5	True	medium
one-known	ΚΑΠΙΑ	2	ΧΑΠΙΑ	3	1.5	True	medium
one-known	ΣΚΑΔΑ	5	ΣΚΑΛΑ	7	1.4	True	medium
one-known	ΛΕΓΟΣ	16	ΛΟΓΟΣ	21	1.3	True	medium
one-known	ΓΥΙΟΣ	5	ΓΥΡΟΣ	5	1.0	True	medium
one-known	ΚΑΡΑΛΑΜΠΗ	3	ΧΑΡΑΛΑΜΠΗ	3	1.0	True	medium
one-known	ΑΠΕΧΩΡΗΣΕ	3	ΑΠΟΧΩΡΗΣΕ	3	1.0	True	medium
one-known	ΚΕΡΜΙΑ	2	ΚΟΡΜΙΑ	2	1.0	True	medium
one-known	ΚΑΣΙΑΝΗ	2	ΚΑΣΤΑΝΗ	2	1.0	True	medium
one-known	ΚΑΤΟΙΚΙ	2	ΚΑΤΣΙΚΙ	2	1.0	True	medium
one-known	ΚΑΠΙΑ	2	ΚΑΤΙΑ	2	1.0	True	medium
one-known	ΕΦΗΜΕΙΟΥ	1	ΕΦΗΜΕΡΟΥ	1	1.0	True	medium
one-known	ΠΑΛΑΙΠΩΡΙΑ	1	ΤΑΛΑΙΠΩΡΙΑ	1	1.0	True	medium
one-known	ΣΥΜΠΑΘΕΙΟ	1	ΣΥΜΠΑΘΕΙΣ	1	1.0	True	medium
one-known	ΤΑΙΤΑ	1	ΤΑΚΤΑ	1	1.0	True	medium
one-known	ΑΓΡΕΣ	1	ΑΓΡΟΣ	1	1.0	True	medium
one-known	ΑΓΡΕΣ	1	ΑΙΡΕΣ	1	1.0	True	medium
one-known	ΕΦΤΑΞΕΣ	1	ΕΦΤΑΣΕΣ	1	1.0	True	medium
one-known	ΑΕΙΟΥ	1	ΑΕΤΟΥ	1	1.0	True	medium
one-known	ΣΠΑΡΙΑ	1	ΣΤΑΡΙΑ	1	1.0	True	medium
one-known	ΚΑΛΑΡΗΣ	1	ΧΑΛΑΡΗΣ	1	1.0	True	medium
one-known	ΠΙΕΡΟΥ	1	ΠΤΕΡΟΥ	1	1.0	True	medium
one-known	ΑΠΕΛΕΙΩΤΟ	1	ΑΤΕΛΕΙΩΤΟ	1	1.0	True	medium
one-known	ΕΡΓΑΣΜΟΣ	1	ΟΡΓΑΣΜΟΣ	1	1.0	True	medium
one-known	ΝΑΛΛΗΣ	1	ΠΑΛΛΗΣ	1	1.0	True	medium
one-known	ΚΑΡΑΛΑΜΠΟ	1	ΧΑΡΑΛΑΜΠΟ	1	1.0	True	medium
one-known	ΚΟΥΙΟΣ	1	ΚΟΥΤΟΣ	1	1.0	True	medium
one-known	ΤΕΚΟΣ	1	ΤΟΚΟΣ	1	1.0	True	medium
one-known	ΘΥΣΙΑΝ	1	ΟΥΣΙΑΝ	1	1.0	True	medium
one-known	ΛΕΥΡΑ	1	ΛΟΥΡΑ	1	1.0	True	medium
one-known	ΒΟΡΓΑ	1	ΒΟΡΡΑ	1	1.0	True	medium
one-known	ΕΞΟΔΕΙΑ	1	ΕΣΟΔΕΙΑ	1	1.0	True	medium
one-known	ΛΑΚΚΕΣ	1	ΛΑΚΚΟΣ	1	1.0	True	medium
one-known	ΖΑΘΡΑ	1	ΣΑΘΡΑ	1	1.0	True	medium
one-known	ΛΕΦΟΣ	1	ΛΟΦΟΣ	1	1.0	True	medium
one-known	ΔΑΧΝΟΙ	1	ΛΑΧΝΟΙ	1	1.0	True	medium
one-known	ΛΕΓΓΟΣ	1	ΛΟΓΓΟΣ	1	1.0	True	medium
one-known	ΑΤΡΙΚΟ	1	ΑΤΤΙΚΟ	1	1.0	True	medium
one-known	ΑΣΤΙΑ	1	ΑΣΤΡΑ	1	1.0	True	medium
one-known	ΝΕΤΣΑ	1	ΠΕΤΣΑ	1	1.0	True	medium
one-known	ΓΟΥΜΠΙΝΗ	1	ΡΟΥΜΠΙΝΗ	1	1.0	True	medium
one-known	ΠΑΙΟΥ	1	ΠΑΡΟΥ	1	1.0	True	medium
one-known	ΔΕΣΠΕ	1	ΔΕΣΤΕ	1	1.0	True	medium
one-known	ΑΓΝΙΑ	1	ΑΡΝΙΑ	1	1.0	True	medium
one-known	ΚΟΥΙΟΣ	1	ΚΟΥΚΟΣ	1	1.0	True	medium
one-known	ΚΕΠΑΔΙ	1	ΚΟΠΑΔΙ	1	1.0	True	medium
one-known	ΑΠΕΧΩΡΗΣΑΝ	1	ΑΠΟΧΩΡΗΣΑΝ	1	1.0	True	medium
one-known	ΣΑΒΡΑ	1	ΣΑΘΡΑ	1	1.0	True	medium
one-known	ΛΕΥΣΗ	1	ΛΟΥΣΗ	1	1.0	True	medium
one-known	ΒΑΘΕΙ	1	ΒΑΦΕΙ	1	1.0	True	medium
one-known	ΠΕΤΕΣ	1	ΠΟΤΕΣ	1	1.0	True	medium
one-known	ΑΠΕΔΗΜΗΣΑΝ	1	ΑΠΟΔΗΜΗΣΑΝ	1	1.0	True	medium
one-known	ΤΟΝΕΣ	1	ΤΟΝΟΣ	1	1.0	True	medium
one-known	ΔΥΜΑΤΩΝ	1	ΔΥΝΑΤΩΝ	1	1.0	True	medium
one-known	ΝΕΙΡΑ	1	ΝΕΚΡΑ	1	1.0	True	medium
one-known	ΣΠΑΘΕΙ	1	ΣΤΑΘΕΙ	1	1.0	True	medium
both-known	ΟΔΟΥΣ	1	ΟΛΟΥΣ	254	254.0	True	low
both-known	ΑΦΗΝΑ	2	ΑΘΗΝΑ	474	237.0	True	low
both-known	ΕΠΙΝΑΝ	1	ΕΓΙΝΑΝ	150	150.0	True	low
both-known	ΜΑΡΚΑ	1	ΜΑΡΙΑ	117	117.0	True	low
both-known	ΑΠΟΒΙΩΣΕ	1	ΑΠΕΒΙΩΣΕ	115	115.0	True	low
both-known	ΠΑΝΙΑ	1	ΠΑΝΤΑ	108	108.0	True	low
both-known	ΑΝΕΚΤΗΣΕ	1	ΑΠΕΚΤΗΣΕ	99	99.0	True	low
both-known	ΣΥΛΛΟΓΕΣ	1	ΣΥΛΛΟΓΟΣ	88	88.0	True	low
both-known	ΓΟΝΙΚΗ	1	ΓΕΝΙΚΗ	87	87.0	True	low
both-known	ΚΕΝΤΑ	1	ΚΟΝΤΑ	75	75.0	True	low
both-known	ΚΑΜΕΙΣ	1	ΚΑΝΕΙΣ	69	69.0	True	low
both-known	ΧΑΝΕΙΣ	1	ΚΑΝΕΙΣ	69	69.0	True	low
both-known	ΚΟΣΜΕ	1	ΚΟΣΜΟ	66	66.0	True	low
both-known	ΒΑΠΤΙΖΕΙΣ	1	ΒΑΠΤΙΣΕΙΣ	58	58.0	True	low
both-known	ΠΙΝΕΙ	3	ΓΙΝΕΙ	171	57.0	True	low
both-known	ΤΡΑΦΕΙ	1	ΓΡΑΦΕΙ	56	56.0	True	low
both-known	ΠΡΟΠΟ	1	ΤΡΟΠΟ	56	56.0	True	low
both-known	ΕΙΜΑΙ	29	ΕΙΝΑΙ	1551	53.5	True	low
both-known	ΑΓΕΡΑΚΙ	3	ΑΓΟΡΑΚΙ	159	53.0	True	low
both-known	ΓΟΝΟΣ	2	ΓΕΝΟΣ	92	46.0	True	low
both-known	ΧΑΝΟΥΝ	1	ΚΑΝΟΥΝ	42	42.0	True	low
both-known	ΠΑΛΤΑ	1	ΠΑΛΙΑ	40	40.0	True	low
both-known	ΕΠΟΥΣ	1	ΕΤΟΥΣ	40	40.0	True	low
both-known	ΜΑΓΙΑ	3	ΜΑΡΙΑ	117	39.0	True	low
both-known	ΜΙΚΡΕ	1	ΜΙΚΡΟ	38	38.0	True	low
both-known	ΜΙΚΤΟ	1	ΜΙΚΡΟ	38	38.0	True	low
both-known	ΝΕΜΟΥ	2	ΝΟΜΟΥ	75	37.5	True	low
both-known	ΟΣΦΥΣ	1	ΟΣΟΥΣ	37	37.0	True	low
both-known	ΣΥΝΟΔΟ	1	ΣΥΝΟΛΟ	35	35.0	True	low
both-known	ΚΑΙΣΑΡΟΣ	1	ΚΑΤΣΑΡΟΣ	33	33.0	True	low
one-known	ΠΤΕΡΟΥ	1	ΝΤΕΡΟΥ	33	33.0	False	low
one-known	ΝΤΟΡΟΥ	1	ΝΤΕΡΟΥ	33	33.0	False	low
both-known	ΑΡΑΠΗΣ	1	ΑΓΑΠΗΣ	32	32.0	True	low
both-known	ΕΝΟΧΗ	1	ΕΠΟΧΗ	31	31.0	True	low
both-known	ΠΕΡΟΥ	1	ΝΕΡΟΥ	31	31.0	True	low
both-known	ΠΗΡΕΣ	1	ΠΗΓΕΣ	31	31.0	True	low
both-known	ΕΚΑΜΕ	2	ΕΚΑΝΕ	61	30.5	True	low
both-known	ΜΟΛΟΣ	1	ΜΕΛΟΣ	30	30.0	True	low
both-known	ΚΑΜΕΙ	3	ΚΑΝΕΙ	89	29.7	True	low
both-known	ΧΑΝΕΙ	3	ΚΑΝΕΙ	89	29.7	True	low
both-known	ΜΕΓΑΛΕ	5	ΜΕΓΑΛΟ	145	29.0	True	low
both-known	ΦΕΤΕΣ	2	ΦΕΤΟΣ	58	29.0	True	low
both-known	ΑΓΡΟΣ	1	ΑΓΙΟΣ	28	28.0	True	low
both-known	ΡΑΚΗΣ	1	ΤΑΚΗΣ	28	28.0	True	low
both-known	ΓΕΡΑΣΕ	1	ΠΕΡΑΣΕ	27	27.0	True	low
both-known	ΛΕΥΤΕΡΗ	1	ΔΕΥΤΕΡΗ	27	27.0	True	low
both-known	ΤΟΝΟΣ	1	ΤΟΠΟΣ	26	26.0	True	low
both-known	ΔΕΘΗΚΕ	1	ΔΟΘΗΚΕ	26	26.0	True	low
both-known	ΦΟΡΕΙ	1	ΦΕΡΕΙ	26	26.0	True	low
both-known	ΑΠΟΚΤΗΣΕ	4	ΑΠΕΚΤΗΣΕ	99	24.8	True	low
both-known	ΥΠΕΥΘΥΝΕΣ	3	ΥΠΕΥΘΥΝΟΣ	72	24.0	True	low
both-known	ΧΤΙΡΙΟ	1	ΚΤΙΡΙΟ	24	24.0	True	low
both-known	ΚΟΥΤΟΣ	1	ΚΟΝΤΟΣ	24	24.0	True	low
both-known	ΚΟΝΤΕΣ	1	ΚΟΝΤΟΣ	24	24.0	True	low
both-known	ΑΡΧΙΖΑΝ	1	ΑΡΧΙΣΑΝ	23	23.0	True	low
both-known	ΝΥΚΤΑ	1	ΝΥΧΤΑ	23	23.0	True	low
both-known	ΜΕΝΟΣ	1	ΜΟΝΟΣ	22	22.0	True	low
both-known	ΘΕΡΜΟΣ	1	ΘΕΡΜΕΣ	22	22.0	True	low
both-known	ΚΑΝΟΥΝΕ	1	ΚΑΝΟΥΜΕ	22	22.0	True	low
both-known	ΝΑΝΟΣ	1	ΠΑΝΟΣ	22	22.0	True	low
both-known	ΚΑΜΕΝΑ	1	ΚΑΝΕΝΑ	22	22.0	True	low
both-known	ΚΑΜΟΥΝ	2	ΚΑΝΟΥΝ	42	21.0	True	low
both-known	ΕΚΑΜΑΝ	1	ΕΚΑΝΑΝ	21	21.0	True	low
both-known	ΕΧΑΝΑΝ	1	ΕΚΑΝΑΝ	21	21.0	True	low
both-known	ΑΡΙΩΝ	1	ΑΓΙΩΝ	21	21.0	True	low
both-known	ΑΓΡΩΝ	1	ΑΓΙΩΝ	21	21.0	True	low
both-known	ΓΕΡΑΣΕΙ	1	ΠΕΡΑΣΕΙ	21	21.0	True	low
both-known	ΕΧΑΝΕ	3	ΕΚΑΝΕ	61	20.3	True	low
both-known	ΕΛΑΙΑ	1	ΕΛΑΤΑ	20	20.0	True	low
both-known	ΠΙΣΤΕΨΟΥΜΕ	1	ΠΙΣΤΕΥΟΥΜΕ	20	20.0	True	low
both-known	ΕΥΧΑΡΙΣΤΗΡΙΕ	1	ΕΥΧΑΡΙΣΤΗΡΙΟ	20	20.0	True	low
both-known	ΤΑΣΕΩΣ	1	ΤΑΞΕΩΣ	19	19.0	True	low
both-known	ΠΙΝΟΥΝ	3	ΓΙΝΟΥΝ	54	18.0	True	low
both-known	ΡΟΥΛΑ	1	ΒΟΥΛΑ	18	18.0	True	low
both-known	ΜΗΧΑΝΙΚΕΣ	1	ΜΗΧΑΝΙΚΟΣ	18	18.0	True	low
both-known	ΕΚΤΙΖΕ	1	ΕΚΤΙΣΕ	18	18.0	True	low
both-known	ΕΚΛΕΚΤΕΣ	1	ΕΚΛΕΚΤΟΣ	18	18.0	True	low
both-known	ΔΑΣΚΑΛΕΣ	2	ΔΑΣΚΑΛΟΣ	34	17.0	True	low
both-known	ΓΕΝΕΩΝ	2	ΓΟΝΕΩΝ	34	17.0	True	low
both-known	ΦΕΡΕΙΣ	1	ΦΟΡΕΙΣ	17	17.0	True	low
both-known	ΑΣΙΑΣ	1	ΑΞΙΑΣ	17	17.0	True	low
both-known	ΛΙΓΟΣ	1	ΛΙΓΕΣ	17	17.0	True	low
both-known	ΑΙΓΕΣ	1	ΛΙΓΕΣ	17	17.0	True	low
both-known	ΕΝΤΕΛΗ	1	ΕΝΤΟΛΗ	16	16.0	True	low
both-known	ΚΩΝΣΤΑΝΤΙΝΕ	1	ΚΩΝΣΤΑΝΤΙΝΟ	16	16.0	True	low
both-known	ΑΞΥΛΟ	1	ΑΣΥΛΟ	16	16.0	True	low
both-known	ΑΠΕΦΑΣΙΣΕ	1	ΑΠΟΦΑΣΙΣΕ	16	16.0	True	low
both-known	ΑΓΕΡΑ	2	ΑΓΟΡΑ	31	15.5	True	low
both-known	ΜΑΓΙΑ	3	ΜΑΤΙΑ	46	15.3	True	low
both-known	ΚΤΙΣΗ	1	ΚΡΙΣΗ	15	15.0	True	low
both-known	ΕΝΟΧΗΣ	1	ΕΠΟΧΗΣ	15	15.0	True	low
both-known	ΣΚΕΥΗ	1	ΣΚΕΨΗ	15	15.0	True	low
both-known	ΒΑΣΙΛΕΙΣ	1	ΒΑΣΙΛΕΙΟ	15	15.0	True	low
both-known	ΧΡΙΣΤΕΣ	1	ΧΡΙΣΤΟΣ	15	15.0	True	low
both-known	ΜΑΓΙΑΣ	1	ΜΑΡΙΑΣ	15	15.0	True	low
both-known	ΜΑΡΚΑΣ	1	ΜΑΡΙΑΣ	15	15.0	True	low
both-known	ΧΙΟΝΙΑ	19	ΧΡΟΝΙΑ	274	14.4	True	low
both-known	ΑΝΘΡΩΠΕ	2	ΑΝΘΡΩΠΟ	28	14.0	True	low
both-known	ΜΙΚΤΗ	2	ΜΙΚΡΗ	28	14.0	True	low
both-known	ΠΟΡΙΣΜΑ	1	ΠΟΤΙΣΜΑ	14	14.0	True	low
both-known	ΤΡΑΦΟΥΝ	1	ΓΡΑΦΟΥΝ	14	14.0	True	low
both-known	ΣΥΝΕΧΙΖΟΥΜΕ	1	ΣΥΝΕΧΙΣΟΥΜΕ	14	14.0	True	low
both-known	ΠΑΤΑΣ	1	ΠΑΠΑΣ	14	14.0	True	low
both-known	ΕΦΗΜΕΡΙΣ	1	ΕΦΗΜΕΡΙΟ	13	13.0	True	low
one-known	ΡΟΥΛΑ	1	ΤΟΥΛΑ	13	13.0	False	low
both-known	ΕΚΦΡΑΣΕΙ	2	ΕΚΦΡΑΖΕΙ	24	12.0	True	low
both-known	ΚΑΝΟΝΑΣ	2	ΚΑΝΕΝΑΣ	24	12.0	True	low
both-known	ΟΙΚΟΔΟΜΟΣ	1	ΟΙΚΟΔΟΜΕΣ	12	12.0	True	low
both-known	ΠΕΡΙΣΣΟΤΕΡΟΣ	1	ΠΕΡΙΣΣΟΤΕΡΕΣ	12	12.0	True	low
both-known	ΔΙΑΒΑΣΩ	1	ΔΙΑΒΑΖΩ	12	12.0	True	low
both-known	ΣΥΜΒΟΥΛΕΣ	3	ΣΥΜΒΟΥΛΟΣ	34	11.3	True	low
both-known	ΧΑΝΟΥΜΕ	2	ΚΑΝΟΥΜΕ	22	11.0	True	low
both-known	ΘΕΛΟΥΝΕ	1	ΘΕΛΟΥΜΕ	11	11.0	True	low
both-known	ΟΠΟΙΟΥΔΗΠΟΤΕ	1	ΟΠΟΙΟΝΔΗΠΟΤΕ	11	11.0	True	low
both-known	ΠΕΔΙΑ	1	ΠΟΔΙΑ	11	11.0	True	low
both-known	ΕΚΦΡΑΣΟΥΜΕ	1	ΕΚΦΡΑΖΟΥΜΕ	11	11.0	True	low
both-known	ΟΡΑΣΗ	1	ΦΡΑΣΗ	11	11.0	True	low
both-known	ΕΧΟΥΝΕ	7	ΕΧΟΥΜΕ	70	10.0	True	low
both-known	ΠΡΟΕΔΡΕ	5	ΠΡΟΕΔΡΟ	50	10.0	True	low
both-known	ΛΕΥΚΑΣ	1	ΛΟΥΚΑΣ	10	10.0	True	low
both-known	ΨΥΧΟΣ	1	ΨΥΧΕΣ	10	10.0	True	low
both-known	ΠΗΓΑΜΕ	1	ΠΗΡΑΜΕ	10	10.0	True	low
both-known	ΕΠΑΡΧΕΙΑ	1	ΕΠΑΡΚΕΙΑ	10	10.0	True	low
both-known	ΚΑΝΑΝΕ	1	ΚΑΝΑΜΕ	10	10.0	True	low
both-known	ΜΑΡΙΟΣ	1	ΜΑΡΚΟΣ	10	10.0	True	low
both-known	ΑΡΧΙΖΕ	9	ΑΡΧΙΣΕ	88	9.8	True	low
both-known	ΕΧΤΙΣΕ	2	ΕΚΤΙΣΕ	18	9.0	True	low
both-known	ΠΟΙΕΣ	2	ΠΟΙΟΣ	18	9.0	True	low
both-known	ΦΙΔΙΑ	1	ΦΙΛΙΑ	9	9.0	True	low
both-known	ΧΗΜΙΚΕΣ	1	ΧΗΜΙΚΟΣ	9	9.0	True	low
both-known	ΤΟΝΟΣ	1	ΠΟΝΟΣ	9	9.0	True	low
both-known	ΜΕΤΑΚΟΜΙΖΕΙΣ	1	ΜΕΤΑΚΟΜΙΣΕΙΣ	9	9.0	True	low
both-known	ΦΥΤΕΥΕΙ	1	ΦΥΤΕΨΕΙ	9	9.0	True	low
both-known	ΛΕΠΡΑ	1	ΛΕΠΤΑ	9	9.0	True	low
both-known	ΘΕΡΜΟΤΑΤΟΣ	1	ΘΕΡΜΟΤΑΤΕΣ	9	9.0	True	low
both-known	ΑΡΧΕΙ	1	ΑΡΚΕΙ	9	9.0	True	low
both-known	ΕΤΟΥΣ	40	ΣΤΟΥΣ	350	8.8	True	low
both-known	ΟΜΑΛΑ	2	ΟΜΑΔΑ	17	8.5	True	low
both-known	ΚΡΙΝΑ	2	ΚΡΙΜΑ	17	8.5	True	low
both-known	ΕΙΧΑΝΕ	3	ΕΙΧΑΜΕ	25	8.3	True	low
both-known	ΠΑΡΑΓΟΝΤΟΣ	2	ΠΑΡΑΓΟΝΤΕΣ	16	8.0	True	low
both-known	ΚΥΡΙΕΣ	2	ΚΥΡΙΟΣ	16	8.0	True	low
both-known	ΓΥΝΑΙΚΟΣ	2	ΓΥΝΑΙΚΕΣ	16	8.0	True	low
both-known	ΜΑΜΗΣ	2	ΜΑΝΗΣ	16	8.0	True	low
both-known	ΣΠΟΥΔΑΖΕ	1	ΣΠΟΥΔΑΣΕ	8	8.0	True	low
both-known	ΑΓΡΟΝ	1	ΑΓΙΟΝ	8	8.0	True	low
both-known	ΛΕΓΑΝΕ	1	ΛΕΓΑΜΕ	8	8.0	True	low
both-known	ΦΟΡΟΣ	4	ΦΟΡΕΣ	30	7.5	True	low
both-known	ΚΕΡΙΑ	4	ΧΕΡΙΑ	30	7.5	True	low
both-known	ΣΚΟΤΟΥΣ	2	ΣΚΟΠΟΥΣ	15	7.5	True	low
both-known	ΦΙΛΕΣ	3	ΦΙΛΟΣ	22	7.3	True	low
both-known	ΑΛΛΟΣ	8	ΑΛΛΕΣ	56	7.0	True	low
both-known	ΑΓΙΕΣ	4	ΑΓΙΟΣ	28	7.0	True	low
both-known	ΑΙΩΝΑΣ	3	ΑΓΩΝΑΣ	21	7.0	True	low
both-known	ΠΑΝΑΣ	2	ΠΑΠΑΣ	14	7.0	True	low
both-known	ΒΟΛΟΣ	1	ΡΟΛΟΣ	7	7.0	True	low
both-known	ΕΚΦΡΑΣΩ	1	ΕΚΦΡΑΖΩ	7	7.0	True	low
both-known	ΕΛΠΙΣΟΥΜΕ	1	ΕΛΠΙΖΟΥΜΕ	7	7.0	True	low
both-known	ΣΤΡΑΤΙΩΤΙΚΕΣ	1	ΣΤΡΑΤΙΩΤΙΚΟΣ	7	7.0	True	low
both-known	ΔΥΝΑΤΕΣ	1	ΔΥΝΑΤΟΣ	7	7.0	True	low
both-known	ΠΛΗΓΕΣ	1	ΠΛΗΡΕΣ	7	7.0	True	low
both-known	ΠΡΟΘΥΜΕΣ	1	ΠΡΟΘΥΜΟΣ	7	7.0	True	low
both-known	ΕΚΤΙΖΑΝ	1	ΕΚΤΙΣΑΝ	7	7.0	True	low
both-known	ΠΕΤΑΣ	1	ΠΕΡΑΣ	7	7.0	True	low
both-known	ΕΥΛΟΓΗΜΕΝΟΣ	1	ΕΥΛΟΓΗΜΕΝΕΣ	7	7.0	True	low
both-known	ΕΧΤΙΣΑΝ	1	ΕΚΤΙΣΑΝ	7	7.0	True	low
both-known	ΣΧΗΜΑΤΑ	1	ΟΧΗΜΑΤΑ	7	7.0	True	low
both-known	ΠΛΗΓΗ	4	ΠΛΗΡΗ	27	6.8	True	low
both-known	ΣΗΜΕΙΑ	21	ΣΗΜΕΡΑ	141	6.7	True	low
both-known	ΠΑΝΤΕΣ	7	ΠΑΝΤΟΣ	47	6.7	True	low
one-known	ΓΟΝΑΤΟΣ	2	ΓΟΜΑΤΟΣ	13	6.5	False	low
both-known	ΕΚΕΙΝΕΣ	3	ΕΚΕΙΝΟΣ	19	6.3	True	low
both-known	ΡΕΥΜΑ	4	ΓΕΥΜΑ	25	6.2	True	low
both-known	ΤΟΣΟΝ	4	ΠΟΣΟΝ	25	6.2	True	low
both-known	ΕΥΓΟΝΙΑ	3	ΕΥΓΕΝΙΑ	18	6.0	True	low
both-known	ΜΟΝΑΔΟΣ	2	ΜΟΝΑΔΕΣ	12	6.0	True	low
both-known	ΠΑΡΟΥΣΙΑΖΕ	2	ΠΑΡΟΥΣΙΑΣΕ	12	6.0	True	low
both-known	ΣΥΣΚΕΥΗ	2	ΣΥΣΚΕΨΗ	12	6.0	True	low
both-known	ΟΜΟΡΦΟΣ	1	ΟΜΟΡΦΕΣ	6	6.0	True	low
both-known	ΠΡΟΗΓΟΥΜΕΝΟΣ	1	ΠΡΟΗΓΟΥΜΕΝΕΣ	6	6.0	True	low
both-known	ΠΕΙΝΟΥΝ	1	ΠΕΡΝΟΥΝ	6	6.0	True	low
both-known	ΑΙΩΝΟΣ	1	ΑΙΩΝΕΣ	6	6.0	True	low
both-known	ΓΕΡΜΑ	1	ΤΕΡΜΑ	6	6.0	True	low
both-known	ΟΥΡΑΝΕ	1	ΟΥΡΑΝΟ	6	6.0	True	low
both-known	ΑΠΟΦΑΣΙΖΕΙ	1	ΑΠΟΦΑΣΙΣΕΙ	6	6.0	True	low
both-known	ΑΚΟΛΟΥΘΕΣ	1	ΑΚΟΛΟΥΘΟΣ	6	6.0	True	low
both-known	ΑΚΤΕΣ	1	ΑΚΡΕΣ	6	6.0	True	low
both-known	ΑΙΡΕΣ	1	ΑΚΡΕΣ	6	6.0	True	low
both-known	ΞΕΝΟΔΟΧΟ	1	ΞΕΝΟΔΟΧΕ	6	6.0	True	low
both-known	ΟΧΗΜΑ	1	ΣΧΗΜΑ	6	6.0	True	low
both-known	ΔΙΑΚΟΝΩΝ	1	ΔΙΑΚΟΠΩΝ	6	6.0	True	low
both-known	ΕΝΔΙΑΦΕΡΟΝΤΕΣ	1	ΕΝΔΙΑΦΕΡΟΝΤΟΣ	6	6.0	True	low
both-known	ΠΟΛΙΤΙΣΜΕΝΕΣ	1	ΠΟΛΙΤΙΣΜΕΝΟΣ	6	6.0	True	low
both-known	ΑΡΩΓΟΥΣ	1	ΑΓΩΓΟΥΣ	6	6.0	True	low
both-known	ΧΟΡΕΥΑΝ	1	ΧΟΡΕΨΑΝ	6	6.0	True	low
both-known	ΑΠΟΣΠΑΣΗ	1	ΑΠΟΣΤΑΣΗ	6	6.0	True	low
both-known	ΞΕΧΩΡΙΣΕΙ	1	ΞΕΧΩΡΙΖΕΙ	6	6.0	True	low
one-known	ΜΟΡΤΗ	1	ΜΟΡΡΗ	6	6.0	False	low
both-known	ΜΕΡΕΣ	13	ΜΕΡΟΣ	72	5.5	True	low
both-known	ΝΟΝΟΣ	4	ΜΟΝΟΣ	22	5.5	True	low
both-known	ΜΟΝΕΣ	4	ΜΟΝΟΣ	22	5.5	True	low
both-known	ΚΑΡΑΣ	2	ΧΑΡΑΣ	11	5.5	True	low
both-known	ΠΡΟΣΦΕΡΕΣ	2	ΠΡΟΣΦΟΡΕΣ	11	5.5	True	low
both-known	ΑΝΔΡΟΣ	2	ΑΝΔΡΕΣ	11	5.5	True	low
both-known	ΥΠΕΝΘΥΜΙΣΕΙ	2	ΥΠΕΝΘΥΜΙΖΕΙ	11	5.5	True	low
both-known	ΟΡΕΙΝΟΣ	2	ΟΡΕΙΝΕΣ	11	5.5	True	low
both-known	ΓΝΩΡΙΣΟΥΜΕ	2	ΓΝΩΡΙΖΟΥΜΕ	10	5.0	True	low
both-known	ΠΑΓΚΟ	2	ΠΑΡΚΟ	10	5.0	True	low
both-known	ΠΗΡΑΝΕ	2	ΠΗΡΑΜΕ	10	5.0	True	low
both-known	ΑΥΣΤΗΡΟΣ	1	ΑΥΣΤΗΡΕΣ	5	5.0	True	low
both-known	ΞΕΣΤΟ	1	ΖΕΣΤΟ	5	5.0	True	low
both-known	ΚΛΕΙΣΤΕ	1	ΚΛΕΙΣΤΟ	5	5.0	True	low
both-known	ΠΑΛΤΟ	1	ΠΑΛΙΟ	5	5.0	True	low
both-known	ΑΝΟΙΚΤΟ	1	ΑΝΟΙΧΤΟ	5	5.0	True	low
both-known	ΦΥΤΕΥΑΝ	1	ΦΥΤΕΨΑΝ	5	5.0	True	low
one-known	ΠΕΤΑΣ	1	ΠΟΤΑΣ	5	5.0	False	low
both-known	ΣΠΟΥΔΑΣΕΙ	1	ΣΠΟΥΔΑΖΕΙ	5	5.0	True	low
both-known	ΔΙΑΛΕΚΤΟ	1	ΔΙΑΛΕΧΤΟ	5	5.0	True	low
both-known	ΑΙΩΝΙΕΣ	1	ΑΙΩΝΙΟΣ	5	5.0	True	low
both-known	ΜΙΚΤΗΣ	1	ΜΙΚΡΗΣ	5	5.0	True	low
both-known	ΣΤΑΘΗ	1	ΣΠΑΘΗ	5	5.0	True	low
both-known	ΧΑΙΡΩΝ	1	ΚΑΙΡΩΝ	5	5.0	True	low
both-known	ΤΑΙΖΕΙ	1	ΠΑΙΖΕΙ	5	5.0	True	low
both-known	ΕΥΘΥΜΕΣ	1	ΕΥΘΥΝΕΣ	5	5.0	True	low
both-known	ΕΓΚΥΚΛΙΕΣ	1	ΕΓΚΥΚΛΙΟΣ	5	5.0	True	low
both-known	ΚΟΛΩΝΟΣ	1	ΚΟΛΩΝΕΣ	5	5.0	True	low
both-known	ΠΑΡΟΥ	1	ΠΑΓΟΥ	5	5.0	True	low
both-known	ΤΣΑΓΚΟΥ	1	ΤΣΑΓΙΟΥ	5	5.0	True	low
one-known	ΜΟΡΤΗΣ	1	ΜΟΡΡΗΣ	5	5.0	False	low
both-known	ΛΟΥΚΑ	7	ΔΟΥΚΑ	33	4.7	True	low
both-known	ΕΥΘΥΜΗ	3	ΕΥΘΥΝΗ	14	4.7	True	low
both-known	ΠΟΡΟΣ	4	ΠΟΙΟΣ	18	4.5	True	low
both-known	ΙΕΡΟΥΣ	2	ΙΕΡΕΥΣ	9	4.5	True	low
both-known	ΓΟΝΟΣ	2	ΠΟΝΟΣ	9	4.5	True	low
both-known	ΚΟΣΤΙΣΕΙ	2	ΚΟΣΤΙΖΕΙ	9	4.5	True	low
both-known	ΚΑΝΟΝΑ	5	ΚΑΝΕΝΑ	22	4.4	True	low
both-known	ΕΞΩΤΕΡΙΚΩΝ	3	ΕΣΩΤΕΡΙΚΩΝ	13	4.3	True	low
both-known	ΠΟΛΙΤΙΣΤΙΚΕΣ	6	ΠΟΛΙΤΙΣΤΙΚΟΣ	24	4.0	True	low
both-known	ΝΟΝΟΣ	4	ΝΟΜΟΣ	16	4.0	True	low
both-known	ΔΗΜΟΣΙΟΣ	3	ΔΗΜΟΣΙΕΣ	12	4.0	True	low
both-known	ΓΝΩΣΤΕΣ	3	ΓΝΩΣΤΟΣ	12	4.0	True	low
both-known	ΑΞΙΕΣ	2	ΑΞΙΟΣ	8	4.0	True	low
both-known	ΑΡΧΙΖΟΥΝ	2	ΑΡΧΙΣΟΥΝ	8	4.0	True	low
both-known	ΜΑΓΙΚΑ	2	ΜΑΡΙΚΑ	8	4.0	True	low
both-known	ΟΥΣΙΑ	2	ΘΥΣΙΑ	8	4.0	True	low
one-known	ΓΕΜΑΤΟΥ	2	ΓΟΜΑΤΟΥ	8	4.0	False	low
both-known	ΕΙΠΑΝΕ	2	ΕΙΠΑΜΕ	8	4.0	True	low
one-known	ΓΕΡΑΚΙ	2	ΓΟΡΑΚΙ	8	4.0	False	low
both-known	ΜΑΡΙΟΥ	2	ΜΑΡΚΟΥ	8	4.0	True	low
both-known	ΞΕΡΟΥΝΕ	1	ΞΕΡΟΥΜΕ	4	4.0	True	low
both-known	ΚΑΘΟΔΟΥ	1	ΚΑΘΟΛΟΥ	4	4.0	True	low
both-known	ΡΑΚΗΣ	1	ΡΑΧΗΣ	4	4.0	True	low
both-known	ΠΕΡΑΣΑΝΕ	1	ΠΕΡΑΣΑΜΕ	4	4.0	True	low
both-known	ΣΥΝΑΔΕΛΦΕ	1	ΣΥΝΑΔΕΛΦΟ	4	4.0	True	low
both-known	ΕΞΑΔΕΛΦΕΣ	1	ΕΞΑΔΕΛΦΟΣ	4	4.0	True	low
both-known	ΑΠΕΘΕΣΕ	1	ΑΝΕΘΕΣΕ	4	4.0	True	low
both-known	ΔΙΑΦΗΜΙΣΕΙ	1	ΔΙΑΦΗΜΙΖΕΙ	4	4.0	True	low
both-known	ΤΡΟΦΟΣ	1	ΤΡΟΦΕΣ	4	4.0	True	low
both-known	ΑΞΕΧΑΣΤΕ	1	ΑΞΕΧΑΣΤΟ	4	4.0	True	low
both-known	ΣΤΕΝΕΣ	1	ΣΤΕΝΟΣ	4	4.0	True	low
both-known	ΔΕΥΤΕΡΗΣ	1	ΛΕΥΤΕΡΗΣ	4	4.0	True	low
both-known	ΕΠΟΙΚΟΔΟΜΗΤΙΚΟΣ	1	ΕΠΟΙΚΟΔΟΜΗΤΙΚΕΣ	4	4.0	True	low
both-known	ΚΑΤΑΠΛΗΚΤΕΣ	1	ΚΑΤΑΠΛΗΚΤΟΣ	4	4.0	True	low
both-known	ΕΤΗΣΙΕΣ	1	ΕΤΗΣΙΟΣ	4	4.0	True	low
both-known	ΡΗΜΑΤΑ	1	ΒΗΜΑΤΑ	4	4.0	True	low
both-known	ΣΗΜΕΡΙΝΟΣ	1	ΣΗΜΕΡΙΝΕΣ	4	4.0	True	low
both-known	ΝΟΜΙΜΟΣ	1	ΝΟΜΙΜΕΣ	4	4.0	True	low
both-known	ΔΙΑΒΑΖΑ	1	ΔΙΑΒΑΣΑ	4	4.0	True	low
both-known	ΑΧΑΡΑ	1	ΑΧΑΙΑ	4	4.0	True	low
both-known	ΙΣΧΥΡΟΣ	1	ΙΣΧΥΡΕΣ	4	4.0	True	low
both-known	ΣΩΣΤΕΣ	1	ΣΩΣΤΟΣ	4	4.0	True	low
both-known	ΔΥΣΚΟΛΟΣ	1	ΔΥΣΚΟΛΕΣ	4	4.0	True	low
both-known	ΧΡΗΣΙΜΟΣ	1	ΧΡΗΣΙΜΕΣ	4	4.0	True	low
one-known	ΜΠΟΡΕΣ	1	ΜΠΟΡΟΣ	4	4.0	False	low
both-known	ΠΟΤΙΣΟΥΝ	1	ΠΟΤΙΖΟΥΝ	4	4.0	True	low
both-known	ΓΟΝΟΙ	1	ΤΟΝΟΙ	4	4.0	True	low
both-known	ΑΝΕΨΙΕΣ	1	ΑΝΕΨΙΟΣ	4	4.0	True	low
both-known	ΝΟΝΕΣ	1	ΜΟΝΕΣ	4	4.0	True	low
both-known	ΦΩΤΙΣΕΙ	1	ΦΩΤΙΖΕΙ	4	4.0	True	low
both-known	ΩΡΑΙΟΤΑΤΟΣ	1	ΩΡΑΙΟΤΑΤΕΣ	4	4.0	True	low
both-known	ΤΕΛΕΥΤΑΙΟΣ	1	ΤΕΛΕΥΤΑΙΕΣ	4	4.0	True	low
both-known	ΔΥΣΕΙ	1	ΛΥΣΕΙ	4	4.0	True	low
both-known	ΔΟΥΛΕΨΟΥΝ	1	ΔΟΥΛΕΥΟΥΝ	4	4.0	True	low
both-known	ΣΤΑΘΗΣ	1	ΣΠΑΘΗΣ	4	4.0	True	low
both-known	ΛΑΚΚΟΙ	1	ΛΑΙΚΟΙ	4	4.0	True	low
one-known	ΛΟΦΙΑ	1	ΛΟΦΤΑ	4	4.0	False	low
both-known	ΙΣΤΟΡΙΚΕΣ	1	ΙΣΤΟΡΙΚΟΣ	4	4.0	True	low
both-known	ΔΕΥΤΕΡΕΣ	1	ΔΕΥΤΕΡΟΣ	4	4.0	True	low
both-known	ΜΕΛΛΟΝΤΕΣ	1	ΜΕΛΛΟΝΤΟΣ	4	4.0	True	low
one-known	ΡΟΥΛΑΣ	1	ΤΟΥΛΑΣ	4	4.0	False	low
one-known	ΠΟΥΛΑΣ	1	ΤΟΥΛΑΣ	4	4.0	False	low
both-known	ΕΛΑΦΙΑ	1	ΕΛΑΦΡΑ	4	4.0	True	low
both-known	ΑΡΠΑΖΑΝ	1	ΑΡΠΑΞΑΝ	4	4.0	True	low
both-known	ΝΟΝΕΣ	1	ΝΟΝΟΣ	4	4.0	True	low
both-known	ΑΙΟΛΟΥ	1	ΔΙΟΛΟΥ	4	4.0	True	low
both-known	ΑΝΤΡΟ	1	ΑΝΤΙΟ	4	4.0	True	low
both-known	ΑΙΩΝΕΣ	6	ΑΓΩΝΕΣ	23	3.8	True	low
both-known	ΑΡΙΣΤΕΣ	5	ΑΡΙΣΤΟΣ	19	3.8	True	low
both-known	ΚΑΛΥΤΕΡΟΣ	3	ΚΑΛΥΤΕΡΕΣ	11	3.7	True	low
both-known	ΧΑΡΙΣΕΙ	3	ΧΑΡΙΖΕΙ	11	3.7	True	low
both-known	ΑΡΩΓΗ	3	ΑΓΩΓΗ	11	3.7	True	low
both-known	ΟΛΟΚΛΗΡΕΣ	2	ΟΛΟΚΛΗΡΟΣ	7	3.5	True	low
both-known	ΑΝΤΙΜΕΤΩΠΙΣΟΥΝ	2	ΑΝΤΙΜΕΤΩΠΙΖΟΥΝ	7	3.5	True	low
both-known	ΔΑΣΚΑΛΕ	2	ΔΑΣΚΑΛΟ	7	3.5	True	low
both-known	ΧΤΗΜΑ	2	ΚΤΗΜΑ	7	3.5	True	low
both-known	ΚΟΙΝΩΝΙΚΟΣ	2	ΚΟΙΝΩΝΙΚΕΣ	7	3.5	True	low
both-known	ΡΕΜΑΤΟΣ	2	ΓΕΜΑΤΟΣ	7	3.5	True	low
both-known	ΚΑΚΕΣ	2	ΚΑΚΟΣ	7	3.5	True	low
both-known	ΑΡΧΙΤΕΚΤΟΝΕΣ	2	ΑΡΧΙΤΕΚΤΟΝΟΣ	7	3.5	True	low
both-known	ΕΝΤΑΣΗ	2	ΕΝΤΑΞΗ	7	3.5	True	low
both-known	ΜΑΙΕΥΤΙΚΗ	2	ΜΑΓΕΥΤΙΚΗ	7	3.5	True	low
both-known	ΠΟΛΥΑΡΙΘΜΟΣ	2	ΠΟΛΥΑΡΙΘΜΕΣ	7	3.5	True	low
both-known	ΔΑΣΙΚΟΣ	2	ΔΑΣΙΚΕΣ	7	3.5	True	low
both-known	ΠΡΩΙΜΗ	2	ΠΡΩΙΝΗ	7	3.5	True	low
both-known	ΠΡΟΣΕΧΗ	8	ΠΡΟΣΟΧΗ	27	3.4	True	low
both-known	ΧΩΡΙΣ	144	ΧΩΡΙΟ	474	3.3	True	low
both-known	ΛΑΚΚΟ	3	ΛΑΙΚΟ	10	3.3	True	low
both-known	ΓΝΩΡΙΣΟΥΝ	4	ΓΝΩΡΙΖΟΥΝ	13	3.2	True	low
both-known	ΓΙΑΤΡΕ	7	ΓΙΑΤΡΟ	21	3.0	True	low
both-known	ΓΝΩΡΙΣΕΙ	6	ΓΝΩΡΙΖΕΙ	18	3.0	True	low
both-known	ΤΟΝΟΥΣ	6	ΤΟΠΟΥΣ	18	3.0	True	low
both-known	ΣΚΕΠΑΣΕΙ	3	ΣΚΕΠΑΖΕΙ	9	3.0	True	low
both-known	ΔΙΟΙΚΗΤΙΚΟΣ	2	ΔΙΟΙΚΗΤΙΚΕΣ	6	3.0	True	low
both-known	ΖΟΥΝΕ	2	ΖΟΥΜΕ	6	3.0	True	low
both-known	ΣΤΕΡΙΑ	2	ΣΤΟΡΙΑ	6	3.0	True	low
both-known	ΑΛΗΘΙΝΕΣ	2	ΑΛΗΘΙΝΟΣ	6	3.0	True	low
both-known	ΕΠΙΤΡΟΠΕΣ	2	ΕΠΙΤΡΟΠΟΣ	6	3.0	True	low
both-known	ΓΝΩΡΙΣΑΝ	2	ΓΝΩΡΙΖΑΝ	6	3.0	True	low
both-known	ΕΓΓΟΝΕΣ	2	ΕΓΓΟΝΟΣ	6	3.0	True	low
both-known	ΤΟΜΟΥΣ	2	ΤΟΝΟΥΣ	6	3.0	True	low
both-known	ΒΑΣΙΚΕΣ	2	ΒΑΣΙΚΟΣ	6	3.0	True	low
both-known	ΠΑΡΟΥΣΙΑΣΟΥΝ	2	ΠΑΡΟΥΣΙΑΖΟΥΝ	6	3.0	True	low
both-known	ΓΕΡΕΣ	2	ΓΕΡΟΣ	6	3.0	True	low
both-known	ΚΑΘΑΡΙΣΕΙ	2	ΚΑΘΑΡΙΖΕΙ	6	3.0	True	low
one-known	ΣΤΑΧΤΗ	2	ΣΠΑΧΤΗ	6	3.0	False	low
both-known	ΚΕΡΔΙΖΕΙ	2	ΚΕΡΔΙΣΕΙ	6	3.0	True	low
both-known	ΦΡΟΝΤΙΣΕΙ	2	ΦΡΟΝΤΙΖΕΙ	6	3.0	True	low
both-known	ΧΤΗΜΑ	2	ΧΡΗΜΑ	6	3.0	True	low
both-known	ΣΤΟΙΧΙΣΕΙ	1	ΣΤΟΙΧΙΖΕΙ	3	3.0	True	low
both-known	ΘΑΥΜΑΖΟΥΝ	1	ΘΑΥΜΑΣΟΥΝ	3	3.0	True	low
both-known	ΓΟΝΟΙ	1	ΠΟΝΟΙ	3	3.0	True	low
both-known	ΣΠΟΥΔΑΣΟΥΝ	1	ΣΠΟΥΔΑΖΟΥΝ	3	3.0	True	low
both-known	ΒΟΛΟΥ	1	ΡΟΛΟΥ	3	3.0	True	low
both-known	ΕΛΛΗΝΙΚΟΣ	1	ΕΛΛΗΝΙΚΕΣ	3	3.0	True	low
both-known	ΤΑΚΤΙΚΕΣ	1	ΤΑΚΤΙΚΟΣ	3	3.0	True	low
both-known	ΓΕΥΜΑΤΟΣ	1	ΡΕΥΜΑΤΟΣ	3	3.0	True	low
both-known	ΡΟΥΛΑΣ	1	ΒΟΥΛΑΣ	3	3.0	True	low
both-known	ΠΕΣΙΜΟ	1	ΠΟΣΙΜΟ	3	3.0	True	low
both-known	ΦΤΙΑΓΜΕΝΕΣ	1	ΦΤΙΑΓΜΕΝΟΣ	3	3.0	True	low
both-known	ΡΥΘΜΙΣΕΙ	1	ΡΥΘΜΙΖΕΙ	3	3.0	True	low
both-known	ΤΟΣΩΝ	1	ΠΟΣΩΝ	3	3.0	True	low
both-known	ΓΩΝΙΑΣ	1	ΙΩΝΙΑΣ	3	3.0	True	low
both-known	ΚΑΘΑΡΙΣΟΥΝ	1	ΚΑΘΑΡΙΖΟΥΝ	3	3.0	True	low
both-known	ΑΝΕΜΕΙΝΕ	1	ΑΠΕΜΕΙΝΕ	3	3.0	True	low
both-known	ΜΙΚΡΟΤΕΡΟΣ	1	ΜΙΚΡΟΤΕΡΕΣ	3	3.0	True	low
both-known	ΑΝΤΙΚΡΙΣΕΙΣ	1	ΑΝΤΙΚΡΙΖΕΙΣ	3	3.0	True	low
both-known	ΓΥΡΙΣΟΥΝ	1	ΓΥΡΙΖΟΥΝ	3	3.0	True	low
both-known	ΕΝΤΟΝΟΣ	1	ΕΝΤΟΝΕΣ	3	3.0	True	low
both-known	ΠΙΑΤΑ	1	ΝΙΑΤΑ	3	3.0	True	low
both-known	ΑΣΤΡΟ	1	ΑΣΠΡΟ	3	3.0	True	low
both-known	ΧΑΝΙΑ	1	ΧΑΠΙΑ	3	3.0	True	low
both-known	ΚΟΥΡΕΣ	1	ΚΟΥΡΟΣ	3	3.0	True	low
both-known	ΓΥΡΙΖΕΙ	1	ΓΥΡΙΣΕΙ	3	3.0	True	low
both-known	ΕΤΟΙΜΕΣ	1	ΕΤΟΙΜΟΣ	3	3.0	True	low
both-known	ΕΣΩΤΕΡΙΚΟΣ	1	ΕΣΩΤΕΡΙΚΕΣ	3	3.0	True	low
both-known	ΕΞΩΤΕΡΙΚΕΣ	1	ΕΣΩΤΕΡΙΚΕΣ	3	3.0	True	low
both-known	ΠΟΣΟΣ	1	ΠΟΣΕΣ	3	3.0	True	low
both-known	ΓΙΟΡΤΑΣΕΙ	1	ΓΙΟΡΤΑΖΕΙ	3	3.0	True	low
both-known	ΠΕΝΝΑ	1	ΓΕΝΝΑ	3	3.0	True	low
both-known	ΟΓΚΟΥ	1	ΟΙΚΟΥ	3	3.0	True	low
both-known	ΚΑΜΕΤΕ	1	ΚΑΝΕΤΕ	3	3.0	True	low
both-known	ΣΩΖΟΥΝ	1	ΣΩΣΟΥΝ	3	3.0	True	low
both-known	ΠΡΩΘΥΠΟΥΡΓΕ	1	ΠΡΩΘΥΠΟΥΡΓΟ	3	3.0	True	low
both-known	ΑΠΑΝΤΗΣΟΥΝΕ	1	ΑΠΑΝΤΗΣΟΥΜΕ	3	3.0	True	low
both-known	ΓΝΩΡΙΖΕ	1	ΓΝΩΡΙΣΕ	3	3.0	True	low
both-known	ΤΗΛΕΦΩΝΙΚΟΣ	1	ΤΗΛΕΦΩΝΙΚΕΣ	3	3.0	True	low
one-known	ΣΙΓΗΣ	1	ΣΙΤΗΣ	3	3.0	False	low
both-known	ΔΙΑΒΑΣΟΥΜΕ	1	ΔΙΑΒΑΖΟΥΜΕ	3	3.0	True	low
both-known	ΑΧΤΙΝΕΣ	1	ΑΚΤΙΝΕΣ	3	3.0	True	low
both-known	ΣΠΑΡΤΙΑΤΙΚΕΣ	1	ΣΠΑΡΤΙΑΤΙΚΟΣ	3	3.0	True	low
both-known	ΑΣΤΕΡΑ	1	ΑΣΤΕΙΑ	3	3.0	True	low
one-known	ΑΓΡΟΣ	1	ΑΤΡΟΣ	3	3.0	False	low
both-known	ΚΟΥΤΟΣ	1	ΚΟΥΡΟΣ	3	3.0	True	low
both-known	ΕΠΑΓΓΕΛΜΑΤΙΚΟΣ	1	ΕΠΑΓΓΕΛΜΑΤΙΚΕΣ	3	3.0	True	low
both-known	ΑΝΩΜΑΛΕΣ	1	ΑΝΩΜΑΛΟΣ	3	3.0	True	low
both-known	ΚΡΗΤΙΚΕΣ	1	ΚΡΗΤΙΚΟΣ	3	3.0	True	low
both-known	ΟΡΘΡΟΙ	1	ΟΡΘΙΟΙ	3	3.0	True	low
both-known	ΕΛΕΥΘΕΡΕΣ	1	ΕΛΕΥΘΕΡΟΣ	3	3.0	True	low
both-known	ΚΛΕΙΣΜΕΝΕΣ	1	ΚΛΕΙΣΜΕΝΟΣ	3	3.0	True	low
both-known	ΣΤΗΡΙΞΕΙ	1	ΣΤΗΡΙΖΕΙ	3	3.0	True	low
both-known	ΞΕΧΑΣΜΕΝΟΣ	1	ΞΕΧΑΣΜΕΝΕΣ	3	3.0	True	low
both-known	ΡΙΓΕΣ	1	ΡΙΓΟΣ	3	3.0	True	low
both-known	ΠΑΙΡΝΟΥΝΕ	1	ΠΑΙΡΝΟΥΜΕ	3	3.0	True	low
both-known	ΣΚΟΙΝΙ	1	ΣΧΟΙΝΙ	3	3.0	True	low
both-known	ΣΤΗΡΙΞΟΥΝ	1	ΣΤΗΡΙΖΟΥΝ	3	3.0	True	low
both-known	ΦΥΓΑΝΕ	1	ΦΥΓΑΜΕ	3	3.0	True	low
both-known	ΜΕΙΝΑΝΕ	1	ΜΕΙΝΑΜΕ	3	3.0	True	low
both-known	ΒΑΖΕΙ	1	ΒΑΣΕΙ	3	3.0	True	low
both-known	ΦΩΤΙΟΣ	1	ΦΩΤΙΕΣ	3	3.0	True	low
both-known	ΚΟΥΡΑ	1	ΚΟΥΒΑ	3	3.0	True	low
both-known	ΚΟΚΚΙΝΟΣ	1	ΚΟΚΚΙΝΕΣ	3	3.0	True	low
both-known	ΕΛΑΙΟ	1	ΕΛΑΤΟ	3	3.0	True	low
both-known	ΛΙΘΟΚΤΙΣΤΟ	1	ΛΙΘΟΧΤΙΣΤΟ	3	3.0	True	low
both-known	ΝΑΞΟΣ	1	ΝΑΣΟΣ	3	3.0	True	low
both-known	ΑΔΙΚΗ	1	ΑΛΙΚΗ	3	3.0	True	low
both-known	ΚΑΜΕΝΑ	1	ΧΑΜΕΝΑ	3	3.0	True	low
both-known	ΕΥΘΥΜΕΣ	1	ΕΥΘΥΜΟΣ	3	3.0	True	low
both-known	ΠΕΤΣΙ	1	ΠΕΡΣΙ	3	3.0	True	low
both-known	ΧΤΙΣΜΑΤΟΣ	1	ΚΤΙΣΜΑΤΟΣ	3	3.0	True	low
both-known	ΒΕΑΤΡΙΚΗ	1	ΘΕΑΤΡΙΚΗ	3	3.0	True	low
both-known	ΙΔΙΕΣ	10	ΙΔΙΟΣ	29	2.9	True	low
both-known	ΜΗΝΟΣ	10	ΜΗΝΕΣ	29	2.9	True	low
both-known	ΠΗΓΑΝ	6	ΠΗΡΑΝ	17	2.8	True	low
both-known	ΑΓΩΝΙΑ	6	ΑΙΩΝΙΑ	17	2.8	True	low
both-known	ΕΞΟΔΩΝ	6	ΕΣΟΔΩΝ	17	2.8	True	low
both-known	ΚΑΤΟΥ	6	ΚΑΠΟΥ	17	2.8	True	low
both-known	ΠΙΣΤΕΨΕΙ	4	ΠΙΣΤΕΥΕΙ	11	2.8	True	low
both-known	ΑΙΩΝΑ	15	ΑΓΩΝΑ	40	2.7	True	low
both-known	ΑΔΕΛΦΕΣ	10	ΑΔΕΛΦΟΣ	27	2.7	True	low
both-known	ΧΡΙΣΤΕ	3	ΧΡΙΣΤΟ	8	2.7	True	low
both-known	ΤΟΠΙΚΟΣ	3	ΤΟΠΙΚΕΣ	8	2.7	True	low
both-known	ΠΟΣΕΣ	3	ΤΟΣΕΣ	8	2.7	True	low
both-known	ΕΦΗΜΕΡΙΔΟΣ	8	ΕΦΗΜΕΡΙΔΕΣ	21	2.6	True	low
both-known	ΜΑΤΙΝΑ	5	ΜΑΡΙΝΑ	13	2.6	True	low
both-known	ΜΑΤΙΑ	46	ΜΑΡΙΑ	117	2.5	True	low
both-known	ΔΟΥΚΑΣ	4	ΛΟΥΚΑΣ	10	2.5	True	low
both-known	ΓΕΝΙΚΕΣ	4	ΓΕΝΙΚΟΣ	10	2.5	True	low
one-known	ΕΚΑΤΟΝ	4	ΕΚΑΤΟΜ	10	2.5	False	low
both-known	ΕΞΕΤΑΖΕΙ	2	ΕΞΕΤΑΣΕΙ	5	2.5	True	low
neither-known	ΟΛΟΥΧΑ	2	ΟΔΟΥΧΑ	5	2.5	False	low
both-known	ΕΡΓΑΖΟΜΕΝΕΣ	2	ΕΡΓΑΖΟΜΕΝΟΣ	5	2.5	True	low
both-known	ΤΡΑΠΕΖΙΚΕΣ	2	ΤΡΑΠΕΖΙΚΟΣ	5	2.5	True	low
both-known	ΔΙΑΚΟΥ	2	ΔΡΑΚΟΥ	5	2.5	True	low
both-known	ΣΤΟΛΙΣΕΙ	2	ΣΤΟΛΙΖΕΙ	5	2.5	True	low
both-known	ΠΑΡΑΤΟΝΟ	2	ΠΑΡΑΠΟΝΟ	5	2.5	True	low
neither-known	ΨΥΧΡΑΝΗΣ	2	ΨΥΧΡΑΜΗΣ	5	2.5	False	low
both-known	ΜΟΡΙΑ	2	ΜΕΡΙΑ	5	2.5	True	low
both-known	ΕΝΔΕΙΑ	2	ΕΝΔΕΚΑ	5	2.5	True	low
both-known	ΦΡΟΝΤΙΣΟΥΝ	2	ΦΡΟΝΤΙΖΟΥΝ	5	2.5	True	low
both-known	ΔΩΣΑΝΕ	2	ΔΩΣΑΜΕ	5	2.5	True	low
both-known	ΑΝΟΙΧΤΟΣ	2	ΑΝΟΙΧΤΕΣ	5	2.5	True	low
both-known	ΙΔΙΩΤΙΚΟΣ	2	ΙΔΙΩΤΙΚΕΣ	5	2.5	True	low
neither-known	ΖΗΡΟΚΑΜΠΙΟΥ	2	ΞΗΡΟΚΑΜΠΙΟΥ	5	2.5	False	low
both-known	ΠΑΙΞΕΙ	2	ΠΑΙΖΕΙ	5	2.5	True	low
both-known	ΛΑΚΚΩΝ	2	ΛΑΙΚΩΝ	5	2.5	True	low
both-known	ΟΠΟΙΕΣ	34	ΟΠΟΙΟΣ	83	2.4	True	low
both-known	ΚΑΠΟΙΕΣ	12	ΚΑΠΟΙΟΣ	29	2.4	True	low
both-known	ΠΕΙΡΑ	10	ΠΕΤΡΑ	24	2.4	True	low
both-known	ΟΙΚΟΝΟΜΙΚΟΣ	6	ΟΙΚΟΝΟΜΙΚΕΣ	14	2.3	True	low
both-known	ΠΑΡΟΝΤΕΣ	3	ΠΑΡΟΝΤΟΣ	7	2.3	True	low
both-known	ΓΕΜΑΤΕΣ	3	ΓΕΜΑΤΟΣ	7	2.3	True	low
both-known	ΚΟΥΜΠΑΡΟ	3	ΚΟΥΜΠΑΡΕ	7	2.3	True	low
neither-known	ΠΑΡΑΣΚΕΙΚΑ	3	ΠΑΡΑΣΧΕΙΚΑ	7	2.3	False	low
neither-known	ΑΟΥΛΟ	3	ΛΟΥΛΟ	7	2.3	False	low
both-known	ΕΣΩΤΕΡΙΚΟ	19	ΕΞΩΤΕΡΙΚΟ	41	2.2	True	low
both-known	ΒΓΗΚΕ	5	ΒΡΗΚΕ	11	2.2	True	low
both-known	ΝΟΝΟΣ	4	ΠΟΝΟΣ	9	2.2	True	low
both-known	ΠΕΤΡΟΣ	7	ΠΕΤΡΕΣ	15	2.1	True	low
both-known	ΑΓΑΠΗΤΟ	14	ΑΓΑΠΗΤΕ	28	2.0	True	low
both-known	ΠΡΩΤΕΣ	13	ΠΡΩΤΟΣ	26	2.0	True	low
both-known	ΣΥΝΕΧΙΖΕΙ	10	ΣΥΝΕΧΙΣΕΙ	20	2.0	True	low
both-known	ΛΕΓΟΥ	6	ΛΟΓΟΥ	12	2.0	True	low
both-known	ΜΕΓΑΛΥΤΕΡΟΣ	4	ΜΕΓΑΛΥΤΕΡΕΣ	8	2.0	True	low
both-known	ΠΝΕΥΜΑΤΙΚΟΣ	3	ΠΝΕΥΜΑΤΙΚΕΣ	6	2.0	True	low
neither-known	ΣΙΩΤΗ	3	ΖΙΩΤΗ	6	2.0	False	low
both-known	ΚΟΙΝΟΤΙΚΟΣ	3	ΚΟΙΝΟΤΙΚΕΣ	6	2.0	True	low
both-known	ΓΝΩΡΙΣΩ	3	ΓΝΩΡΙΖΩ	6	2.0	True	low
both-known	ΙΕΡΟΣ	3	ΓΕΡΟΣ	6	2.0	True	low
both-known	ΞΕΝΕΣ	3	ΞΕΝΟΣ	6	2.0	True	low
neither-known	ΜΙΧΟΥ	2	ΜΙΚΟΥ	4	2.0	False	low
both-known	ΑΞΙΟΛΟΓΟΣ	2	ΑΞΙΟΛΟΓΕΣ	4	2.0	True	low
both-known	ΠΕΛΑΓΗ	2	ΠΕΛΑΤΗ	4	2.0	True	low
both-known	ΖΗΤΑΜΕ	2	ΖΗΤΑΝΕ	4	2.0	True	low
neither-known	ΠΟΥΡΓΟ	2	ΠΟΥΡΓΕ	4	2.0	False	low
neither-known	ΠΑΝΤΑΞΕΛΑΣ	2	ΠΑΝΤΑΖΕΛΑΣ	4	2.0	False	low
one-known	ΣΙΩΤΗΣ	2	ΖΙΩΤΗΣ	4	2.0	False	low
neither-known	ΚΑΡΑΛΟΜΗΣ	2	ΚΑΡΑΛΕΜΗΣ	4	2.0	False	low
both-known	ΟΥΣΙΕΣ	2	ΘΥΣΙΕΣ	4	2.0	True	low
both-known	ΑΝΩΤΑΤΟΣ	2	ΑΝΩΤΑΤΕΣ	4	2.0	True	low
both-known	ΒΑΓΙΑ	2	ΒΑΡΙΑ	4	2.0	True	low
neither-known	ΔΕΔΟΥΡΗΣ	2	ΔΕΔΟΥΤΗΣ	4	2.0	False	low
both-known	ΕΛΑΤΩΝ	2	ΕΛΑΙΩΝ	4	2.0	True	low
neither-known	ΑΛΕΥΡΗΣ	2	ΑΛΕΥΤΗΣ	4	2.0	False	low
neither-known	ΠΑΝΤΑΖΑΣ	1	ΠΑΝΤΑΞΑΣ	2	2.0	False	low
both-known	ΦΤΙΑΧΝΟΥΝΕ	1	ΦΤΙΑΧΝΟΥΜΕ	2	2.0	True	low
neither-known	ΔΡΑΚΙΑ	1	ΔΡΑΧΙΑ	2	2.0	False	low
both-known	ΕΠΙΖΗΜΙΟΣ	1	ΕΠΙΖΗΜΙΕΣ	2	2.0	True	low
both-known	ΖΩΤΙΚΕΣ	1	ΖΩΤΙΚΟΣ	2	2.0	True	low
both-known	ΕΞΟΧΟΣ	1	ΕΞΟΧΕΣ	2	2.0	True	low
both-known	ΥΠΕΡΗΦΑΝΕΣ	1	ΥΠΕΡΗΦΑΝΟΣ	2	2.0	True	low
both-known	ΚΑΤΑΚΛΥΖΕΙ	1	ΚΑΤΑΚΛΥΣΕΙ	2	2.0	True	low
both-known	ΠΡΟΕΤΟΙΜΑΣΕΙ	1	ΠΡΟΕΤΟΙΜΑΖΕΙ	2	2.0	True	low
both-known	ΜΕΓΑΛΟΠΡΕΠΟΣ	1	ΜΕΓΑΛΟΠΡΕΠΕΣ	2	2.0	True	low
both-known	ΑΠΕΡΑΝΤΕΣ	1	ΑΠΕΡΑΝΤΟΣ	2	2.0	True	low
both-known	ΚΑΤΑΠΡΑΣΙΝΕΣ	1	ΚΑΤΑΠΡΑΣΙΝΟΣ	2	2.0	True	low
neither-known	ΣΠΑΡΤΙΑΤΕΠΟΥΛΑ	1	ΣΠΑΡΤΙΑΤΟΠΟΥΛΑ	2	2.0	False	low
both-known	ΠΕΡΙΟΡΙΣΕΙ	1	ΠΕΡΙΟΡΙΖΕΙ	2	2.0	True	low
both-known	ΠΕΡΙΦΗΜΟΣ	1	ΠΕΡΙΦΗΜΕΣ	2	2.0	True	low
both-known	ΔΙΑΣΚΕΔΑΣΕΙ	1	ΔΙΑΣΚΕΔΑΖΕΙ	2	2.0	True	low
both-known	ΚΕΡΔΙΖΕ	1	ΚΕΡΔΙΣΕ	2	2.0	True	low
one-known	ΠΙΤΣΑΣ	1	ΝΙΤΣΑΣ	2	2.0	False	low
both-known	ΕΠΙΚΕΙΜΕΝΟΣ	1	ΕΠΙΚΕΙΜΕΝΕΣ	2	2.0	True	low
neither-known	ΣΙΟΥΡΔΑΣ	1	ΣΤΟΥΡΔΑΣ	2	2.0	False	low
one-known	ΓΑΖΙΑ	1	ΓΑΣΙΑ	2	2.0	False	low
one-known	ΓΑΖΙΑ	1	ΡΑΖΙΑ	2	2.0	False	low
both-known	ΕΞΑΣΦΑΛΙΣΕΙ	1	ΕΞΑΣΦΑΛΙΖΕΙ	2	2.0	True	low
both-known	ΔΡΥΟΣ	1	ΔΡΥΕΣ	2	2.0	True	low
both-known	ΑΠΟΡΕΣ	1	ΑΓΟΡΕΣ	2	2.0	True	low
both-known	ΗΛΕΚΤΡΙΚΟΣ	1	ΗΛΕΚΤΡΙΚΕΣ	2	2.0	True	low
both-known	ΣΤΟΛΙΣΟΥΝ	1	ΣΤΟΛΙΖΟΥΝ	2	2.0	True	low
both-known	ΛΙΑΚΟΥ	1	ΔΙΑΚΟΥ	2	2.0	True	low
both-known	ΜΑΤΑΙΕ	1	ΜΑΤΑΙΟ	2	2.0	True	low
both-known	ΣΥΛΛΟΓΙΚΕΣ	1	ΣΥΛΛΟΓΙΚΟΣ	2	2.0	True	low
neither-known	ΛΟΓΤΑΝΙΚΟΣ	1	ΛΟΓΙΑΝΙΚΟΣ	2	2.0	False	low
neither-known	ΑΟΓΙΑΝΙΚΟΣ	1	ΛΟΓΙΑΝΙΚΟΣ	2	2.0	False	low
both-known	ΧΑΜΕΝΗ	1	ΚΑΜΕΝΗ	2	2.0	True	low
both-known	ΣΥΝΗΘΙΣΕ	1	ΣΥΝΗΘΙΖΕ	2	2.0	True	low
one-known	ΚΟΙΛΑΔΕΣ	1	ΚΟΙΛΑΔΟΣ	2	2.0	False	low
both-known	ΧΤΥΠΑ	1	ΚΤΥΠΑ	2	2.0	True	low
both-known	ΚΤΙΣΤΕΣ	1	ΧΤΙΣΤΕΣ	2	2.0	True	low
both-known	ΠΟΛΥΤΙΜΟΣ	1	ΠΟΛΥΤΙΜΕΣ	2	2.0	True	low
both-known	ΛΙΓΟΣ	1	ΛΙΠΟΣ	2	2.0	True	low
both-known	ΕΠΑΙΞΑΝ	1	ΕΠΑΙΖΑΝ	2	2.0	True	low
both-known	ΗΛΙΚΙΩΜΕΝΕΣ	1	ΗΛΙΚΙΩΜΕΝΟΣ	2	2.0	True	low
both-known	ΟΡΙΖΕ	1	ΟΡΙΣΕ	2	2.0	True	low
both-known	ΧΑΙΔΕΥΕΙ	1	ΧΑΙΔΕΨΕΙ	2	2.0	True	low
both-known	ΚΟΙΤΑΞΕ	1	ΚΟΙΤΑΖΕ	2	2.0	True	low
both-known	ΔΡΟΣΙΣΕΙ	1	ΔΡΟΣΙΖΕΙ	2	2.0	True	low
both-known	ΝΑΝΟΣ	1	ΜΑΝΟΣ	2	2.0	True	low
neither-known	ΔΙΑΤΕΘΟ	1	ΔΙΑΤΕΘΕ	2	2.0	False	low
both-known	ΧΑΛΑΕΙ	1	ΧΑΛΑΖΙ	2	2.0	True	low
both-known	ΑΕΡΟΣ	1	ΑΕΤΟΣ	2	2.0	True	low
both-known	ΑΣΤΟΣ	1	ΑΕΤΟΣ	2	2.0	True	low
both-known	ΑΠΟΥΣΙΑΖΑΝ	1	ΑΠΟΥΣΙΑΣΑΝ	2	2.0	True	low
both-known	ΠΡΟΤΕΡΑΙΟΤΗΤΟΣ	1	ΠΡΟΤΕΡΑΙΟΤΗΤΕΣ	2	2.0	True	low
both-known	ΕΥΛΟΓΗΜΕΝΕ	1	ΕΥΛΟΓΗΜΕΝΟ	2	2.0	True	low
both-known	ΤΙΜΙΟΣ	1	ΤΙΜΙΕΣ	2	2.0	True	low
both-known	ΤΑΞΙΔΕΥΕΙ	1	ΤΑΞΙΔΕΨΕΙ	2	2.0	True	low
both-known	ΔΥΝΑΜΙΚΕΣ	1	ΔΥΝΑΜΙΚΟΣ	2	2.0	True	low
both-known	ΛΟΓΓΩΝ	1	ΛΟΓΙΩΝ	2	2.0	True	low
both-known	ΠΛΟΥΤΙΣΟΥΝ	1	ΠΛΟΥΤΙΖΟΥΝ	2	2.0	True	low
both-known	ΓΟΝΙΚΗ	1	ΙΟΝΙΚΗ	2	2.0	True	low
both-known	ΕΞΑΙΡΕΤΙΚΕΣ	1	ΕΞΑΙΡΕΤΙΚΟΣ	2	2.0	True	low
both-known	ΔΡΟΣΕΡΟΣ	1	ΔΡΟΣΕΡΕΣ	2	2.0	True	low
both-known	ΠΑΓΙΟ	1	ΠΑΓΚΟ	2	2.0	True	low
both-known	ΑΣΤΕΓΟ	1	ΑΣΤΕΙΟ	2	2.0	True	low
both-known	ΠΑΡΟΜΟΙΟΣ	1	ΠΑΡΟΜΟΙΕΣ	2	2.0	True	low
neither-known	ΚΑΡΑΛΟΜΑΝ	1	ΚΑΡΑΛΕΜΑΝ	2	2.0	False	low
both-known	ΑΡΑΙΟ	1	ΑΡΑΤΟ	2	2.0	True	low
both-known	ΑΓΟΡΑΖΟΥΝ	1	ΑΓΟΡΑΣΟΥΝ	2	2.0	True	low
neither-known	ΜΙΑΤΟΥ	1	ΜΙΛΤΟΥ	2	2.0	False	low
neither-known	ΔΟΡΝΑ	1	ΔΕΡΝΑ	2	2.0	False	low
both-known	ΔΑΔΙΑ	1	ΛΑΔΙΑ	2	2.0	True	low
both-known	ΛΑΛΙΑ	1	ΛΑΔΙΑ	2	2.0	True	low
both-known	ΑΛΩΒΗΤΕΣ	1	ΑΛΩΒΗΤΟΣ	2	2.0	True	low
both-known	ΨΥΧΙΚΟΣ	1	ΨΥΧΙΚΕΣ	2	2.0	True	low
neither-known	ΓΕΩΡΓΙΤΣΙΟΓ	1	ΓΕΩΡΓΙΤΣΙΟΙ	2	2.0	False	low
both-known	ΠΟΤΕΣ	1	ΠΟΙΕΣ	2	2.0	True	low
both-known	ΑΝΑΤΑΞΗ	1	ΑΝΑΤΑΣΗ	2	2.0	True	low
both-known	ΔΕΜΕΝΕΣ	1	ΔΕΜΕΝΟΣ	2	2.0	True	low
both-known	ΕΜΠΟΔΙΣΕΙ	1	ΕΜΠΟΔΙΖΕΙ	2	2.0	True	low
both-known	ΤΕΧΝΟΛΟΓΙΚΕΣ	1	ΤΕΧΝΟΛΟΓΙΚΟΣ	2	2.0	True	low
both-known	ΠΑΡΑΓΩΓΙΚΟΣ	1	ΠΑΡΑΓΩΓΙΚΕΣ	2	2.0	True	low
both-known	ΚΤΥΠΗΣΕ	1	ΧΤΥΠΗΣΕ	2	2.0	True	low
both-known	ΑΡΜΑΤΑ	1	ΑΙΜΑΤΑ	2	2.0	True	low
both-known	ΚΥΡΙΑΡΧΕ	1	ΚΥΡΙΑΡΧΟ	2	2.0	True	low
both-known	ΑΓΚΑΛΙΑΣΕΙ	1	ΑΓΚΑΛΙΑΖΕΙ	2	2.0	True	low
neither-known	ΡΑΛΟΣ	1	ΒΑΛΟΣ	2	2.0	False	low
both-known	ΛΙΓΟΣΤΕΣ	1	ΛΙΓΟΣΤΟΣ	2	2.0	True	low
both-known	ΧΤΥΠΗΣΕΙ	1	ΚΤΥΠΗΣΕΙ	2	2.0	True	low
neither-known	ΣΥΜΠΛΗΡΩΘΟ	1	ΣΥΜΠΛΗΡΩΘΕ	2	2.0	False	low
both-known	ΜΙΛΑΝΕ	1	ΜΙΛΑΜΕ	2	2.0	True	low
neither-known	ΤΣΕΡΕΤΑ	1	ΤΣΕΡΣΤΑ	2	2.0	False	low
neither-known	ΠΑΝΤΑΖΕΛΟ	1	ΠΑΝΤΑΞΕΛΟ	2	2.0	False	low
both-known	ΞΑΝΑΖΩΝΤΑΝΕΥΕΙ	1	ΞΑΝΑΖΩΝΤΑΝΕΨΕΙ	2	2.0	True	low
neither-known	ΔΑΛΟΥΔΑ	1	ΛΑΛΟΥΔΑ	2	2.0	False	low
both-known	ΣΥΣΤΗΜΑΤΙΚΟΣ	1	ΣΥΣΤΗΜΑΤΙΚΕΣ	2	2.0	True	low
both-known	ΝΙΚΗΦΟΡΕ	1	ΝΙΚΗΦΟΡΟ	2	2.0	True	low
both-known	ΑΝΟΙΧΤΗΣ	1	ΑΝΟΙΚΤΗΣ	2	2.0	True	low
both-known	ΠΡΟΟΔΕΥΤΙΚΕΣ	1	ΠΡΟΟΔΕΥΤΙΚΟΣ	2	2.0	True	low
neither-known	ΠΕΡΙΔΟΛΙΑ	1	ΠΕΡΙΔΕΛΙΑ	2	2.0	False	low
both-known	ΧΡΥΣΟΣ	1	ΧΡΥΣΕΣ	2	2.0	True	low
both-known	ΑΚΑΔΗΜΑΙΚΕΣ	1	ΑΚΑΔΗΜΑΙΚΟΣ	2	2.0	True	low
both-known	ΔΙΟΡΙΖΕΙ	1	ΔΙΟΡΙΣΕΙ	2	2.0	True	low
both-known	ΦΩΤΙΖΕ	1	ΦΩΤΙΣΕ	2	2.0	True	low
neither-known	ΡΙΔΙΩΤΙΟΣΑ	1	ΡΙΔΙΩΤΙΣΣΑ	2	2.0	False	low
both-known	ΓΡΑΦΤΕ	1	ΓΡΑΦΤΟ	2	2.0	True	low
both-known	ΣΚΟΡΠΙΖΕ	1	ΣΚΟΡΠΙΣΕ	2	2.0	True	low
neither-known	ΤΑΖΙΑ	1	ΡΑΖΙΑ	2	2.0	False	low
one-known	ΘΑΛΑΣΣΗ	1	ΒΑΛΑΣΣΗ	2	2.0	False	low
both-known	ΠΟΤΙΣΕΙ	1	ΠΟΤΙΖΕΙ	2	2.0	True	low
neither-known	ΜΕΛΛΗ	1	ΝΕΛΛΗ	2	2.0	False	low
neither-known	ΣΗΡΟΚΑΜΠΙΟΥ	1	ΖΗΡΟΚΑΜΠΙΟΥ	2	2.0	False	low
both-known	ΑΝΤΙΜΕΤΩΠΙΣΕ	1	ΑΝΤΙΜΕΤΩΠΙΖΕ	2	2.0	True	low
both-known	ΛΕΓΟΝ	1	ΛΟΓΟΝ	2	2.0	True	low
both-known	ΕΠΙΚΙΝΔΥΝΟΣ	1	ΕΠΙΚΙΝΔΥΝΕΣ	2	2.0	True	low
neither-known	ΙΖΑΝΕΤΑΚΗΣ	1	ΤΖΑΝΕΤΑΚΗΣ	2	2.0	False	low
both-known	ΨΗΛΟΣ	1	ΨΗΛΕΣ	2	2.0	True	low
both-known	ΚΕΡΑΣΙΩΝ	1	ΚΟΡΑΣΙΩΝ	2	2.0	True	low
neither-known	ΑΛΕΥΡΟΓ	1	ΑΛΕΥΡΟΙ	2	2.0	False	low
both-known	ΓΚΟΥΛΑΣ	1	ΓΙΟΥΛΑΣ	2	2.0	True	low
one-known	ΣΠΑΘΙΑ	1	ΣΤΑΘΙΑ	2	2.0	False	low
both-known	ΕΥΧΑΡΙΣΤΕΣ	1	ΕΥΧΑΡΙΣΤΟΣ	2	2.0	True	low
neither-known	ΚΑΡΑΛΟΜΗ	1	ΚΑΡΑΛΕΜΗ	2	2.0	False	low
both-known	ΦΩΝΑΖΑΝ	1	ΦΩΝΑΞΑΝ	2	2.0	True	low
both-known	ΔΟΥΛΕΥΕΙΣ	1	ΔΟΥΛΕΨΕΙΣ	2	2.0	True	low
both-known	ΜΕΡΙΑΣ	1	ΜΟΡΙΑΣ	2	2.0	True	low
both-known	ΒΓΟΥΜΕ	1	ΒΡΟΥΜΕ	2	2.0	True	low
both-known	ΚΑΤΑΔΙΚΑΖΕ	1	ΚΑΤΑΔΙΚΑΣΕ	2	2.0	True	low
neither-known	ΠΑΝΤΕΖΕΛΟΥ	1	ΠΑΝΤΟΖΕΛΟΥ	2	2.0	False	low
both-known	ΥΠΟΧΡΕΩΤΙΚΟΣ	1	ΥΠΟΧΡΕΩΤΙΚΕΣ	2	2.0	True	low
both-known	ΔΙΑΣΚΕΔΑΣΕ	1	ΔΙΑΣΚΕΔΑΖΕ	2	2.0	True	low
both-known	ΘΑΥΜΑΣΕΙ	1	ΘΑΥΜΑΖΕΙ	2	2.0	True	low
both-known	ΦΡΑΞΕΙ	1	ΦΡΑΖΕΙ	2	2.0	True	low
both-known	ΕΚΤΑΚΤΟΣ	1	ΕΚΤΑΚΤΕΣ	2	2.0	True	low
both-known	ΘΕΡΟΥΣ	1	ΘΕΙΟΥΣ	2	2.0	True	low
both-known	ΑΠΟΦΑΣΙΣΜΕΝΕΣ	1	ΑΠΟΦΑΣΙΣΜΕΝΟΣ	2	2.0	True	low
neither-known	ΛΑΓΚΑΝΙΔΟΣ	1	ΛΑΓΚΑΝΙΔΕΣ	2	2.0	False	low
neither-known	ΝΟΕΟΠΟΥΛΟΥ	1	ΝΟΣΟΠΟΥΛΟΥ	2	2.0	False	low
one-known	ΠΑΝΕΛ	1	ΠΑΝΕΔ	2	2.0	False	low
both-known	ΚΤΥΠΟΥΝ	1	ΧΤΥΠΟΥΝ	2	2.0	True	low
both-known	ΑΛΛΑΞΕΤΕ	1	ΑΛΛΑΖΕΤΕ	2	2.0	True	low
both-known	ΧΤΙΣΟΥΝ	1	ΧΤΙΖΟΥΝ	2	2.0	True	low
both-known	ΚΑΤΑΡΡΑΚΤΗ	1	ΚΑΤΑΡΡΑΧΤΗ	2	2.0	True	low
neither-known	ΓΕΩΡΓΙΤΤΑ	1	ΓΕΩΡΓΙΤΙΑ	2	2.0	False	low
both-known	ΟΝΟΜΑΖΑΝ	1	ΟΝΟΜΑΣΑΝ	2	2.0	True	low
both-known	ΤΕΡΑΣΤΙΟΣ	1	ΤΕΡΑΣΤΙΕΣ	2	2.0	True	low
both-known	ΗΡΘΑΝΕ	1	ΗΡΘΑΜΕ	2	2.0	True	low
both-known	ΕΧΤΙΖΕ	1	ΕΧΤΙΣΕ	2	2.0	True	low
both-known	ΧΡΙΣΤΕΣ	1	ΧΤΙΣΤΕΣ	2	2.0	True	low
neither-known	ΜΠΟΥΣΧΟΥ	1	ΜΠΟΥΣΚΟΥ	2	2.0	False	low
neither-known	ΣΤΑΔΡΑ	1	ΣΙΑΔΡΑ	2	2.0	False	low
neither-known	ΜΑΛΟΔΟΥ	1	ΜΑΛΕΔΟΥ	2	2.0	False	low
neither-known	ΤΑΥΤΕΡΟΥ	1	ΤΑΥΤΕΤΟΥ	2	2.0	False	low
neither-known	ΠΑΛΙΚΑ	1	ΓΑΛΙΚΑ	2	2.0	False	low
both-known	ΚΑΛΛΙΕΡΓΗΜΕΝΟΣ	1	ΚΑΛΛΙΕΡΓΗΜΕΝΕΣ	2	2.0	True	low
one-known	ΚΟΝΤΕΣ	1	ΧΟΝΤΕΣ	2	2.0	False	low
both-known	ΝΤΥΜΕΝΕΣ	1	ΝΤΥΜΕΝΟΣ	2	2.0	True	low
both-known	ΚΤΙΖΟΥΝ	1	ΧΤΙΖΟΥΝ	2	2.0	True	low
both-known	ΔΟΚΙΜΕΣ	1	ΔΟΚΙΜΟΣ	2	2.0	True	low
neither-known	ΚΟΝΕΣ	1	ΚΟΝΟΣ	2	2.0	False	low
both-known	ΑΓΑΠΗΣΟΥΝΕ	1	ΑΓΑΠΗΣΟΥΜΕ	2	2.0	True	low
neither-known	ΧΕΡΗΣ	1	ΚΕΡΗΣ	2	2.0	False	low
neither-known	ΜΠΙΡΜΠΙΑΝΕ	1	ΜΠΙΡΜΠΙΑΝΣ	2	2.0	False	low
one-known	ΑΥΡΑΣ	1	ΑΥΤΑΣ	2	2.0	False	low
both-known	ΠΛΗΜΜΥΡΙΣΕΙ	1	ΠΛΗΜΜΥΡΙΖΕΙ	2	2.0	True	low
neither-known	ΠΙΣΤΗΝ	1	ΠΙΣΤΗΜ	2	2.0	False	low
both-known	ΞΑΝΑΡΧΙΖΕ	1	ΞΑΝΑΡΧΙΣΕ	2	2.0	True	low
neither-known	ΚΑΡΑΠΙΠΕΡΗ	1	ΚΑΡΑΠΙΤΕΡΗ	2	2.0	False	low
neither-known	ΡΑΣΙΙΑΣ	1	ΡΑΣΙΤΑΣ	2	2.0	False	low
neither-known	ΞΩΤΕΡΙΚ	1	ΣΩΤΕΡΙΚ	2	2.0	False	low
neither-known	ΠΡΟΚΑΛΟ	1	ΠΡΟΚΑΛΕ	2	2.0	False	low
neither-known	ΔΟΣΟΥΛΑ	1	ΔΟΞΟΥΛΑ	2	2.0	False	low
both-known	ΟΝΤΩΣ	1	ΟΥΤΩΣ	2	2.0	True	low
neither-known	ΑΠΟΣΤΡΑΤΕΥΘΗ	1	ΑΠΕΣΤΡΑΤΕΥΘΗ	2	2.0	False	low
neither-known	ΘΡΙΣΙΩΤΙΚΑ	1	ΒΡΙΣΙΩΤΙΚΑ	2	2.0	False	low
both-known	ΕΠΙΣΗΜΟΣ	1	ΕΠΙΣΗΜΕΣ	2	2.0	True	low
neither-known	ΣΟΥΛΛΑΚΙΑ	1	ΣΟΥΔΛΑΚΙΑ	2	2.0	False	low
neither-known	ΣΙΑΒΓΑ	1	ΣΙΑΒΡΑ	2	2.0	False	low
both-known	ΤΟΝΟΣ	1	ΓΟΝΟΣ	2	2.0	True	low
one-known	ΜΑΛΤΑΣ	1	ΜΑΛΙΑΣ	2	2.0	False	low
both-known	ΔΙΚΑΣΤΙΚΕΣ	1	ΔΙΚΑΣΤΙΚΟΣ	2	2.0	True	low
neither-known	ΚΑΓΙΑ	1	ΚΑΠΙΑ	2	2.0	False	low
neither-known	ΤΑΝΝΑΚΑΚΗΣ	1	ΠΑΝΝΑΚΑΚΗΣ	2	2.0	False	low
both-known	ΘΑΥΜΑΣΙΟΣ	1	ΘΑΥΜΑΣΙΕΣ	2	2.0	True	low
neither-known	ΠΕΥΘΥΝΕΣ	1	ΠΕΥΘΥΝΟΣ	2	2.0	False	low
both-known	ΠΕΡΝΑΓΕ	1	ΠΕΡΝΑΤΕ	2	2.0	True	low
neither-known	ΤΟΥΓΕΤΟΥ	1	ΤΣΥΓΕΤΟΥ	2	2.0	False	low
both-known	ΑΝΟΙΧΤΟΥ	1	ΑΝΟΙΚΤΟΥ	2	2.0	True	low
neither-known	ΔΙΑΤΗΡΟ	1	ΔΙΑΤΗΡΕ	2	2.0	False	low
neither-known	ΜΠΟΥΣΙΟΥ	1	ΜΠΟΥΣΚΟΥ	2	2.0	False	low
neither-known	ΤΙΑΝΝΑΚΑΚΗΣ	1	ΠΙΑΝΝΑΚΑΚΗΣ	2	2.0	False	low
both-known	ΛΑΚΚΟΣ	1	ΛΑΙΚΟΣ	2	2.0	True	low
neither-known	ΚΑΠΟΡΕΙΟΥ	1	ΚΑΤΟΡΕΙΟΥ	2	2.0	False	low
both-known	ΚΑΛΕΣ	15	ΚΑΛΟΣ	29	1.9	True	low
both-known	ΑΓΕΡΙ	8	ΑΓΟΡΙ	15	1.9	True	low
neither-known	ΚΟΡΣΗΣ	7	ΚΟΡΖΗΣ	13	1.9	False	low
one-known	ΓΕΜΑΤΟΣ	7	ΓΟΜΑΤΟΣ	13	1.9	False	low
both-known	ΕΠΙΣΚΕΥΗ	16	ΕΠΙΣΚΕΨΗ	28	1.8	True	low
both-known	ΔΙΚΟΣ	8	ΔΙΚΕΣ	14	1.8	True	low
both-known	ΕΙΔΙΚΕΣ	5	ΕΙΔΙΚΟΣ	9	1.8	True	low
both-known	ΑΡΜΟΔΙΟΣ	5	ΑΡΜΟΔΙΕΣ	9	1.8	True	low
both-known	ΑΝΤΙΜΕΤΩΠΙΣΕΙ	4	ΑΝΤΙΜΕΤΩΠΙΖΕΙ	7	1.8	True	low
both-known	ΡΟΔΟΣ	4	ΡΟΛΟΣ	7	1.8	True	low
both-known	ΠΟΙΩΝ	4	ΠΟΡΩΝ	7	1.8	True	low
both-known	ΦΡΟΝΤΙΖΕ	4	ΦΡΟΝΤΙΣΕ	7	1.8	True	low
one-known	ΛΑΟΥΣ	4	ΛΛΟΥΣ	7	1.8	False	low
both-known	ΚΟΙΝΟΤΗΤΟΣ	25	ΚΟΙΝΟΤΗΤΕΣ	42	1.7	True	low
both-known	ΣΥΓΧΡΟΝΟΣ	7	ΣΥΓΧΡΟΝΕΣ	12	1.7	True	low
both-known	ΥΠΕΝΘΥΜΙΣΟΥΜΕ	3	ΥΠΕΝΘΥΜΙΖΟΥΜΕ	5	1.7	True	low
both-known	ΔΟΣΗΣ	3	ΔΕΣΗΣ	5	1.7	True	low
both-known	ΠΟΙΟΥΣ	3	ΠΟΡΟΥΣ	5	1.7	True	low
both-known	ΕΣΩΤΕΡΙΚΑ	3	ΕΞΩΤΕΡΙΚΑ	5	1.7	True	low
both-known	ΜΕΡΑΣ	3	ΜΕΓΑΣ	5	1.7	True	low
both-known	ΦΕΡΕΤΡΟ	3	ΘΕΡΕΤΡΟ	5	1.7	True	low
neither-known	ΣΤΑΦΤΗ	3	ΣΠΑΦΤΗ	5	1.7	False	low
both-known	ΚΥΡΙΟ	17	ΚΥΡΙΕ	27	1.6	True	low
both-known	ΒΓΗΚΑΝ	5	ΒΡΗΚΑΝ	8	1.6	True	low
both-known	ΣΤΕΦΑΝΟ	5	ΣΤΕΦΑΝΕ	8	1.6	True	low
both-known	ΕΣΩΤΕΡΙΚΟΥ	24	ΕΞΩΤΕΡΙΚΟΥ	36	1.5	True	low
neither-known	ΜΠΟΡΟ	15	ΜΠΟΡΕ	23	1.5	False	low
both-known	ΑΔΕΛΦΕ	8	ΑΔΕΛΦΟ	12	1.5	True	low
both-known	ΠΑΤΡΙΔΕΣ	4	ΠΑΤΡΙΔΟΣ	6	1.5	True	low
both-known	ΠΟΝΟΥΣ	4	ΤΟΝΟΥΣ	6	1.5	True	low
both-known	ΤΡΩΜΕ	4	ΤΡΩΝΕ	6	1.5	True	low
both-known	ΑΕΙΜΝΗΣΤΕ	4	ΑΕΙΜΝΗΣΤΟ	6	1.5	True	low
both-known	ΠΛΟΥΣΙΕΣ	4	ΠΛΟΥΣΙΟΣ	6	1.5	True	low
both-known	ΑΙΩΝΩΝ	4	ΑΓΩΝΩΝ	6	1.5	True	low
both-known	ΦΟΡΟΣ	4	ΦΟΒΟΣ	6	1.5	True	low
one-known	ΖΑΧΑΡΙΑΣ	2	ΣΑΧΑΡΙΑΣ	3	1.5	False	low
both-known	ΑΠΩΤΕΡΕΣ	2	ΑΝΩΤΕΡΕΣ	3	1.5	True	low
both-known	ΡΕΜΑΤΑ	2	ΓΕΜΑΤΑ	3	1.5	True	low
both-known	ΧΤΙΖΕΙ	2	ΚΤΙΖΕΙ	3	1.5	True	low
both-known	ΚΤΙΣΕΙ	2	ΚΤΙΖΕΙ	3	1.5	True	low
both-known	ΜΟΝΙΜΟΣ	2	ΜΟΝΙΜΕΣ	3	1.5	True	low
both-known	ΑΠΛΟΣ	2	ΑΠΛΕΣ	3	1.5	True	low
neither-known	ΟΔΟΨΥΧΑ	2	ΟΔΟΥΥΧΑ	3	1.5	False	low
neither-known	ΟΛΟΥΥΧΑ	2	ΟΔΟΥΥΧΑ	3	1.5	False	low
both-known	ΑΝΟΙΚΤΗ	2	ΑΝΟΙΧΤΗ	3	1.5	True	low
both-known	ΣΧΗΜΑΤΙΣΕΙ	2	ΣΧΗΜΑΤΙΖΕΙ	3	1.5	True	low
both-known	ΓΝΩΡΙΣΑ	2	ΓΝΩΡΙΖΑ	3	1.5	True	low
both-known	ΚΤΙΣΜΕΝΟ	2	ΧΤΙΣΜΕΝΟ	3	1.5	True	low
both-known	ΚΑΘΟΡΙΣΕΙ	2	ΚΑΘΟΡΙΖΕΙ	3	1.5	True	low
both-known	ΤΕΧΝΙΚΟΣ	2	ΤΕΧΝΙΚΕΣ	3	1.5	True	low
neither-known	ΓΑΛΙΚΑ	2	ΤΑΛΙΚΑ	3	1.5	False	low
both-known	ΕΔΙΚΟ	2	ΟΔΙΚΟ	3	1.5	True	low
both-known	ΦΩΝΑΖΕ	2	ΦΩΝΑΞΕ	3	1.5	True	low
both-known	ΚΥΡΙΟΤΕΡΟΣ	2	ΚΥΡΙΟΤΕΡΕΣ	3	1.5	True	low
both-known	ΘΥΣΙΑΣ	2	ΟΥΣΙΑΣ	3	1.5	True	low
both-known	ΙΚΑΝΟΠΟΙΗΜΕΝΕΣ	2	ΙΚΑΝΟΠΟΙΗΜΕΝΟΣ	3	1.5	True	low
both-known	ΑΘΛΗΤΙΚΕΣ	2	ΑΘΛΗΤΙΚΟΣ	3	1.5	True	low
both-known	ΠΙΝΑΜΕ	2	ΓΙΝΑΜΕ	3	1.5	True	low
both-known	ΧΑΝΕΤΕ	2	ΚΑΝΕΤΕ	3	1.5	True	low
both-known	ΠΑΠΑΓΟΥ	2	ΠΑΝΑΓΟΥ	3	1.5	True	low
neither-known	ΡΜΟΔΙΕΣ	2	ΡΜΟΔΙΟΣ	3	1.5	False	low
both-known	ΠΡΑΓΜΑΤΙΚΕΣ	2	ΠΡΑΓΜΑΤΙΚΟΣ	3	1.5	True	low
both-known	ΑΡΧΙΖΟΥΜΕ	2	ΑΡΧΙΣΟΥΜΕ	3	1.5	True	low
both-known	ΚΤΙΖΕΤΑΙ	2	ΧΤΙΖΕΤΑΙ	3	1.5	True	low
both-known	ΠΛΑΤΕΣ	2	ΠΛΑΤΟΣ	3	1.5	True	low
both-known	ΙΕΡΟΥΣ	2	ΓΕΡΟΥΣ	3	1.5	True	low
both-known	ΑΘΑΝΑΤΕΣ	2	ΑΘΑΝΑΤΟΣ	3	1.5	True	low
both-known	ΧΑΡΑΚΤΗΡΙΣΕΙ	2	ΧΑΡΑΚΤΗΡΙΖΕΙ	3	1.5	True	low
both-known	ΝΟΜΙΣΕΤΕ	2	ΝΟΜΙΖΕΤΕ	3	1.5	True	low
neither-known	ΓΑΠΗΜΕΝΟ	2	ΓΑΠΗΜΕΝΕ	3	1.5	False	low
one-known	ΑΝΕΧΩΡΗΣΕ	2	ΑΠΕΧΩΡΗΣΕ	3	1.5	False	low
one-known	ΣΤΕΡΙΑ	2	ΣΤΕΡΚΑ	3	1.5	False	low
both-known	ΧΟΥΝΕ	2	ΧΟΥΜΕ	3	1.5	True	low
both-known	ΧΩΡΕΣ	21	ΧΩΡΟΣ	29	1.4	True	low
both-known	ΠΑΡΟΥΣΙΑΣΕΙ	7	ΠΑΡΟΥΣΙΑΖΕΙ	10	1.4	True	low
both-known	ΛΕΥΚΑ	5	ΛΟΥΚΑ	7	1.4	True	low
one-known	ΠΙΤΣΑ	5	ΝΙΤΣΑ	7	1.4	False	low
both-known	ΑΡΧΙΣΕΙ	21	ΑΡΧΙΖΕΙ	27	1.3	True	low
both-known	ΧΑΡΟΣ	12	ΧΑΡΕΣ	16	1.3	True	low
both-known	ΜΑΚΗΣ	9	ΜΑΧΗΣ	12	1.3	True	low
both-known	ΝΙΚΟΛΑΟ	7	ΝΙΚΟΛΑΣ	9	1.3	True	low
both-known	ΓΙΝΟΥΜΕ	6	ΠΙΝΟΥΜΕ	8	1.3	True	low
both-known	ΠΟΝΟΙ	3	ΤΟΝΟΙ	4	1.3	True	low
both-known	ΣΚΛΗΡΟΣ	3	ΣΚΛΗΡΕΣ	4	1.3	True	low
both-known	ΜΕΡΑΚΙ	3	ΝΕΡΑΚΙ	4	1.3	True	low
both-known	ΔΗΜΟΤΙΚΟΣ	3	ΔΗΜΟΤΙΚΕΣ	4	1.3	True	low
both-known	ΡΕΥΜΑΤΑ	3	ΓΕΥΜΑΤΑ	4	1.3	True	low
both-known	ΔΟΣΗΣ	3	ΔΟΞΗΣ	4	1.3	True	low
both-known	ΚΟΡΙΑ	3	ΚΕΡΙΑ	4	1.3	True	low
both-known	ΠΟΛΥΑΓΑΠΗΜΕΝΟ	3	ΠΟΛΥΑΓΑΠΗΜΕΝΕ	4	1.3	True	low
both-known	ΤΟΠΟΙ	3	ΤΟΝΟΙ	4	1.3	True	low
both-known	ΜΟΝΑΧΕΣ	3	ΜΟΝΑΧΟΣ	4	1.3	True	low
both-known	ΕΦΑΡΜΟΣΕΙ	3	ΕΦΑΡΜΟΖΕΙ	4	1.3	True	low
both-known	ΔΗΜΙΟΥΡΓΕ	3	ΔΗΜΙΟΥΡΓΟ	4	1.3	True	low
one-known	ΣΤΕΓΑΝΑ	3	ΣΤΕΡΑΝΑ	4	1.3	False	low
both-known	ΕΣΩΤΕΡΙΚΗ	3	ΕΞΩΤΕΡΙΚΗ	4	1.3	True	low
both-known	ΕΞΟΔΟ	3	ΕΣΟΔΟ	4	1.3	True	low
both-known	ΠΑΓΕΤΟ	3	ΠΑΓΕΡΟ	4	1.3	True	low
both-known	ΑΥΤΕΣ	51	ΑΥΤΟΣ	61	1.2	True	low
both-known	ΜΙΚΡΟΣ	16	ΜΙΚΡΕΣ	19	1.2	True	low
both-known	ΑΙΤΙΑ	8	ΑΡΤΙΑ	10	1.2	True	low
neither-known	ΖΑΧΑΡΙΚΗΣ	6	ΣΑΧΑΡΙΚΗΣ	7	1.2	False	low
both-known	ΑΓΡΟΤΙΚΕΣ	6	ΑΓΡΟΤΙΚΟΣ	7	1.2	True	low
both-known	ΠΕΙΝΑ	5	ΠΕΡΝΑ	6	1.2	True	low
one-known	ΒΛΕΠΩ	5	ΕΛΕΠΩ	6	1.2	False	low
both-known	ΓΕΡΝΟΥΝ	5	ΠΕΡΝΟΥΝ	6	1.2	True	low
both-known	ΣΥΝΕΧΙΣΟΥΝ	4	ΣΥΝΕΧΙΖΟΥΝ	5	1.2	True	low
both-known	ΜΑΖΕΨΟΥΝ	4	ΜΑΖΕΥΟΥΝ	5	1.2	True	low
both-known	ΧΑΡΟΥΜΕΝΕΣ	4	ΧΑΡΟΥΜΕΝΟΣ	5	1.2	True	low
both-known	ΕΣΟΔΑ	22	ΕΞΟΔΑ	25	1.1	True	low
both-known	ΜΕΓΑΛΟΣ	34	ΜΕΓΑΛΕΣ	35	1.0	True	low
both-known	ΕΠΑΦΗ	14	ΕΤΑΦΗ	14	1.0	True	low
both-known	ΜΑΙΡΗ	9	ΜΑΚΡΗ	9	1.0	True	low
both-known	ΠΟΛΙΤΙΚΕΣ	7	ΠΟΛΙΤΙΚΟΣ	7	1.0	True	low
both-known	ΚΑΤΑΛΛΗΛΕΣ	6	ΚΑΤΑΛΛΗΛΟΣ	6	1.0	True	low
one-known	ΠΟΙΑΣ	5	ΠΟΤΑΣ	5	1.0	False	low
both-known	ΝΕΑΡΕΣ	4	ΝΕΑΡΟΣ	4	1.0	True	low
both-known	ΘΕΙΕΣ	4	ΘΕΙΟΣ	4	1.0	True	low
both-known	ΑΝΩΤΕΡΕΣ	3	ΑΝΩΤΕΡΟΣ	3	1.0	True	low
both-known	ΔΙΑΒΑΖΕΙ	3	ΔΙΑΒΑΣΕΙ	3	1.0	True	low
both-known	ΚΛΑΙΜΕ	3	ΚΛΑΙΝΕ	3	1.0	True	low
both-known	ΦΡΟΝΤΙΖΟΥΜΕ	3	ΦΡΟΝΤΙΣΟΥΜΕ	3	1.0	True	low
both-known	ΓΕΜΙΖΕΙ	3	ΓΕΜΙΣΕΙ	3	1.0	True	low
both-known	ΓΙΝΕΙΣ	3	ΠΙΝΕΙΣ	3	1.0	True	low
both-known	ΑΓΑΠΑΜΕ	3	ΑΓΑΠΑΝΕ	3	1.0	True	low
one-known	ΖΑΧΑΡΟΠΛΑΣΤΙΚΗΣ	3	ΞΑΧΑΡΟΠΛΑΣΤΙΚΗΣ	3	1.0	False	low
both-known	ΔΟΥΛΕΥΕΙ	3	ΔΟΥΛΕΨΕΙ	3	1.0	True	low
both-known	ΑΙΤΙΟ	3	ΑΡΤΙΟ	3	1.0	True	low
both-known	ΔΟΥΛΕΥΕ	3	ΔΟΥΛΕΨΕ	3	1.0	True	low
both-known	ΤΑΞΕΙΣ	3	ΤΑΣΕΙΣ	3	1.0	True	low
both-known	ΕΜΒΟΛΙΑΖΕΙ	3	ΕΜΒΟΛΙΑΣΕΙ	3	1.0	True	low
both-known	ΑΝΤΙΜΕΤΩΠΙΖΟΥΜΕ	2	ΑΝΤΙΜΕΤΩΠΙΣΟΥΜΕ	2	1.0	True	low
both-known	ΣΗΜΑΝΤΙΚΕΣ	2	ΣΗΜΑΝΤΙΚΟΣ	2	1.0	True	low
both-known	ΠΑΛΑΙΕΣ	2	ΠΑΛΑΙΟΣ	2	1.0	True	low
both-known	ΥΨΗΛΕΣ	2	ΥΨΗΛΟΣ	2	1.0	True	low
one-known	ΞΕΧΝΑΤΕ	2	ΣΕΧΝΑΤΕ	2	1.0	False	low
neither-known	ΝΙΑΡΟΣ	2	ΝΤΑΡΟΣ	2	1.0	False	low
both-known	ΠΡΩΙΜΑ	2	ΠΡΩΙΝΑ	2	1.0	True	low
both-known	ΣΥΝΗΘΙΖΟΥΝ	2	ΣΥΝΗΘΙΣΟΥΝ	2	1.0	True	low
both-known	ΧΤΙΖΕΙ	2	ΧΤΙΣΕΙ	2	1.0	True	low
both-known	ΚΤΙΣΕΙ	2	ΧΤΙΣΕΙ	2	1.0	True	low
both-known	ΕΥΕΡΓΕΤΙΚΕΣ	2	ΕΥΕΡΓΕΤΙΚΟΣ	2	1.0	True	low
both-known	ΔΟΥΛΕΥΑΝ	2	ΔΟΥΛΕΨΑΝ	2	1.0	True	low
both-known	ΛΑΙΚΕΣ	2	ΛΑΙΚΟΣ	2	1.0	True	low
neither-known	ΡΧΙΖΕΙ	2	ΡΧΙΣΕΙ	2	1.0	False	low
one-known	ΜΠΑΜΙΑΣ	2	ΜΠΑΝΙΑΣ	2	1.0	False	low
both-known	ΦΥΤΕΥΟΥΜΕ	2	ΦΥΤΕΨΟΥΜΕ	2	1.0	True	low
both-known	ΠΟΙΟΙ	2	ΠΟΡΟΙ	2	1.0	True	low
both-known	ΑΝΑΚΑΙΝΙΖΕΙ	2	ΑΝΑΚΑΙΝΙΣΕΙ	2	1.0	True	low
both-known	ΣΩΖΕΙ	2	ΣΩΣΕΙ	2	1.0	True	low
both-known	ΣΥΝΟΔΟΥ	2	ΣΥΝΟΛΟΥ	2	1.0	True	low
both-known	ΘΕΩΡΕ	2	ΘΕΩΡΟ	2	1.0	True	low
both-known	ΒΥΖΑΝΤΙΝΕΣ	2	ΒΥΖΑΝΤΙΝΟΣ	2	1.0	True	low
both-known	ΠΟΣΟΥΣ	2	ΤΟΣΟΥΣ	2	1.0	True	low
both-known	ΙΑΤΡΙΚΕΣ	2	ΙΑΤΡΙΚΟΣ	2	1.0	True	low
neither-known	ΤΣΕΡΜΠΑ	2	ΤΣΕΡΜΤΑ	2	1.0	False	low
both-known	ΔΙΑΒΑΖΑΜΕ	2	ΔΙΑΒΑΣΑΜΕ	2	1.0	True	low
both-known	ΚΕΙΝΕΣ	2	ΚΕΙΝΟΣ	2	1.0	True	low
both-known	ΟΡΙΖΕΙ	2	ΟΡΙΣΕΙ	2	1.0	True	low
both-known	ΛΑΙΚΟΥΣ	2	ΛΑΚΚΟΥΣ	2	1.0	True	low
one-known	ΠΑΙΔΙΚΗΣ	2	ΠΑΡΔΙΚΗΣ	2	1.0	False	low
both-known	ΜΟΙΡΑΖΑΝ	2	ΜΟΙΡΑΣΑΝ	2	1.0	True	low
both-known	ΕΒΔΟΜΑΔΕΣ	2	ΕΒΔΟΜΑΔΟΣ	2	1.0	True	low
neither-known	ΕΣΥΝΕΦΙΑΖΑΝ	2	ΕΣΥΝΕΦΙΑΣΑΝ	2	1.0	False	low
both-known	ΠΑΡΑΔΟΣΙΑΚΕΣ	2	ΠΑΡΑΔΟΣΙΑΚΟΣ	2	1.0	True	low
both-known	ΤΕΚΝΩΝ	2	ΤΕΧΝΩΝ	2	1.0	True	low
one-known	ΦΗΜΕΣ	2	ΦΗΝΕΣ	2	1.0	False	low
neither-known	ΖΙΑΔΡΑ	2	ΣΙΑΔΡΑ	2	1.0	False	low
both-known	ΑΛΛΑΖΟΥΝ	2	ΑΛΛΑΞΟΥΝ	2	1.0	True	low
one-known	ΕΠΗΓΑΜΕ	2	ΕΠΗΡΑΜΕ	2	1.0	False	low
both-known	ΦΡΟΝΤΙΖΑΝ	2	ΦΡΟΝΤΙΣΑΝ	2	1.0	True	low
neither-known	ΛΑΚΙΑ	2	ΛΑΚΚΑ	2	1.0	False	low
both-known	ΜΑΖΕΥΕ	2	ΜΑΖΕΨΕ	2	1.0	True	low
neither-known	ΤΣΕΡΜΤΑ	2	ΤΣΕΡΝΤΑ	2	1.0	False	low
both-known	ΜΑΙΡΗΣ	2	ΜΑΚΡΗΣ	2	1.0	True	low
one-known	ΚΛΟΥΒΙΑ	2	ΚΛΟΥΘΙΑ	2	1.0	False	low
both-known	ΡΑΓΙΖΟΥΝ	2	ΡΑΓΙΣΟΥΝ	2	1.0	True	low
neither-known	ΠΑΝΤΑΖΗΛΟΥ	1	ΠΑΝΤΑΞΗΛΟΥ	1	1.0	False	low
neither-known	ΓΙΩΤΗΣ	1	ΡΙΩΤΗΣ	1	1.0	False	low
both-known	ΑΓΑΠΗΜΕΝΕΣ	1	ΑΓΑΠΗΜΕΝΟΣ	1	1.0	True	low
both-known	ΛΟΓΙΕΣ	1	ΛΟΓΙΟΣ	1	1.0	True	low
both-known	ΚΑΘΟΡΙΣΜΕΝΕΣ	1	ΚΑΘΟΡΙΣΜΕΝΟΣ	1	1.0	True	low
neither-known	ΠΑΝΟΙ	1	ΠΑΝΟΤ	1	1.0	False	low
both-known	ΠΕΙΝΟΥΝ	1	ΤΕΙΝΟΥΝ	1	1.0	True	low
both-known	ΕΖΩΣΕ	1	ΕΣΩΣΕ	1	1.0	True	low
both-known	ΑΠΕΦΟΙΤΗΣΕ	1	ΑΠΟΦΟΙΤΗΣΕ	1	1.0	True	low
both-known	ΣΥΝΕΧΙΖΟΜΕΝΕΣ	1	ΣΥΝΕΧΙΖΟΜΕΝΟΣ	1	1.0	True	low
neither-known	ΜΠΟΓΡΗ	1	ΜΠΟΤΡΗ	1	1.0	False	low
neither-known	ΜΠΟΡΡΗ	1	ΜΠΟΤΡΗ	1	1.0	False	low
neither-known	ΚΑΡΔΑΜΗ	1	ΚΑΡΔΑΝΗ	1	1.0	False	low
one-known	ΚΑΒΑΛΑ	1	ΚΑΡΑΛΑ	1	1.0	False	low
neither-known	ΚΑΠΕΡΙ	1	ΚΑΠΟΡΙ	1	1.0	False	low
both-known	ΣΙΔΕΡΕΝΙΕΣ	1	ΣΙΔΕΡΕΝΙΟΣ	1	1.0	True	low
one-known	ΠΙΘΑΝΟ	1	ΠΙΦΑΝΟ	1	1.0	False	low
both-known	ΣΧΕΔΙΑΖΕΙ	1	ΣΧΕΔΙΑΣΕΙ	1	1.0	True	low
both-known	ΣΧΕΔΙΑΖΕ	1	ΣΧΕΔΙΑΣΕ	1	1.0	True	low
both-known	ΑΝΑΓΓΕΙΛΕΙ	1	ΑΠΑΓΓΕΙΛΕΙ	1	1.0	True	low
both-known	ΑΙΣΙΟΔΟΞΕΣ	1	ΑΙΣΙΟΔΟΞΟΣ	1	1.0	True	low
both-known	ΕΥΡΥΤΕΡΕΣ	1	ΕΥΡΥΤΕΡΟΣ	1	1.0	True	low
neither-known	ΠΑΝΤΑΞΗΣ	1	ΠΑΝΤΑΣΗΣ	1	1.0	False	low
one-known	ΓΑΖΙΑ	1	ΤΑΖΙΑ	1	1.0	False	low
both-known	ΑΠΟΡΕΣ	1	ΑΠΟΡΟΣ	1	1.0	True	low
one-known	ΜΠΑΣΙΑΣ	1	ΜΠΑΣΤΑΣ	1	1.0	False	low
one-known	ΒΟΥΛΗΣ	1	ΡΟΥΛΗΣ	1	1.0	False	low
neither-known	ΜΟΥΣΓΑ	1	ΜΟΥΣΤΑ	1	1.0	False	low
both-known	ΤΣΙΜΕΝΤΕΝΙΕΣ	1	ΤΣΙΜΕΝΤΕΝΙΟΣ	1	1.0	True	low
neither-known	ΖΑΒΡΑ	1	ΖΑΘΡΑ	1	1.0	False	low
neither-known	ΖΑΒΡΑ	1	ΣΑΒΡΑ	1	1.0	False	low
one-known	ΒΕΓΓΟΥ	1	ΒΕΡΓΟΥ	1	1.0	False	low
both-known	ΦΡΟΝΤΙΖΕΙΣ	1	ΦΡΟΝΤΙΣΕΙΣ	1	1.0	True	low
neither-known	ΤΑΓΙΑ	1	ΤΑΤΙΑ	1	1.0	False	low
both-known	ΠΑΡΟΔΟ	1	ΠΑΡΟΛΟ	1	1.0	True	low
both-known	ΔΙΑΜΕΝΟΝΤΕΣ	1	ΔΙΑΜΕΝΟΝΤΟΣ	1	1.0	True	low
both-known	ΔΕΚΑΡΑ	1	ΔΕΚΑΤΑ	1	1.0	True	low
both-known	ΣΤΟΛΙΖΕ	1	ΣΤΟΛΙΣΕ	1	1.0	True	low
both-known	ΕΦΑΡΜΟΖΑΝ	1	ΕΦΑΡΜΟΣΑΝ	1	1.0	True	low
neither-known	ΧΙΛΙΟΜ	1	ΧΙΛΙΟΝ	1	1.0	False	low
both-known	ΖΩΝΤΑΝΕΣ	1	ΖΩΝΤΑΝΟΣ	1	1.0	True	low
one-known	ΝΙΠΤΗΡΕΣ	1	ΝΙΠΤΗΡΟΣ	1	1.0	False	low
neither-known	ΔΙΑΖΕΙ	1	ΔΡΑΖΕΙ	1	1.0	False	low
one-known	ΜΑΚΑΣ	1	ΜΑΧΑΣ	1	1.0	False	low
both-known	ΓΟΥΛΙ	1	ΠΟΥΛΙ	1	1.0	True	low
both-known	ΒΑΛΑΜΕ	1	ΒΑΛΑΝΕ	1	1.0	True	low
neither-known	ΤΟΝΕΣ	1	ΤΟΠΕΣ	1	1.0	False	low
one-known	ΚΑΠΝΑ	1	ΚΑΠΠΑ	1	1.0	False	low
neither-known	ΠΕΙΡΑΚΕΙΚΑ	1	ΠΕΤΡΑΚΕΙΚΑ	1	1.0	False	low
one-known	ΛΑΙΟΣ	1	ΛΑΚΟΣ	1	1.0	False	low
both-known	ΠΕΡΝΑΜΕ	1	ΠΕΡΝΑΝΕ	1	1.0	True	low
both-known	ΠΕΛΩΡΙΕΣ	1	ΠΕΛΩΡΙΟΣ	1	1.0	True	low
both-known	ΚΑΤΟΙΚΗΜΕΝΕΣ	1	ΚΑΤΟΙΚΗΜΕΝΟΣ	1	1.0	True	low
both-known	ΚΤΙΣΟΥΝ	1	ΧΤΙΣΟΥΝ	1	1.0	True	low
both-known	ΚΤΙΖΟΥΝ	1	ΚΤΙΣΟΥΝ	1	1.0	True	low
one-known	ΠΑΡΟΥ	1	ΠΑΡΟΧ	1	1.0	False	low
neither-known	ΑΓΡΕΣ	1	ΑΠΡΕΣ	1	1.0	False	low
neither-known	ΓΙΑΖΟΓΛΟΥ	1	ΓΙΑΣΟΓΛΟΥ	1	1.0	False	low
both-known	ΧΑΡΗΚΑΜΕ	1	ΧΑΡΗΚΑΝΕ	1	1.0	True	low
both-known	ΧΑΛΚΙΝΕΣ	1	ΧΑΛΚΙΝΟΣ	1	1.0	True	low
one-known	ΔΡΑΚΟ	1	ΔΡΑΧΟ	1	1.0	False	low
both-known	ΔΙΑΚΟ	1	ΔΡΑΚΟ	1	1.0	True	low
both-known	ΔΙΣΤΑΖΕ	1	ΔΙΣΤΑΣΕ	1	1.0	True	low
both-known	ΠΡΩΤΟΓΕΝΟΥΣ	1	ΠΡΩΤΟΓΟΝΟΥΣ	1	1.0	True	low
both-known	ΑΓΝΩΣΤΕΣ	1	ΑΓΝΩΣΤΟΣ	1	1.0	True	low
neither-known	ΠΕΛΛΕΝΗΣ	1	ΠΕΛΛΟΝΗΣ	1	1.0	False	low
both-known	ΕΓΚΑΤΑΛΕΙΜΜΕΝΕΣ	1	ΕΓΚΑΤΑΛΕΙΜΜΕΝΟΣ	1	1.0	True	low
both-known	ΓΙΟΡΤΑΖΑΝ	1	ΓΙΟΡΤΑΣΑΝ	1	1.0	True	low
one-known	ΛΕΞΕΩΣ	1	ΛΕΣΕΩΣ	1	1.0	False	low
both-known	ΕΠΗΡΕΑΖΕΙ	1	ΕΠΗΡΕΑΣΕΙ	1	1.0	True	low
neither-known	ΑΕΙΟΥ	1	ΔΕΙΟΥ	1	1.0	False	low
both-known	ΛΕΓΟΥΜΕ	1	ΛΕΓΟΥΝΕ	1	1.0	True	low
both-known	ΕΝΝΟΟΥΣΕ	1	ΕΥΝΟΟΥΣΕ	1	1.0	True	low
both-known	ΔΙΑΦΩΤΙΖΕΙ	1	ΔΙΑΦΩΤΙΣΕΙ	1	1.0	True	low
both-known	ΤΟΝΩΤΙΚΕΣ	1	ΤΟΝΩΤΙΚΟΣ	1	1.0	True	low
both-known	ΑΓΟΡΑΖΑΝ	1	ΑΓΟΡΑΣΑΝ	1	1.0	True	low
both-known	ΦΛΟΓΕΡΕΣ	1	ΦΛΟΓΕΡΟΣ	1	1.0	True	low
one-known	ΦΕΥΓΑ	1	ΦΟΥΓΑ	1	1.0	False	low
one-known	ΣΑΠΙΟ	1	ΣΑΠΤΟ	1	1.0	False	low
both-known	ΙΔΙΩΤΩΝ	1	ΙΔΡΩΤΩΝ	1	1.0	True	low
neither-known	ΚΑΛΑΒΑΣ	1	ΚΑΛΑΡΑΣ	1	1.0	False	low
one-known	ΛΕΣΒΟ	1	ΛΕΣΡΟ	1	1.0	False	low
neither-known	ΕΔΟΥΣΑ	1	ΟΔΟΥΣΑ	1	1.0	False	low
neither-known	ΓΙΑΝΝΑΚΑΔΗΣ	1	ΓΙΑΝΝΑΚΑΛΗΣ	1	1.0	False	low
both-known	ΥΠΑΙΘΡΙΕΣ	1	ΥΠΑΙΘΡΙΟΣ	1	1.0	True	low
both-known	ΕΥΓΕΝΙΚΕΣ	1	ΕΥΓΕΝΙΚΟΣ	1	1.0	True	low
neither-known	ΓΕΛΕΚΑΣ	1	ΓΟΛΕΚΑΣ	1	1.0	False	low
one-known	ΘΕΤΗΣ	1	ΦΕΤΗΣ	1	1.0	False	low
both-known	ΑΓΟΡΑΖΕΤΕ	1	ΑΓΟΡΑΣΕΤΕ	1	1.0	True	low
both-known	ΔΙΑΚΟ	1	ΛΙΑΚΟ	1	1.0	True	low
neither-known	ΑΓΟΓΑΝΗ	1	ΑΓΟΡΑΝΗ	1	1.0	False	low
both-known	ΕΚΤΙΖΑΝ	1	ΕΧΤΙΖΑΝ	1	1.0	True	low
both-known	ΚΡΑΤΑΜΕ	1	ΚΡΑΤΑΝΕ	1	1.0	True	low
one-known	ΓΑΡΔΕΝΙΑ	1	ΠΑΡΔΕΝΙΑ	1	1.0	False	low
neither-known	ΜΠΕΓΡΗΣ	1	ΜΠΟΓΡΗΣ	1	1.0	False	low
both-known	ΑΓΟΡΩΝ	1	ΑΠΟΡΩΝ	1	1.0	True	low
neither-known	ΠΑΙΝΕ	1	ΤΑΙΝΕ	1	1.0	False	low
one-known	ΡΗΜΑΤΑ	1	ΤΗΜΑΤΑ	1	1.0	False	low
neither-known	ΛΗΣΜΟΝΗΤΕ	1	ΛΗΣΜΟΝΗΤΟ	1	1.0	False	low
neither-known	ΠΡΟΣΠΑΘΕ	1	ΠΡΟΣΠΑΘΟ	1	1.0	False	low
neither-known	ΚΤΙΣΑΝ	1	ΧΤΙΣΑΝ	1	1.0	False	low
neither-known	ΦΗΜΕΡΙΟ	1	ΦΗΜΕΡΙΣ	1	1.0	False	low
both-known	ΧΑΜΕΝΕΣ	1	ΧΑΜΕΝΟΣ	1	1.0	True	low
neither-known	ΜΑΥΡΑΚΗΣ	1	ΝΑΥΡΑΚΗΣ	1	1.0	False	low
one-known	ΜΗΝΑΙΑ	1	ΜΗΝΑΚΑ	1	1.0	False	low
both-known	ΟΥΡΑΝΙΕΣ	1	ΟΥΡΑΝΙΟΣ	1	1.0	True	low
both-known	ΑΙΓΕΣ	1	ΑΙΡΕΣ	1	1.0	True	low
neither-known	ΔΑΚΟΥΡΓΟΣ	1	ΛΑΚΟΥΡΓΟΣ	1	1.0	False	low
both-known	ΕΧΤΙΖΑΝ	1	ΕΧΤΙΣΑΝ	1	1.0	True	low
both-known	ΞΑΝΑΠΗΓΑΝ	1	ΞΑΝΑΠΗΡΑΝ	1	1.0	True	low
both-known	ΒΟΛΕΥ	1	ΒΟΛΟΥ	1	1.0	True	low
neither-known	ΒΓΝΙΟΣ	1	ΒΓΝΤΟΣ	1	1.0	False	low
both-known	ΚΕΡΑΚΙΑ	1	ΧΕΡΑΚΙΑ	1	1.0	True	low
neither-known	ΚΟΡΕΛΑ	1	ΚΟΡΟΛΑ	1	1.0	False	low
neither-known	ΟΥΛΟΚΙΑ	1	ΣΥΛΟΚΙΑ	1	1.0	False	low
neither-known	ΚΟΥΡΤΗ	1	ΚΟΥΤΤΗ	1	1.0	False	low
neither-known	ΚΟΥΤΡΗ	1	ΚΟΥΤΤΗ	1	1.0	False	low
neither-known	ΘΩΜΗΣ	1	ΘΩΝΗΣ	1	1.0	False	low
one-known	ΜΕΤΑΚΟΜΙΖΕΙΣ	1	ΜΕΤΑΚΟΜΙΞΕΙΣ	1	1.0	False	low
both-known	ΓΝΩΡΙΖΑΜΕ	1	ΓΝΩΡΙΣΑΜΕ	1	1.0	True	low
both-known	ΠΑΛΙΕΣ	1	ΠΑΛΙΟΣ	1	1.0	True	low
both-known	ΜΑΤΑΙΕΣ	1	ΜΑΤΑΙΟΣ	1	1.0	True	low
one-known	ΣΤΑΘΗ	1	ΣΤΑΦΗ	1	1.0	False	low
neither-known	ΔΙΑΔΑ	1	ΔΙΑΛΑ	1	1.0	False	low
one-known	ΣΠΑΣΕ	1	ΣΤΑΣΕ	1	1.0	False	low
both-known	ΓΥΡΙΖΑ	1	ΓΥΡΙΣΑ	1	1.0	True	low
neither-known	ΠΙΣΚΕΦΘΕ	1	ΠΙΣΚΕΦΘΟ	1	1.0	False	low
neither-known	ΠΑΞΙΑ	1	ΤΑΞΙΑ	1	1.0	False	low
neither-known	ΝΤΕΒΕΣ	1	ΝΤΕΡΕΣ	1	1.0	False	low
one-known	ΦΟΒΗΘΗΚΑΜΕ	1	ΦΟΡΗΘΗΚΑΜΕ	1	1.0	False	low
neither-known	ΛΕΓΚΟΥ	1	ΛΕΓΧΟΥ	1	1.0	False	low
neither-known	ΕΙΠΑΣΕ	1	ΕΡΠΑΣΕ	1	1.0	False	low
both-known	ΚΤΥΠΗΣΑΝ	1	ΧΤΥΠΗΣΑΝ	1	1.0	True	low
both-known	ΓΥΡΕΥΕΙΣ	1	ΓΥΡΕΨΕΙΣ	1	1.0	True	low
both-known	ΔΙΑΣΚΕΥΗ	1	ΔΙΑΣΚΕΨΗ	1	1.0	True	low
both-known	ΜΑΖΕΥΕΙ	1	ΜΑΖΕΨΕΙ	1	1.0	True	low
both-known	ΑΓΩΝΙΕΣ	1	ΑΙΩΝΙΕΣ	1	1.0	True	low
both-known	ΔΙΑΒΑΖΕΤΕ	1	ΔΙΑΒΑΣΕΤΕ	1	1.0	True	low
neither-known	ΑΛΟΨΥΧΑ	1	ΔΛΟΨΥΧΑ	1	1.0	False	low
both-known	ΔΙΣΤΑΖΑ	1	ΔΙΣΤΑΣΑ	1	1.0	True	low
neither-known	ΒΓΝΙΟΣ	1	ΒΙΝΙΟΣ	1	1.0	False	low
both-known	ΤΑΜΕΙΑΚΕΣ	1	ΤΑΜΕΙΑΚΟΣ	1	1.0	True	low
both-known	ΠΕΔΙΟΥ	1	ΠΟΔΙΟΥ	1	1.0	True	low
neither-known	ΣΚΙΟΔΑ	1	ΣΚΙΣΔΑ	1	1.0	False	low
both-known	ΕΚΠΑΙΔΕΥΤΙΚΕΣ	1	ΕΚΠΑΙΔΕΥΤΙΚΟΣ	1	1.0	True	low
one-known	ΟΠΕΡΑ	1	ΟΠΟΡΑ	1	1.0	False	low
neither-known	ΒΙΓΙΑ	1	ΒΙΠΙΑ	1	1.0	False	low
both-known	ΓΕΜΙΣΤΕΣ	1	ΓΕΜΙΣΤΟΣ	1	1.0	True	low
neither-known	ΜΑΤΟΣ	1	ΝΑΤΟΣ	1	1.0	False	low
one-known	ΣΠΑΓΚΟΥ	1	ΣΠΑΡΚΟΥ	1	1.0	False	low
both-known	ΠΛΗΓΩΝ	1	ΠΛΗΡΩΝ	1	1.0	True	low
neither-known	ΓΕΤΟΣ	1	ΤΕΤΟΣ	1	1.0	False	low
both-known	ΠΑΓΑΝΑΣ	1	ΠΑΙΑΝΑΣ	1	1.0	True	low
both-known	ΑΥΓΕΡΗ	1	ΛΥΓΕΡΗ	1	1.0	True	low
neither-known	ΣΙΑΦΡΑ	1	ΣΤΑΦΡΑ	1	1.0	False	low
both-known	ΡΗΧΕΣ	1	ΡΗΧΟΣ	1	1.0	True	low
both-known	ΑΣΤΙΚΕΣ	1	ΑΣΤΙΚΟΣ	1	1.0	True	low
both-known	ΜΠΟΡΕΣ	1	ΜΠΟΤΕΣ	1	1.0	True	low
both-known	ΔΙΑΝΟΟΥΜΕΝΕΣ	1	ΔΙΑΝΟΟΥΜΕΝΟΣ	1	1.0	True	low
both-known	ΔΙΑΒΙΩΣΗ	1	ΔΙΑΒΡΩΣΗ	1	1.0	True	low
both-known	ΠΡΟΞΕΝΙΚΕΣ	1	ΠΡΟΞΕΝΙΚΟΣ	1	1.0	True	low
neither-known	ΓΚΛΑΚΕΣ	1	ΓΚΛΑΚΟΣ	1	1.0	False	low
neither-known	ΤΑΖΙΑ	1	ΤΑΞΙΑ	1	1.0	False	low
neither-known	ΔΑΟΝΙΑ	1	ΔΑΦΝΙΑ	1	1.0	False	low
both-known	ΣΦΑΖΟΥΝ	1	ΣΦΑΞΟΥΝ	1	1.0	True	low
one-known	ΥΠΟΒΑΘΜΙΣΗ	1	ΥΠΟΘΑΘΜΙΣΗ	1	1.0	False	low
one-known	ΚΑΦΕΤΖΗ	1	ΚΑΦΕΤΣΗ	1	1.0	False	low
both-known	ΔΙΑΦΟΡΕΤΙΚΕΣ	1	ΔΙΑΦΟΡΕΤΙΚΟΣ	1	1.0	True	low
neither-known	ΣΗΡΑΜΕ	1	ΣΗΤΑΜΕ	1	1.0	False	low
one-known	ΣΠΑΘΙΑ	1	ΣΠΑΘΡΑ	1	1.0	False	low
neither-known	ΔΕΔΟΥΡΗ	1	ΔΟΔΟΥΡΗ	1	1.0	False	low
neither-known	ΤΣΑΡΝΤΑΣ	1	ΤΣΑΡΥΤΑΣ	1	1.0	False	low
one-known	ΖΑΧΑΡΟΠΟΥΛΟΣ	1	ΣΑΧΑΡΟΠΟΥΛΟΣ	1	1.0	False	low
both-known	ΚΙΝΟΥΜΕΝΕΣ	1	ΚΙΝΟΥΜΕΝΟΣ	1	1.0	True	low
neither-known	ΞΙΟΥΣ	1	ΣΙΟΥΣ	1	1.0	False	low
both-known	ΓΕΜΙΖΕ	1	ΓΕΜΙΣΕ	1	1.0	True	low
both-known	ΠΑΡΑΓΩΓΕΣ	1	ΠΑΡΑΓΩΓΟΣ	1	1.0	True	low
both-known	ΔΙΑΚΟΣ	1	ΔΡΑΚΟΣ	1	1.0	True	low
both-known	ΓΡΑΦΙΚΕΣ	1	ΓΡΑΦΙΚΟΣ	1	1.0	True	low
both-known	ΑΓΩΓΟΥ	1	ΑΡΩΓΟΥ	1	1.0	True	low
both-known	ΣΥΝΕΧΙΖΕΙΣ	1	ΣΥΝΕΧΙΣΕΙΣ	1	1.0	True	low
both-known	ΛΕΙΩΝΕΙ	1	ΛΕΡΩΝΕΙ	1	1.0	True	low
neither-known	ΖΟΥΖΟΥΛΑΣ	1	ΣΟΥΖΟΥΛΑΣ	1	1.0	False	low
both-known	ΠΕΡΙΤΕΧΝΕΣ	1	ΠΕΡΙΤΕΧΝΟΣ	1	1.0	True	low
both-known	ΠΕΙΝΟΥΣΑΝ	1	ΠΕΡΝΟΥΣΑΝ	1	1.0	True	low
both-known	ΜΑΖΕΥΕΙΣ	1	ΜΑΖΕΨΕΙΣ	1	1.0	True	low
both-known	ΕΞΩΤΕΡΙΚΗΣ	1	ΕΣΩΤΕΡΙΚΗΣ	1	1.0	True	low
both-known	ΤΟΠΟΘΕΤΗΜΕΝΕΣ	1	ΤΟΠΟΘΕΤΗΜΕΝΟΣ	1	1.0	True	low
both-known	ΑΣΠΡΑ	1	ΑΣΤΡΑ	1	1.0	True	low
both-known	ΠΑΡΑΤΑΞΗ	1	ΠΑΡΑΤΑΣΗ	1	1.0	True	low
one-known	ΑΝΕΒΩ	1	ΑΝΕΘΩ	1	1.0	False	low
one-known	ΕΒΓΑΖΕ	1	ΕΡΓΑΖΕ	1	1.0	False	low
one-known	ΣΒΗΣΕΙΣ	1	ΣΘΗΣΕΙΣ	1	1.0	False	low
both-known	ΕΝΤΥΠΩΣΙΑΖΟΥΝ	1	ΕΝΤΥΠΩΣΙΑΣΟΥΝ	1	1.0	True	low
neither-known	ΚΟΝΔΙΤΣΑΣ	1	ΚΟΥΔΙΤΣΑΣ	1	1.0	False	low
both-known	ΡΙΓΕΣ	1	ΡΙΠΕΣ	1	1.0	True	low
both-known	ΑΝΗΦΟΡΙΖΕΙ	1	ΑΝΗΦΟΡΙΣΕΙ	1	1.0	True	low
both-known	ΑΝΕΡΧΟΜΕΝΗΣ	1	ΑΠΕΡΧΟΜΕΝΗΣ	1	1.0	True	low
neither-known	ΚΩΝΣΤΑΝΤΙΝΑΔΗ	1	ΚΩΝΣΤΑΝΤΙΝΑΛΗ	1	1.0	False	low
both-known	ΑΝΙΨΙΕΣ	1	ΑΝΙΨΙΟΣ	1	1.0	True	low
neither-known	ΠΑΝΤΕΖΕΛΟΣ	1	ΠΑΝΤΟΖΕΛΟΣ	1	1.0	False	low
both-known	ΕΠΙΣΚΕΥΑΖΑΝ	1	ΕΠΙΣΚΕΥΑΣΑΝ	1	1.0	True	low
both-known	ΓΕΝΙΩΝ	1	ΓΟΝΙΩΝ	1	1.0	True	low
neither-known	ΚΑΦΕΖΑΧΑΡΟΠΛΑΣΤΕΙΟ	1	ΚΑΦΕΣΑΧΑΡΟΠΛΑΣΤΕΙΟ	1	1.0	False	low
both-known	ΑΡΧΙΣΑΜΕ	1	ΑΡΧΙΣΑΝΕ	1	1.0	True	low
both-known	ΣΥΝΕΔΡΙΑΖΕΙ	1	ΣΥΝΕΔΡΙΑΣΕΙ	1	1.0	True	low
one-known	ΤΕΡΕΝ	1	ΤΕΡΟΝ	1	1.0	False	low
both-known	ΚΑΜΕΝΗΣ	1	ΧΑΜΕΝΗΣ	1	1.0	True	low
both-known	ΛΟΓΓΟΣ	1	ΛΟΓΙΟΣ	1	1.0	True	low
one-known	ΚΑΡΤΕΡΙ	1	ΚΑΤΤΕΡΙ	1	1.0	False	low
both-known	ΡΑΓΙΖΕΙ	1	ΡΑΓΙΣΕΙ	1	1.0	True	low
both-known	ΖΑΧΑΡΑ	1	ΣΑΧΑΡΑ	1	1.0	True	low
both-known	ΡΥΘΜΙΖΟΥΝ	1	ΡΥΘΜΙΣΟΥΝ	1	1.0	True	low
both-known	ΠΙΕΣΑ	1	ΠΙΣΣΑ	1	1.0	True	low
both-known	ΒΟΛΟΙ	1	ΡΟΛΟΙ	1	1.0	True	low
both-known	ΜΑΖΕΥΑΜΕ	1	ΜΑΖΕΨΑΜΕ	1	1.0	True	low
both-known	ΕΚΤΙΖΕ	1	ΕΧΤΙΖΕ	1	1.0	True	low
both-known	ΣΤΕΝΕΥΕΙ	1	ΣΤΕΝΕΨΕΙ	1	1.0	True	low
both-known	ΑΔΥΝΑΤΙΖΕΙ	1	ΑΔΥΝΑΤΙΣΕΙ	1	1.0	True	low
one-known	ΜΝΗΣΤΗΡΕΣ	1	ΜΝΗΣΤΗΡΟΣ	1	1.0	False	low
both-known	ΚΑΙΝΟΥΡΓΙΕΣ	1	ΚΑΙΝΟΥΡΓΙΟΣ	1	1.0	True	low
both-known	ΤΟΝΙΖΩ	1	ΤΟΝΙΣΩ	1	1.0	True	low
neither-known	ΔΙΑΚΟΝΑ	1	ΔΙΑΚΟΠΑ	1	1.0	False	low
neither-known	ΜΑΝΩΡΙΩΤΗΣ	1	ΜΑΝΩΤΙΩΤΗΣ	1	1.0	False	low
one-known	ΝΟΝΕΣ	1	ΠΟΝΕΣ	1	1.0	False	low
one-known	ΓΙΑΚΑ	1	ΓΚΑΚΑ	1	1.0	False	low
both-known	ΔΑΜΑΖΩ	1	ΔΑΜΑΣΩ	1	1.0	True	low
both-known	ΘΡΑΚΑ	1	ΦΡΑΚΑ	1	1.0	True	low
both-known	ΚΑΝΕΣ	1	ΧΑΝΕΣ	1	1.0	True	low
neither-known	ΕΣΠΟΥΔΑΖΕ	1	ΕΣΠΟΥΔΑΣΕ	1	1.0	False	low
neither-known	ΛΟΓΤΑΝΙΚΟΣ	1	ΛΟΙΤΑΝΙΚΟΣ	1	1.0	False	low
neither-known	ΒΕΡΤΑΔΕΙΚΑ	1	ΒΟΡΤΑΔΕΙΚΑ	1	1.0	False	low
neither-known	ΔΕΡΙΑ	1	ΔΟΡΙΑ	1	1.0	False	low
both-known	ΟΥΛΟΥ	1	ΦΥΛΟΥ	1	1.0	True	low
neither-known	ΠΟΝΕΣ	1	ΤΟΝΕΣ	1	1.0	False	low
neither-known	ΕΥΧΑΡΗΤΗΡΙΑ	1	ΣΥΧΑΡΗΤΗΡΙΑ	1	1.0	False	low
one-known	ΚΡΕΜΜΥΔΑΣ	1	ΚΡΟΜΜΥΔΑΣ	1	1.0	False	low
neither-known	ΞΑΣΦΑΛΙΖΕΙ	1	ΞΑΣΦΑΛΙΣΕΙ	1	1.0	False	low
neither-known	ΚΑΜΙΤΣΗ	1	ΚΑΝΙΤΣΗ	1	1.0	False	low
neither-known	ΠΡΟΩΘΕ	1	ΠΡΟΩΘΟ	1	1.0	False	low
one-known	ΠΕΡΟΥ	1	ΤΕΡΟΥ	1	1.0	False	low
both-known	ΜΟΙΡΑΖΟΥΝ	1	ΜΟΙΡΑΣΟΥΝ	1	1.0	True	low
neither-known	ΚΑΤΟΧΡΕΣ	1	ΚΑΤΟΧΡΟΣ	1	1.0	False	low
both-known	ΟΙΚΟΓΕΝΕΙΑΚΕΣ	1	ΟΙΚΟΓΕΝΕΙΑΚΟΣ	1	1.0	True	low
neither-known	ΚΑΛΛΙΜΕΠΟΥΛΟΥ	1	ΚΑΛΛΙΜΟΠΟΥΛΟΥ	1	1.0	False	low
both-known	ΟΡΘΙΕΣ	1	ΟΡΘΙΟΣ	1	1.0	True	low
neither-known	ΕΘΑΥΜΑΖΑ	1	ΕΘΑΥΜΑΣΑ	1	1.0	False	low
both-known	ΕΔΑΦΙΑ	1	ΕΛΑΦΙΑ	1	1.0	True	low
one-known	ΜΕΡΙΕΣ	1	ΜΕΡΙΟΣ	1	1.0	False	low
neither-known	ΜΠΟΓΡΗ	1	ΜΠΟΡΡΗ	1	1.0	False	low
both-known	ΕΙΡΗΝΙΚΕΣ	1	ΕΙΡΗΝΙΚΟΣ	1	1.0	True	low
both-known	ΑΡΡΩΣΤΕΣ	1	ΑΡΡΩΣΤΟΣ	1	1.0	True	low
neither-known	ΠΑΝΛΑΚΟΣ	1	ΠΑΥΛΑΚΟΣ	1	1.0	False	low
both-known	ΣΥΝΗΘΙΖΟΥΜΕ	1	ΣΥΝΗΘΙΣΟΥΜΕ	1	1.0	True	low
both-known	ΔΟΥΛΕΥΟΥΜΕ	1	ΔΟΥΛΕΨΟΥΜΕ	1	1.0	True	low
both-known	ΣΧΗΜΑΤΙΖΟΥΝ	1	ΣΧΗΜΑΤΙΣΟΥΝ	1	1.0	True	low
both-known	ΚΡΑΤΑΓΕ	1	ΚΡΑΤΑΤΕ	1	1.0	True	low
neither-known	ΠΡΟΟΜΕΝΗ	1	ΠΡΟΣΜΕΝΗ	1	1.0	False	low
neither-known	ΞΥΠΗΡΕΤΕ	1	ΞΥΠΗΡΕΤΟ	1	1.0	False	low
neither-known	ΠΟΤΕΛΕ	1	ΠΟΤΕΛΟ	1	1.0	False	low
neither-known	ΕΖΗΤΗΣΕΝ	1	ΕΞΗΤΗΣΕΝ	1	1.0	False	low
both-known	ΑΝΕΔΕΙΧΘΗ	1	ΑΠΕΔΕΙΧΘΗ	1	1.0	True	low
neither-known	ΔΟΠΟΙΙΑ	1	ΔΟΠΟΡΙΑ	1	1.0	False	low
both-known	ΔΟΚΙΜΑΖΕΙ	1	ΔΟΚΙΜΑΣΕΙ	1	1.0	True	low
neither-known	ΜΗΡΜΠΙΛΗΣ	1	ΜΠΡΜΠΙΛΗΣ	1	1.0	False	low
neither-known	ΜΠΑΝΕΖ	1	ΜΠΑΝΕΣ	1	1.0	False	low
one-known	ΜΕΣΗΜΒΡΙΑΝ	1	ΜΕΣΗΜΕΡΙΑΝ	1	1.0	False	low
neither-known	ΣΤΕΦΑΝΙΔΟΥ	1	ΣΤΟΦΑΝΙΔΟΥ	1	1.0	False	low
both-known	ΑΓΕΛΕΣ	1	ΑΤΕΛΕΣ	1	1.0	True	low
one-known	ΘΕΛΗΣΗΣ	1	ΦΕΛΗΣΗΣ	1	1.0	False	low
both-known	ΞΕΚΟΥΡΑΖΕΙ	1	ΞΕΚΟΥΡΑΣΕΙ	1	1.0	True	low
both-known	ΛΑΓΟΣ	1	ΛΑΙΟΣ	1	1.0	True	low
neither-known	ΧΡΕΝΟΠΟΥΛΟ	1	ΧΡΟΝΟΠΟΥΛΟ	1	1.0	False	low
neither-known	ΣΑΒΙΑ	1	ΣΑΒΡΑ	1	1.0	False	low
both-known	ΣΥΓΚΟΙΝΩΝΙΑΚΕΣ	1	ΣΥΓΚΟΙΝΩΝΙΑΚΟΣ	1	1.0	True	low
one-known	ΥΠΟΒΑΘΜΙΣΜΕΝΗΣ	1	ΥΠΟΘΑΘΜΙΣΜΕΝΗΣ	1	1.0	False	low
one-known	ΒΛΕΠΕ	1	ΕΛΕΠΕ	1	1.0	False	low
neither-known	ΤΟΥΡΖ	1	ΤΟΥΡΞ	1	1.0	False	low
both-known	ΠΛΗΓΩΝΟΥΝ	1	ΠΛΗΡΩΝΟΥΝ	1	1.0	True	low
both-known	ΑΜΕΙΩΤΕΣ	1	ΑΜΕΙΩΤΟΣ	1	1.0	True	low
one-known	ΘΑΛΑΣΣΙΝΟΥ	1	ΦΑΛΑΣΣΙΝΟΥ	1	1.0	False	low
neither-known	ΔΕΙΟΥ	1	ΔΕΡΟΥ	1	1.0	False	low
both-known	ΜΗΔΑΜΙΝΕΣ	1	ΜΗΔΑΜΙΝΟΣ	1	1.0	True	low
neither-known	ΠΑΓΟΥΣΑΝ	1	ΠΑΡΟΥΣΑΝ	1	1.0	False	low
both-known	ΤΟΜΟΣ	1	ΤΟΝΟΣ	1	1.0	True	low
both-known	ΜΟΥΝΤΕΣ	1	ΜΟΥΝΤΟΣ	1	1.0	True	low
neither-known	ΝΕΡΓΕ	1	ΝΕΡΓΟ	1	1.0	False	low
neither-known	ΚΟΠΑΡΙΣΙΟΥ	1	ΚΟΠΑΡΙΣΤΟΥ	1	1.0	False	low
neither-known	ΓΑΣΟΝ	1	ΠΑΣΟΝ	1	1.0	False	low
both-known	ΚΟΥΡΕΥΟΥΝ	1	ΚΟΥΡΕΨΟΥΝ	1	1.0	True	low
both-known	ΚΑΙΜΑΚΙΑ	1	ΚΛΙΜΑΚΙΑ	1	1.0	True	low
both-known	ΔΟΥΛΕΣ	1	ΔΟΥΛΟΣ	1	1.0	True	low
neither-known	ΠΑΙΔΙΚ	1	ΠΑΡΔΙΚ	1	1.0	False	low
neither-known	ΓΕΡΟΝ	1	ΤΕΡΟΝ	1	1.0	False	low
neither-known	ΑΙΟΥΣ	1	ΔΙΟΥΣ	1	1.0	False	low
one-known	ΜΠΑΛΙ	1	ΜΠΑΛΚ	1	1.0	False	low
one-known	ΙΣΟΓΕΙΟΥ	1	ΤΣΟΓΕΙΟΥ	1	1.0	False	low
neither-known	ΚΑΡΕΙ	1	ΚΑΡΣΙ	1	1.0	False	low
both-known	ΚΟΙΤΑΖΟΥΝ	1	ΚΟΙΤΑΞΟΥΝ	1	1.0	True	low
both-known	ΘΥΜΙΖΩ	1	ΘΥΜΙΣΩ	1	1.0	True	low
both-known	ΑΝΗΓΓΕΙΛΑΝ	1	ΑΠΗΓΓΕΙΛΑΝ	1	1.0	True	low
one-known	ΕΡΑΝΟ	1	ΕΤΑΝΟ	1	1.0	False	low
both-known	ΝΟΤΕΣ	1	ΠΟΤΕΣ	1	1.0	True	low
one-known	ΡΕΝΑΣ	1	ΡΟΝΑΣ	1	1.0	False	low
one-known	ΤΕΙΟΝ	1	ΤΕΡΟΝ	1	1.0	False	low
one-known	ΕΠΕΝΕΒΗ	1	ΕΠΕΝΕΘΗ	1	1.0	False	low
one-known	ΜΑΙΟΣ	1	ΜΑΤΟΣ	1	1.0	False	low
both-known	ΣΚΟΥΡΙΑ	1	ΣΚΟΥΤΙΑ	1	1.0	True	low
neither-known	ΞΕΧΩΡΙΣΤ	1	ΣΕΧΩΡΙΣΤ	1	1.0	False	low
neither-known	ΤΡΟΥΓΙΑΚΟΣ	1	ΤΡΟΥΓΚΑΚΟΣ	1	1.0	False	low
neither-known	ΚΟΒΙΑΣ	1	ΚΟΘΙΑΣ	1	1.0	False	low
neither-known	ΣΠΑΡΑΓΤΗΣ	1	ΣΤΑΡΑΓΤΗΣ	1	1.0	False	low
neither-known	ΑΗΔΑΛΗ	1	ΑΙΔΑΛΗ	1	1.0	False	low
neither-known	ΠΕΡΙΔΙΚΗ	1	ΠΕΡΙΛΙΚΗ	1	1.0	False	low
neither-known	ΕΥΧΟΙ	1	ΣΥΧΟΙ	1	1.0	False	low
both-known	ΕΡΡΙΨΕ	1	ΕΤΡΙΨΕ	1	1.0	True	low
both-known	ΑΠΟΒΙΩΣΑΝΤΕΣ	1	ΑΠΟΒΙΩΣΑΝΤΟΣ	1	1.0	True	low
both-known	ΔΙΕΥΚΡΙΝΙΖΕΙ	1	ΔΙΕΥΚΡΙΝΙΣΕΙ	1	1.0	True	low
one-known	ΓΟΗΤΕΥΣΑΝ	1	ΡΟΗΤΕΥΣΑΝ	1	1.0	False	low
one-known	ΠΕΡΔΙΚΙΑ	1	ΠΕΡΔΙΚΚΑ	1	1.0	False	low
one-known	ΣΠΑΘΑΤΟΥ	1	ΣΤΑΘΑΤΟΥ	1	1.0	False	low
one-known	ΚΑΒΑΛΑ	1	ΚΑΘΑΛΑ	1	1.0	False	low
neither-known	ΝΔΕΧΟΜΕΝΕΣ	1	ΝΔΕΧΟΜΕΝΟΣ	1	1.0	False	low
neither-known	ΒΥΡΟΣ	1	ΒΥΤΟΣ	1	1.0	False	low
neither-known	ΔΓΗΚΕ	1	ΔΡΗΚΕ	1	1.0	False	low
neither-known	ΚΑΒΕΛΛΑΡΗ	1	ΚΑΘΕΛΛΑΡΗ	1	1.0	False	low
neither-known	ΜΑΡΟΥΛΑ	1	ΜΑΤΟΥΛΑ	1	1.0	False	low
neither-known	ΚΟΣΠΟ	1	ΚΟΣΤΟ	1	1.0	False	low
