stem	token	count	confirm_as_name
ΑΓΑΘΩ	ΑΓΑΘΩ	4	
ΑΓΕΡΑ	ΑΓΕΡΑΝΗ	8	
ΑΓΙΑΝ	ΑΓΙΑΝΝΗ	10	
ΑΓΙΟΘ	ΑΓΙΟΘΑΝΑΣΗ	3	
ΑΓΟΡΙ	ΑΓΟΡΙΑΝΗ	109	
ΑΓΟΡΙ	ΑΓΟΡΙΑΝΗΣ	39	
ΑΓΡΙΑ	ΑΓΡΙΑΝΙΚΟΥ	3	
ΑΔΑΚΗ	ΑΔΑΚΗΣ	3	
ΑΔΑΜΑ	ΑΔΑΜΑΚΟΥ	3	
ΑΔΑΜΗ	ΑΔΑΜΗ	22	
ΑΖΩΤΗ	ΑΖΩΤΗΣ	3	
ΑΘΑΝ	ΑΘΑΝ	111	
ΑΘΑΝΑ	ΑΘΑΝΑΣΙΟΝ	8	
ΑΘΑΝΑ	ΑΘΑΝΑΣΟΥΛΑΣ	5	
ΑΘΑΝΑ	ΑΘΑΝΑΣΟΥΛΑ	5	
ΑΘΑΡΗ	ΑΘΑΡΗΣ	3	
ΑΙΣΙΜ	ΑΙΣΙΜΑ	3	
ΑΚΡΟΤ	ΑΚΡΟΤΟΙΧΑ	3	
ΑΛΑΤΣ	ΑΛΑΤΣΑ	3	
ΑΛΕΞ	ΑΛΕΞ	8	
ΑΛΕΥΤ	ΑΛΕΥΤΗΣ	4	
ΑΛΚΥΡ	ΑΛΚΥΡΟΥΣ	3	
ΑΛΟΥΠ	ΑΛΟΥΠΗ	30	
ΑΛΟΥΠ	ΑΛΟΥΠΗΣ	28	
ΑΛΟΥΣ	ΑΛΟΥΣΗΣ	7	
ΑΛΟΥΣ	ΑΛΟΥΣΗ	4	
ΑΛΟΥΤ	ΑΛΟΥΤΗ	5	
ΑΜΕΡΙ	ΑΜΕΡΙΚΗΝ	14	
ΑΜΟΙΒ	ΑΜΟΙΒΑΙΑΝ	11	
ΑΝΑΒΛ	ΑΝΑΒΛΑΣΤΑΝΕΙ	3	
ΑΝΑΓ	ΑΝΑΓ	3	
ΑΝΑΠΤ	ΑΝΑΠΤΥΞΙΝ	3	
ΑΝΑΣΤ	ΑΝΑΣΤ	23	
ΑΝΔΡ	ΑΝΔΡ	13	
ΑΝΔΡΙ	ΑΝΔΡΙΑΝΟΣ	13	
ΑΝΔΡΙ	ΑΝΔΡΙΑΝΑΚΗΣ	6	
ΑΝΔΡΙ	ΑΝΔΡΙΑΝΟ	4	
ΑΝΕΓΕ	ΑΝΕΓΕΡΣΙΝ	5	
ΑΝΕΓΕ	ΑΝΕΓΕΡΣΙ	3	
ΑΝΕΜΟ	ΑΝΕΜΟΔΟΥΡΙΩΤΗΣ	4	
ΑΝΘΡΟ	ΑΝΘΡΟΥΣΣΑ	3	
ΑΝΘΡΩ	ΑΝΘΡΩΠΟΝ	6	
ΑΝΝΗΣ	ΑΝΝΗΣ	3	
ΑΝΤΙΚ	ΑΝΤΙΚΗΣ	3	
ΑΝΤΟΝ	ΑΝΤΟΝΑΡΑΚΟΥ	5	
ΑΝΤΟΝ	ΑΝΤΟΝΙΟΥ	3	
ΑΝΤΩΝ	ΑΝΤΩΝΙΑ	8	
ΑΝΤΩΝ	ΑΝΤΩΝΑΡΑΚΟΥ	5	
ΑΟΓΓΑ	ΑΟΓΓΑΝΙΚΟΣ	3	
ΑΟΥΛΟ	ΑΟΥΛΟ	3	
ΑΠΑΝΟ	ΑΠΑΝΟΥ	7	
ΑΠΕΔΗ	ΑΠΕΔΗΩΣΕ	7	
ΑΠΕΘΑ	ΑΠΕΘΑΝΕ	19	
ΑΠΕΧΩ	ΑΠΕΧΩΡΗΣΕ	3	
ΑΠΟΡΙ	ΑΠΟΡΙΑΝ	4	
ΑΠΟΣΤ	ΑΠΟΣΤ	6	
ΑΠΟΣΤ	ΑΠΟΣΤΟΛΑΚΟΥ	5	
ΑΠΟΦΑ	ΑΠΟΦΑΣΙΝ	3	
ΑΡΑΧΩ	ΑΡΑΧΩΒΑ	5	
ΑΡΓΕΙ	ΑΡΓΕΙΤΑΚΟΣ	4	
ΑΡΓΥΡ	ΑΡΓΥΡΩ	4	
ΑΡΔΑΝ	ΑΡΔΑΝΙΤΗΣ	13	
ΑΡΔΑΝ	ΑΡΔΑΝΙΤΗ	10	
ΑΡΘΡ	ΑΡΘΡ	3	
ΑΡΙΘ	ΑΡΙΘ	49	
ΑΡΙΣΤ	ΑΡΙΣΤ	38	
ΑΡΙΣΤ	ΑΡΙΣΤΟΜΕΝΟΥΣ	6	
ΑΡΙΩΝ	ΑΡΙΩΝΟΣ	3	
ΑΡΡΑΒ	ΑΡΡΑΒΩΝΙΑΣΘΗ	5	
ΑΡΧΙΜ	ΑΡΧΙΜΑΝΔΡΙΤΟΥ	18	
ΑΡΧΙΜ	ΑΡΧΙΜ	3	
ΑΣΗΜΑ	ΑΣΗΜΑΚΟΠΟΥΛΟΥ	4	
ΑΣΗΜΑ	ΑΣΗΜΑΚΟΠΟΥΛΟΣ	3	
ΑΣΚΛΗ	ΑΣΚΛΗΡΟ	4	
ΑΣΟΚ	ΑΣΟΚ	3	
ΑΤΡΟΣ	ΑΤΡΟΣ	3	
ΑΥΣΤΡ	ΑΥΣΤΡΑΛΙΑΝ	6	
ΑΦΙΣΕ	ΑΦΙΣΕΙΣ	13	
ΑΦΙΧΘ	ΑΦΙΧΘΗ	8	
ΑΦΩΝ	ΑΦΩΝ	22	
ΒΑΘΜ	ΒΑΘΜ	4	
ΒΑΙΔΑ	ΒΑΙΔΑΚΗΣ	6	
ΒΑΙΔΑ	ΒΑΙΔΑΚΗ	5	
ΒΑΛΑΣ	ΒΑΛΑΣΗ	11	
ΒΑΠΤΙ	ΒΑΠΤΙΣΙΑ	5	
ΒΑΠΤΙ	ΒΑΠΤΙΣΙΜΑ	3	
ΒΑΡΒΑ	ΒΑΡΒΑΡΑΣ	5	
ΒΑΡΙΛ	ΒΑΡΙΛΑΣ	7	
ΒΑΡΙΛ	ΒΑΡΙΛΑ	3	
ΒΑΡΛΑ	ΒΑΡΛΑ	4	
ΒΑΡΟΥ	ΒΑΡΟΥΤΣΟΣ	8	
ΒΑΡΟΥ	ΒΑΡΟΥΤΣΟΥ	6	
ΒΑΣΙΛ	ΒΑΣΙΛ	11	
ΒΑΣΙΛ	ΒΑΣΙΛΕ	4	
ΒΑΣΙΛ	ΒΑΣΙΛΑΚΟΣ	3	
ΒΕΛΙΓ	ΒΕΛΙΓΟΣΤΗ	8	
ΒΕΛΜΙ	ΒΕΛΜΙΝΑΤΙΔΑΣ	3	
ΒΕΝΙΟ	ΒΕΝΙΟΠΟΥΛΟΥ	6	
ΒΕΡΓΑ	ΒΕΡΓΑΔΟΥ	43	
ΒΕΡΓΑ	ΒΕΡΓΑΔΟΣ	16	
ΒΕΡΓΑ	ΒΕΡΓΑΔΕΙΚΑ	11	
ΒΕΡΓΗ	ΒΕΡΓΗΔΟΥ	3	
ΒΕΡΤΑ	ΒΕΡΤΑΔΟΣ	5	
ΒΙΔΗ	ΒΙΔΗ	3	
ΒΙΩΤΕ	ΒΙΩΤΕΡΑ	3	
ΒΛΑΧΑ	ΒΛΑΧΑΚΗ	13	
ΒΛΑΧΑ	ΒΛΑΧΑΚΗΣ	10	
ΒΛΑΧΑ	ΒΛΑΧΑΝΗΣ	3	
ΒΛΑΧΙ	ΒΛΑΧΙΩΤΗ	6	
ΒΟΗΘΕ	ΒΟΗΘΕΙΑΝ	3	
ΒΟΝΙΟ	ΒΟΝΙΟΣ	40	
ΒΟΝΙΟ	ΒΟΝΙΟΥ	20	
ΒΟΝΟΣ	ΒΟΝΟΣ	11	
ΒΟΝΟΥ	ΒΟΝΟΥ	4	
ΒΟΡΔΟ	ΒΟΡΔΟΝΙΑ	6	
ΒΟΡΔΟ	ΒΟΡΔΟΝΙΑΣ	4	
ΒΟΡΔΩ	ΒΟΡΔΩΝΙΑ	7	
ΒΟΡΕΙ	ΒΟΡΕΙΟΔΗΜΟΤΕΣ	17	
ΒΟΡΕΙ	ΒΟΡΕΙΟΔΗΜΟΤΩΝ	9	
ΒΟΡΙΛ	ΒΟΡΙΛΑΣ	22	
ΒΟΡΙΛ	ΒΟΡΙΛΑ	7	
ΒΟΣΤΩ	ΒΟΣΤΩΝΗΣ	6	
ΒΟΥΡΔ	ΒΟΥΡΔΟΥΣΗΣ	3	
ΒΟΥΤΙ	ΒΟΥΤΙΑΝΟΥΣ	4	
ΒΟΥΤΙ	ΒΟΥΤΙΑΝΩΝ	3	
ΒΡΑΣΙ	ΒΡΑΣΙΔΟΥ	19	
ΒΡΑΣΙ	ΒΡΑΣΙΝΗ	3	
ΒΡΑΤΟ	ΒΡΑΤΟΙΝΗ	3	
ΒΡΑΤΣ	ΒΡΑΤΣΙΝΗΣ	15	
ΒΡΑΤΣ	ΒΡΑΤΣΙΝΗ	12	
ΒΡΑΤΣ	ΒΡΑΤΣΩΝΗ	3	
ΒΡΗΤΕ	ΒΡΗΤΕ	19	
ΒΡΥΣΙ	ΒΡΥΣΙΩΤΙΚΑ	11	
ΒΡΥΣΩ	ΒΡΥΣΩΤΙΚΑ	6	
ΒΥΖΑΝ	ΒΥΖΑΝΤΙΝ	10	
ΒΥΝΙΟ	ΒΥΝΙΟΣ	47	
ΒΥΝΙΟ	ΒΥΝΙΟΥ	22	
ΒΥΝΙΟ	ΒΥΝΙΟ	3	
ΒΥΝΟΣ	ΒΥΝΟΣ	14	
ΒΥΡΗΣ	ΒΥΡΗΣ	3	
ΓΑΛΑΚ	ΓΑΛΑΚΑ	4	
ΓΑΛΕΚ	ΓΑΛΕΚΑ	15	
ΓΑΛΕΚ	ΓΑΛΕΚΑΣ	12	
ΓΑΜΟΝ	ΓΑΜΟΝ	3	
ΓΑΠΗ	ΓΑΠΗ	15	
ΓΑΠΗΜ	ΓΑΠΗΜΕΝΕ	3	
ΓΑΠΗΤ	ΓΑΠΗΤΟ	6	
ΓΑΠΟ	ΓΑΠΟ	5	
ΓΓΟΝΙ	ΓΓΟΝΙΑ	4	
ΓΓΡΑΦ	ΓΓΡΑΦΟ	3	
ΓΕΓΟΝ	ΓΕΓΟΝ	5	
ΓΕΝΕ	ΓΕΝΕ	5	
ΓΕΝΕΤ	ΓΕΝΕΤΙΚ	3	
ΓΕΝΙΚ	ΓΕΝΙΚ	11	
ΓΕΝΙΚ	ΓΕΝΙΚΗΝ	7	
ΓΕΡΜΑ	ΓΕΡΜΑΝΙΑΝ	4	
ΓΕΡΟΥ	ΓΕΡΟΥΛΑΚΟΥ	3	
ΓΕΡΟΥ	ΓΕΡΟΥΛΑΚΟΣ	3	
ΓΕΩΒΑ	ΓΕΩΒΑΝΝΑ	4	
ΓΕΩΡ	ΓΕΩΡ	146	
ΓΕΩΡΓ	ΓΕΩΡΓΙΤΣΙ	897	
ΓΕΩΡΓ	ΓΕΩΡΓΙΤΣΙΟΥ	328	
ΓΕΩΡΓ	ΓΕΩΡΓΙΤΣΙΑΝΩΝ	185	
ΓΕΩΡΓ	ΓΕΩΡΓ	164	
ΓΕΩΡΓ	ΓΕΩΡΓΙΤΣΙΑΝΟΙ	89	
ΓΕΩΡΓ	ΓΕΩΡΓΙΤΑΙ	38	
ΓΕΩΡΓ	ΓΕΩΡΓΟΥΛΗΣ	37	
ΓΕΩΡΓ	ΓΕΩΡΓΟΠΟΥΛΟΣ	37	
ΓΕΩΡΓ	ΓΕΩΡΓΙΤΣΙΑΝΟΥΣ	35	
ΓΕΩΡΓ	ΓΕΩΡΓΟΥΛΗ	30	
ΓΕΩΡΓ	ΓΕΩΡΓΟΠΟΥΛΟΥ	29	
ΓΕΩΡΓ	ΓΕΩΡΓΙΤΣΙΟΝ	28	
ΓΕΩΡΓ	ΓΕΩΡΓΙΤΑΙΟΥ	18	
ΓΕΩΡΓ	ΓΕΩΡΓΙΤΣΙΑΝΟΣ	16	
ΓΕΩΡΓ	ΓΕΩΡΓΙΟΝ	14	
ΓΕΩΡΓ	ΓΕΩΡΓΙΤΣΗΣ	12	
ΓΕΩΡΓ	ΓΕΩΡΓΙΤΣΙΑΝΙΚΟ	12	
ΓΕΩΡΓ	ΓΕΩΡΓΙΤΣΙΩΤΕΣ	10	
ΓΕΩΡΓ	ΓΕΩΡΓΙΤΣΑ	8	
ΓΕΩΡΓ	ΓΕΩΡΓΙΤΣΙΑΝΙΚΑ	8	
ΓΕΩΡΓ	ΓΕΩΡΓΙΤΣΙΩΝ	8	
ΓΕΩΡΓ	ΓΕΩΡΓΙΤΣΙΩΤΩΝ	6	
ΓΕΩΡΓ	ΓΕΩΡΓΙΑΣΙΟΥ	6	
ΓΕΩΡΓ	ΓΕΩΡΓΙΤΣΗ	6	
ΓΕΩΡΓ	ΓΕΩΡΓΙΤΣΙΑΝΙΚΗ	6	
ΓΕΩΡΓ	ΓΕΩΡΓΑΚΑΚΗ	5	
ΓΕΩΡΓ	ΓΕΩΡΓΙΤΣΙΑ	5	
ΓΕΩΡΓ	ΓΕΩΡΓΙΣΤΙΟΥ	5	
ΓΕΩΡΓ	ΓΕΩΡΓΙΤΣΑΝΟΥ	4	
ΓΕΩΡΓ	ΓΕΩΡΓΗΤΣΙ	4	
ΓΕΩΡΓ	ΓΕΩΡΓΙΤΣΟΥ	4	
ΓΕΩΡΓ	ΓΕΩΡΓΙΤΣΙΑΚΩΝ	3	
ΓΕΩΡΓ	ΓΕΩΡΓΙΤΑΙΝΩΝ	3	
ΓΕΩΡΓ	ΓΕΩΡΓΑΚΟΠΟΥΛΟΥ	3	
ΓΕΩΡΓ	ΓΕΩΡΓΙΑΚΑΚΗ	3	
ΓΕΩΡΓ	ΓΕΩΡΓΟΠΟΥΛΟ	3	
ΓΕΩΡΓ	ΓΕΩΡΓΙΤΣΙΑΝΙΚΟΥ	3	
ΓΕΩΡΓ	ΓΕΩΡΓΙΝΩΝ	3	
ΓΕΩΡΓ	ΓΕΩΡΓΙΣΤΗ	3	
ΓΕΩΡΓ	ΓΕΩΡΓΗΤΙΑΝΟΙ	3	
ΓΕΩΡΓ	ΓΕΩΡΓΙΤΣΙΑΝΟ	3	
ΓΕΩΡΓ	ΓΕΩΡΓΟΤΣΙΟΥ	3	
ΓΕΩΡΓ	ΓΕΩΡΓΙΤΑΙΟΙ	3	
ΓΕΩΡΓ	ΓΕΩΡΓΙΤΙΤΑΚΙΑ	3	
ΓΕΩΡΓ	ΓΕΩΡΓΙΣΤΙ	3	
ΓΕΩΡΓ	ΓΕΩΡΓΙΤΑΙΟΥΣ	3	
ΓΕΩΡΓ	ΓΕΩΡΓΙΤΗ	3	
ΓΕΩΡΓ	ΓΕΩΡΓΙΑΤΙΟΥ	3	
ΓΕΩΡΓ	ΓΕΩΡΓΥΤΣΙ	3	
ΓΕΩΡΓ	ΓΕΩΡΓΙΤΣΙΟ	3	
ΓΕΩΡΓ	ΓΕΩΡΓΙΤΣΙΑΝΟΥ	3	
ΓΕΩΡΟ	ΓΕΩΡΟΥΣΙΩΤΩΝ	4	
ΓΙΑΝ	ΓΙΑΝ	8	
ΓΙΑΝΑ	ΓΙΑΝΑΡΗΣ	17	
ΓΙΑΝΑ	ΓΙΑΝΑΡΗ	11	
ΓΙΑΝΝ	ΓΙΑΝΝΑΚΑΚΗΣ	169	
ΓΙΑΝΝ	ΓΙΑΝΝΑΡΗΣ	98	
ΓΙΑΝΝ	ΓΙΑΝΝΑΚΑΚΗ	97	
ΓΙΑΝΝ	ΓΙΑΝΝΑΡΗ	57	
ΓΙΑΝΝ	ΓΙΑΝΝΑΚΑΚΗΝ	6	
ΓΙΑΝΝ	ΓΙΑΝΝΟΥΛΗ	4	
ΓΙΑΝΝ	ΓΙΑΝΝΑΚΑ	3	
ΓΙΑΝΝ	ΓΙΑΝΝΑΚΙΚΗ	3	
ΓΙΑΝΝ	ΓΙΑΝΝΙΟΥΛΗ	3	
ΓΙΑΝΝ	ΓΙΑΝΝΙΚΑΚΗΣ	3	
ΓΙΑΤ	ΓΙΑΤ	8	
ΓΙΑΤΡ	ΓΙΑΤΡΑΚΟΥ	18	
ΓΙΑΤΡ	ΓΙΑΤΡΑΚΟ	7	
ΓΙΑΤΡ	ΓΙΑΤΡΟΚΟΣ	3	
ΓΙΝΑΝ	ΓΙΝΑΝ	7	
ΓΙΟΡΤ	ΓΙΟΡΤ	4	
ΓΙΩΡ	ΓΙΩΡ	3	
ΓΙΩΡΓ	ΓΙΩΡΓΙΤΣΙ	28	
ΓΙΩΡΓ	ΓΙΩΡΓ	26	
ΓΙΩΡΓ	ΓΙΩΡΓΙΟΣ	6	
ΓΙΩΡΓ	ΓΙΩΡΓΙΤΣΗΣ	4	
ΓΙΩΡΓ	ΓΙΩΡΓΙΤΣΙΟΥ	4	
ΓΚΑΡΔ	ΓΚΑΡΔΙΑ	5	
ΓΚΑΤΑ	ΓΚΑΤΑΣΤΑΘΗΚΑΝ	3	
ΓΚΛΑΚ	ΓΚΛΑΚΑΣ	4	
ΓΚΛΑΚ	ΓΚΛΑΚΑ	3	
ΓΚΛΕΚ	ΓΚΛΕΚΑΣ	129	
ΓΚΛΕΚ	ΓΚΛΕΚΑ	81	
ΓΚΛΕΚ	ΓΚΛΕΚΗΣ	3	
ΓΚΛΕΚ	ΓΚΛΕΚΕΙΚΑ	3	
ΓΚΛΕΚ	ΓΚΛΕΚΑΝ	3	
ΓΚΟΡΤ	ΓΚΟΡΤΣΟΛΟΓΟΥ	4	
ΓΚΟΥΖ	ΓΚΟΥΖΟΥΛΗΣ	90	
ΓΚΟΥΖ	ΓΚΟΥΖΟΥΛΗ	72	
ΓΚΟΥΖ	ΓΚΟΥΖΟΥΛΙΚΟΙ	3	
ΓΚΟΥΣ	ΓΚΟΥΣΟΥΛΗΣ	4	
ΓΚΥΡ	ΓΚΥΡ	9	
ΓΚΥΡΓ	ΓΚΥΡΓΙΤΣΙ	6	
ΓΚΥΡΓ	ΓΚΥΡΓΙΤΣΙΟΥ	3	
ΓΝΩΜΟ	ΓΝΩΜΟΣΥΝΗ	3	
ΓΝΩΡΙ	ΓΝΩΡΙΖΟΜΕΝ	4	
ΓΟΜΑΤ	ΓΟΜΑΤΟΣ	13	
ΓΟΜΑΤ	ΓΟΜΑΤΟΥ	8	
ΓΟΡΑΚ	ΓΟΡΑΚΙ	8	
ΓΟΡΙΑ	ΓΟΡΙΑΝΗ	6	
ΓΡΑΜ	ΓΡΑΜ	3	
ΓΡΑΜΜ	ΓΡΑΜΜΑΤΕ	3	
ΓΡΗΓ	ΓΡΗΓ	7	
ΓΡΗΓΟ	ΓΡΗΓΟΡΑΚΗΣ	3	
ΓΡΙΔΑ	ΓΡΙΔΑΣ	8	
ΓΡΙΔΑ	ΓΡΙΔΑ	5	
ΓΡΙΜΠ	ΓΡΙΜΠΑ	4	
ΓΥΙΟΣ	ΓΥΙΟΣ	5	
ΓΥΝΑ	ΓΥΝΑ	4	
ΔΑΔΑΚ	ΔΑΔΑΚΗΣ	6	
ΔΑΔΑΚ	ΔΑΔΑΚΗ	3	
ΔΑΚΕΔ	ΔΑΚΕΔΑΙΜΟΝΙΩΝ	4	
ΔΑΚΩΝ	ΔΑΚΩΝΙΑΣ	5	
ΔΑΠΤΙ	ΔΑΠΤΙΣΕ	6	
ΔΑΡΒΙ	ΔΑΡΒΙΡΗΣ	5	
ΔΑΡΒΙ	ΔΑΡΒΙΡΗ	4	
ΔΑΣΕΙ	ΔΑΣΕΙ	5	
ΔΑΣΚΑ	ΔΑΣΚΑΛΟΠΟΥΛΟΣ	3	
ΔΑΧΑΡ	ΔΑΧΑΡΟΠΛΑΣΤΙΚΗΣ	5	
ΔΔΙΔΑ	ΔΔΙΔΑΣ	4	
ΔΔΟΣ	ΔΔΟΣ	3	
ΔΕΔΟΥ	ΔΕΔΟΥΣΗΣ	29	
ΔΕΔΟΥ	ΔΕΔΟΥΣΗ	9	
ΔΕΔΟΥ	ΔΕΔΟΥΤΗΣ	4	
ΔΕΔΟΥ	ΔΕΔΟΥΤΗ	3	
ΔΕΛΤ	ΔΕΛΤ	30	
ΔΕΛΦ	ΔΕΛΦ	4	
ΔΕΛΦΟ	ΔΕΛΦΟΝ	3	
ΔΕΜΠΕ	ΔΕΜΠΕΛΗΣ	3	
ΔΕΧΑΣ	ΔΕΧΑΣΤΟ	4	
ΔΗΛΑΔ	ΔΗΛΑΔ	4	
ΔΗΜΑΚ	ΔΗΜΑΚΟΣ	13	
ΔΗΜΑΚ	ΔΗΜΑΚΟΥ	6	
ΔΗΜΗΤ	ΔΗΜΗΤΡΟΠΟΥΛΟΣ	19	
ΔΗΜΗΤ	ΔΗΜΗΤΡΟΠΟΥΛΟΥ	5	
ΔΗΜΗΤ	ΔΗΜΗΤΡΑΚΑΚΗΣ	4	
ΔΗΜΗΤ	ΔΗΜΗΤΡ	4	
ΔΗΜΗΤ	ΔΗΜΗΤΡΟΠΟΥΛΟ	4	
ΔΗΜΗΤ	ΔΗΜΗΤΡΙΑΚΑΚΗ	4	
ΔΗΜΗΤ	ΔΗΜΗΤΡΙΟΝ	3	
ΔΗΜΟΝ	ΔΗΜΟΝ	8	
ΔΗΜΟΠ	ΔΗΜΟΠΟΥΛΟΥ	7	
ΔΗΜΟΣ	ΔΗΜΟΣΘ	16	
ΔΙΑΘΕ	ΔΙΑΘΕΣΙΝ	6	
ΔΙΑΘΕ	ΔΙΑΘΕΤΟΥ	3	
ΔΙΑΜΑ	ΔΙΑΜΑΝΤΟΙ	5	
ΔΙΑΜΑ	ΔΙΑΜΑΝΤΟΥΛΑ	4	
ΔΙΑΝΟ	ΔΙΑΝΟΙΧΘΕΙ	3	
ΔΙΑΤΙ	ΔΙΑΤΙ	4	
ΔΙΑΦΟ	ΔΙΑΦΟΡ	3	
ΔΙΔΟΣ	ΔΙΔΟΣ	12	
ΔΙΕΝ	ΔΙΕΝ	3	
ΔΙΕΝΥ	ΔΙΕΝΥΣΙΟΣ	3	
ΔΙΕΤΗ	ΔΙΕΤΗΡΗΘΗ	3	
ΔΙΚΗΓ	ΔΙΚΗΓΟΡΟΝ	3	
ΔΙΟΙΚ	ΔΙΟΙΚΗΤΙΚΟΝ	5	
ΔΙΟΙΚ	ΔΙΟΙΚ	5	
ΔΙΟΙΚ	ΔΙΟΙΚΗΤΙΚ	3	
ΔΙΟΡΘ	ΔΙΟΡΘΩΣΙΝ	6	
ΔΙΟΤΗ	ΔΙΟΤΗΤΕΣ	3	
ΔΙΡΟΥ	ΔΙΡΟΥ	5	
ΔΙΩΤΙ	ΔΙΩΤΙΚ	3	
ΔΟΛΛΑ	ΔΟΛΛΑΡΙΑ	3	
ΔΟΝΤΙ	ΔΟΝΤΙΑΤΡΟΥ	3	
ΔΟΞΙΟ	ΔΟΞΙΟΥΛΑ	3	
ΔΟΟΣ	ΔΟΟΣ	4	
ΔΟΤΑΝ	ΔΟΤΑΝΑ	3	
ΔΟΥΝΑ	ΔΟΥΝΑ	5	
ΔΟΥΝΟ	ΔΟΥΝΟΥ	6	
ΔΟΥΝΟ	ΔΟΥΝΟ	4	
ΔΟΥΣ	ΔΟΥΣ	3	
ΔΡΑΧ	ΔΡΑΧ	40	
ΔΡΟΜΟ	ΔΡΟΜΟΝ	4	
ΔΡΟΧΗ	ΔΡΟΧΗ	3	
ΔΡΥΣΗ	ΔΡΥΣΗ	10	
ΔΥΝΑΜ	ΔΥΝΑΜΙ	3	
ΔΥΝΑΤ	ΔΥΝΑΤ	4	
ΔΥΣΤΥ	ΔΥΣΤΥΧ	6	
ΔΩΡΕ	ΔΩΡΕ	4	
ΕΑΤΑ	ΕΑΤΑ	3	
ΕΒΑΠΤ	ΕΒΑΠΤΙΣΕ	6	
ΕΓΕΝΝ	ΕΓΕΝΝΗΣΕ	8	
ΕΔΟΠΟ	ΕΔΟΠΟΙΙΑ	3	
ΕΔΩΡΗ	ΕΔΩΡΗΣΕ	3	
ΕΙΚΗΔ	ΕΙΚΗΔΕΥΘΗ	4	
ΕΙΜΕΘ	ΕΙΜΕΘΑ	4	
ΕΙΜΝΗ	ΕΙΜΝΗΣΤΟΥ	3	
ΕΙΠΩ	ΕΙΠΩ	3	
ΕΙΡΗΝ	ΕΙΡΗΝΕΥΘΗ	3	
ΕΙΧΕΝ	ΕΙΧΕΝ	4	
ΕΚΑΤ	ΕΚΑΤ	9	
ΕΚΑΤΟ	ΕΚΑΤΟΜ	10	
ΕΚΔΩΤ	ΕΚΔΩΤΗΣ	3	
ΕΚΕΔΕ	ΕΚΕΔΕΥΘΗ	6	
ΕΚΗΔΕ	ΕΚΗΔΕΥΘΗ	6	
ΕΚΤΙΜ	ΕΚΤΙΜΗΣΙ	3	
ΕΛΑΒΑ	ΕΛΑΒΑΜΕ	16	
ΕΛΑΜΠ	ΕΛΑΜΠΡΥΝΑΝ	4	
ΕΛΑΜΠ	ΕΛΑΜΠΡΥΝΕ	4	
ΕΛΑΤΟ	ΕΛΑΤΟΔΑΣΟΣ	6	
ΕΛΕΓΑ	ΕΛΕΓΑΜΕ	3	
ΕΛΕΠΩ	ΕΛΕΠΩ	6	
ΕΛΕΥΘ	ΕΛΕΥΘ	21	
ΕΛΛΗΝ	ΕΛΛΗΝΙΚΑΣ	3	
ΕΜΟΥ	ΕΜΟΥ	3	
ΕΝΤΟΙ	ΕΝΤΟΙΧΙΣΘΕΙ	3	
ΕΞΑΚΤ	ΕΞΑΚΤΙΣΘΗ	3	
ΕΞΕΦΩ	ΕΞΕΦΩΝΗΣΕ	5	
ΕΞΩΚΚ	ΕΞΩΚΚΛΗΣΙΑ	5	
ΕΞΩΚΚ	ΕΞΩΚΚΛΗΣΙ	3	
ΕΞΩΡΑ	ΕΞΩΡΑΙΣΤΙΚΟΝ	3	
ΕΠΑΜ	ΕΠΑΜ	5	
ΕΠΑΝΑ	ΕΠΑΝΑΣΤΑΣΙΝ	3	
ΕΠΗΚΟ	ΕΠΗΚΟΛΟΥΘΗΣΕ	8	
ΕΠΙΔΟ	ΕΠΙΔΟΤΗΣΙΝ	3	
ΕΠΙΚΑ	ΕΠΙΚΑΙΡΩΣ	4	
ΕΠΙΚΟ	ΕΠΙΚΟΙΝΩΝΙΑΝ	3	
ΕΠΙΣΚ	ΕΠΙΣΚΕΥΗΝ	4	
ΕΠΙΤΥ	ΕΠΙΤΥΧΙΑΝ	3	
ΕΣΤΙ	ΕΣΤΙ	3	
ΕΤΕΚΕ	ΕΤΕΚΕ	9	
ΕΤΕΛΕ	ΕΤΕΛΕΣΘΗ	31	
ΕΤΕΛΕ	ΕΤΕΛΕΣΘΗΣΑΝ	18	
ΕΤΕΛΕ	ΕΤΕΛΕΣΑΝ	9	
ΕΤΕΛΕ	ΕΤΕΛΕΣΘΗΚΑΝ	3	
ΕΤΕΛΕ	ΕΤΕΛΕΣΕ	3	
ΕΥΑΓ	ΕΥΑΓ	35	
ΕΥΑΓΓ	ΕΥΑΓΓ	16	
ΕΥΓΕΙ	ΕΥΓΕΙ	3	
ΕΥΣΤΑ	ΕΥΣΤΑΘΙΟΝ	3	
ΕΥΣΤΡ	ΕΥΣΤΡ	4	
ΕΥΤΥΧ	ΕΥΤΥΧΙΑΝ	6	
ΕΥΧΑΡ	ΕΥΧΑΡΙΣΤΗΡΙΟΝ	14	
ΕΥΧΑΡ	ΕΥΧΑΡΙΣΤΟΥΜΕΝ	4	
ΕΥΧΕΤ	ΕΥΧΕΤΗΡΙΟΝ	3	
ΕΥΧΟΜ	ΕΥΧΟΜΕΘΑ	32	
ΕΦΗΜΕ	ΕΦΗΜΕΡΙΔΟΥΛΑ	4	
ΕΨΑΛΗ	ΕΨΑΛΗ	6	
ΖΑΔΡΑ	ΖΑΔΡΑ	5	
ΖΑΔΡΑ	ΖΑΔΡΑΣ	3	
ΖΑΦΕΙ	ΖΑΦΕΙΡΟΠΟΥΛΟΥ	3	
ΖΑΧΑΡ	ΖΑΧΑΡΙΚΗΣ	6	
ΖΙΑΒΡ	ΖΙΑΒΡΑ	7	
ΖΙΩΤΗ	ΖΙΩΤΗ	6	
ΖΙΩΤΗ	ΖΙΩΤΗΣ	4	
ΗΛΕΚΤ	ΗΛΕΚΤΡΑΓΟΡΑ	4	
ΗΛΙΑΔ	ΗΛΙΑΔΟΥ	8	
ΗΛΙΑΝ	ΗΛΙΑΝ	4	
ΗΜΕΡΙ	ΗΜΕΡΙΑ	4	
ΗΣΥΛΑ	ΗΣΥΛΑΝΑ	4	
ΗΣΧΟΛ	ΗΣΧΟΛΗΘΗ	3	
ΘΑΝΑΣ	ΘΑΝΑΣΙΟΥ	9	
ΘΑΝΑΣ	ΘΑΝΑΣΙΟΣ	6	
ΘΑΝΑΣ	ΘΑΝΑΣΟΠΟΥΛΟΥ	3	
ΘΑΠΡΕ	ΘΑΠΡΕΠΕ	3	
ΘΕΙΑΝ	ΘΕΙΑΝ	4	
ΘΕΟΔ	ΘΕΟΔ	22	
ΘΕΟΔΩ	ΘΕΟΔΩΡΟΝ	3	
ΘΕΟΝ	ΘΕΟΝ	8	
ΘΕΟΣΩ	ΘΕΟΣΩΣΤΟΥ	3	
ΘΕΟΦΙ	ΘΕΟΦΙΛΟΠΟΥΛΟΥ	8	
ΘΕΟΦΙ	ΘΕΟΦΙΛΟΠΟΥΛΟΣ	6	
ΘΕΟΧΑ	ΘΕΟΧΑΡΗ	4	
ΘΕΡΜ	ΘΕΡΜ	22	
ΘΗΝΑ	ΘΗΝΑ	30	
ΘΗΝΑΙ	ΘΗΝΑΙ	17	
ΘΗΝΑΣ	ΘΗΝΑΣ	12	
ΘΝΙΚ	ΘΝΙΚ	9	
ΘΥΓΑΤ	ΘΥΓΑΤΡΟΣ	5	
ΙΔΙΟΚ	ΙΔΙΟΚΤ	5	
ΙΕΡΟΚ	ΙΕΡΟΚΗΡΥΚΟΣ	5	
ΙΩΑΝ	ΙΩΑΝ	111	
ΙΩΑΝΝ	ΙΩΑΝΝΗΝ	4	
ΚΑΒΑΔ	ΚΑΒΑΔΙΑ	3	
ΚΑΔΕΛ	ΚΑΔΕΛΑΡΗ	3	
ΚΑΔΚΥ	ΚΑΔΚΥ	8	
ΚΑΙΜΠ	ΚΑΙΜΠΡΙΤΖ	3	
ΚΑΙΡ	ΚΑΙΡ	4	
ΚΑΙΤΗ	ΚΑΙΤΗ	15	
ΚΑΛΑΒ	ΚΑΛΑΒΡΥΤΙΝΟΣ	17	
ΚΑΛΑΒ	ΚΑΛΑΒΡΥΤΙΝΟΥ	11	
ΚΑΛΑΔ	ΚΑΛΑΔΡΥΤΙΝΟΣ	15	
ΚΑΛΑΔ	ΚΑΛΑΔΡΙΤΙΝΟΣ	3	
ΚΑΛΑΔ	ΚΑΛΑΔΡΥΤΙΚΟΣ	3	
ΚΑΛΑΔ	ΚΑΛΑΔΡΥΤΙΝΟΥ	3	
ΚΑΛΑΝ	ΚΑΛΑΝΤΖΗΣ	11	
ΚΑΛΑΝ	ΚΑΛΑΝΤΖΗ	5	
ΚΑΛΑΝ	ΚΑΛΑΝΔΡΙ	3	
ΚΑΛΑΤ	ΚΑΛΑΤΖΗΣ	14	
ΚΑΛΑΤ	ΚΑΛΑΤΖΗ	8	
ΚΑΛΛΙ	ΚΑΛΛΙΑΝΗΣ	22	
ΚΑΛΛΙ	ΚΑΛΛΙΜΟΠΟΥΛΟΣ	15	
ΚΑΛΛΙ	ΚΑΛΛΙΑΝΗ	13	
ΚΑΛΟΒ	ΚΑΛΟΒΑΣ	4	
ΚΑΛΟΔ	ΚΑΛΟΔΑΣ	4	
ΚΑΛΥΔ	ΚΑΛΥΔΑΣ	21	
ΚΑΛΥΔ	ΚΑΛΥΔΑ	10	
ΚΑΛΩΣ	ΚΑΛΩΣΥΝΗ	10	
ΚΑΜΜΙ	ΚΑΜΜΙΑ	4	
ΚΑΜΝΕ	ΚΑΜΝΕΤΕ	3	
ΚΑΜΠΑ	ΚΑΜΠΑΡΗ	5	
ΚΑΜΠΕ	ΚΑΜΠΕΡΗΣ	11	
ΚΑΜΠΕ	ΚΑΜΠΕΡΗ	8	
ΚΑΝΑΔ	ΚΑΝΑΔ	4	
ΚΑΝΟΠ	ΚΑΝΟΠΟΙΗΣΗ	4	
ΚΑΠΑΡ	ΚΑΠΑΡΙ	3	
ΚΑΠΟΔ	ΚΑΠΟΔΙΣΤΡΙΟΥ	4	
ΚΑΡΑΒ	ΚΑΡΑΒΟΥΛΙΑΣ	17	
ΚΑΡΑΒ	ΚΑΡΑΒΟΥΛΙΑ	13	
ΚΑΡΑΒ	ΚΑΡΑΒΑ	11	
ΚΑΡΑΒ	ΚΑΡΑΒΟΓΛΙΑΣ	3	
ΚΑΡΑΒ	ΚΑΡΑΒΟΓΛΙΑ	3	
ΚΑΡΑΓ	ΚΑΡΑΓΙΑΝΝΗΣ	48	
ΚΑΡΑΓ	ΚΑΡΑΓΙΑΝΝΙΝΑΣ	3	
ΚΑΡΑΔ	ΚΑΡΑΔΑ	5	
ΚΑΡΑΔ	ΚΑΡΑΔΟΥΛΙΑΣ	3	
ΚΑΡΑΛ	ΚΑΡΑΛΕΜΑΣ	18	
ΚΑΡΑΛ	ΚΑΡΑΛΕΜΑ	8	
ΚΑΡΑΛ	ΚΑΡΑΛΑΜΑ	6	
ΚΑΡΑΛ	ΚΑΡΑΛΕΜΩΝ	6	
ΚΑΡΑΛ	ΚΑΡΑΛΑΜΩΝ	5	
ΚΑΡΑΛ	ΚΑΡΑΛΕΜΗΣ	4	
ΚΑΡΑΛ	ΚΑΡΑΛΑΜΠΗ	3	
ΚΑΡΑΛ	ΚΑΡΑΛΕΚΑΣ	3	
ΚΑΡΑΛ	ΚΑΡΑΛΑΙΜΑΣ	3	
ΚΑΡΑΛ	ΚΑΡΑΛΟΜΑΣ	3	
ΚΑΡΑΛ	ΚΑΡΑΛΑΜΑΝ	3	
ΚΑΡΑΛ	ΚΑΡΑΛΑΙΜΑ	3	
ΚΑΡΑΜ	ΚΑΡΑΜΠΕΛΑΣ	7	
ΚΑΡΑΜ	ΚΑΡΑΜΕΙΝΗΣ	3	
ΚΑΡΑΝ	ΚΑΡΑΝΤΖΗ	3	
ΚΑΡΒΑ	ΚΑΡΒΑΡΗ	6	
ΚΑΡΒΟ	ΚΑΡΒΟΥΝΟΡΕΜΑ	11	
ΚΑΡΒΟ	ΚΑΡΒΟΥΝΗ	9	
ΚΑΡΓΙ	ΚΑΡΓΙΑΝΝΗ	4	
ΚΑΡΔΑ	ΚΑΡΔΑΡΗ	7	
ΚΑΡΔΑ	ΚΑΡΔΑΡΗΣ	3	
ΚΑΡΔΙ	ΚΑΡΔΙΑΝ	3	
ΚΑΡΔΟ	ΚΑΡΔΟΥΝΗ	13	
ΚΑΡΔΟ	ΚΑΡΔΟΥΝΗΣ	11	
ΚΑΡΔΟ	ΚΑΡΔΟΥΝΟΡΕΜΑ	6	
ΚΑΡΔΩ	ΚΑΡΔΩΝΗ	3	
ΚΑΡΚΟ	ΚΑΡΚΟΥΛΗ	3	
ΚΑΡΤΑ	ΚΑΡΤΑΛΗ	5	
ΚΑΣΤΑ	ΚΑΣΤΑΡΙ	8	
ΚΑΣΤΑ	ΚΑΣΤΑΝΕΩΝΑ	7	
ΚΑΣΤΑ	ΚΑΣΤΑΝΟΚΑΛΛΙΕΡΓΕΙΑ	6	
ΚΑΣΤΑ	ΚΑΣΤΑΝΕΔΕΝΤΡΩΝ	3	
ΚΑΣΤΕ	ΚΑΣΤΕΡΙ	19	
ΚΑΣΤΙ	ΚΑΣΤΙΡΙ	3	
ΚΑΣΤΟ	ΚΑΣΤΟΡΕΙΟΥ	29	
ΚΑΣΤΟ	ΚΑΣΤΟΡΙΟ	5	
ΚΑΣΤΟ	ΚΑΣΤΟΡΕΙΟ	3	
ΚΑΤΑΒ	ΚΑΤΑΒΟΛ	3	
ΚΑΤΑΠ	ΚΑΤΑΠΙΝ	3	
ΚΑΤΑΣ	ΚΑΤΑΣΚΕΥ	6	
ΚΑΤΑΣ	ΚΑΤΑΣΡΟΣ	4	
ΚΑΤΑΣ	ΚΑΤΑΣΤΡΟΦ	3	
ΚΑΤΕ	ΚΑΤΕ	7	
ΚΑΤΕΕ	ΚΑΤΕΕ	3	
ΚΑΤΟΝ	ΚΑΤΟΝΤΑΔΕΣ	3	
ΚΑΤΣΗ	ΚΑΤΣΗΣ	3	
ΚΑΤΣΟ	ΚΑΤΣΟΥ	33	
ΚΑΤΣΟ	ΚΑΤΣΟΣ	26	
ΚΑΤΣΟ	ΚΑΤΣΟ	4	
ΚΑΦΕΝ	ΚΑΦΕΝΤΖΗ	11	
ΚΑΦΕΝ	ΚΑΦΕΝΤΖΗΣ	8	
ΚΔΟΣΗ	ΚΔΟΣΗ	6	
ΚΕΕΜ	ΚΕΕΜ	17	
ΚΕΙΟΥ	ΚΕΙΟΥΣ	9	
ΚΕΛΕΣ	ΚΕΛΕΣΙΔΗΣ	9	
ΚΕΡΑΜ	ΚΕΡΑΜΟΣΚΕΠΗ	4	
ΚΕΡΑΣ	ΚΕΡΑΣΟΠΟΥΛΟΥ	6	
ΚΕΡΑΤ	ΚΕΡΑΤΣΙ	8	
ΚΕΤΕ	ΚΕΤΕ	6	
ΚΙΘΩΤ	ΚΙΘΩΤΙΔΙΟ	3	
ΚΙΟΥΜ	ΚΙΟΥΜΟΥΡΤΖΑΚΗ	6	
ΚΚΛΗΣ	ΚΚΛΗΣΙΑ	7	
ΚΚΛΗΣ	ΚΚΛΗΣΙΑΣ	5	
ΚΚΛΗΣ	ΚΚΛΗΣΙ	5	
ΚΚΛΗΣ	ΚΚΛΗΣΙΑΣΜΑ	5	
ΚΚΛΗΣ	ΚΚΛΗΣΑΚΙ	3	
ΚΛΑΙΡ	ΚΛΑΙΡΗ	4	
ΚΛΕΚΤ	ΚΛΕΚΤ	4	
ΚΛΗΡΟ	ΚΛΗΡΟΝ	5	
ΚΛΗΡΟ	ΚΛΗΡΟΝΟΜΙΚ	3	
ΚΛΟΥΤ	ΚΛΟΥΤΣΟΥΝΗΣ	5	
ΚΜΕΤΑ	ΚΜΕΤΑΛΛΕΥΣΗ	3	
ΚΟΓΕΝ	ΚΟΓΕΝΕΙΑ	6	
ΚΟΙΝ	ΚΟΙΝ	20	
ΚΟΙΝΟ	ΚΟΙΝΟΤ	3	
ΚΟΙΝΟ	ΚΟΙΝΟΤΙΚ	3	
ΚΟΙΝΩ	ΚΟΙΝΩΝΙΚ	6	
ΚΟΙΝΩ	ΚΟΙΝΩΝΙΑΝ	3	
ΚΟΙΝΩ	ΚΟΙΝΩΝΙΚΗΝ	3	
ΚΟΚΚΑ	ΚΟΚΚΑΛΑ	3	
ΚΟΛΛΙ	ΚΟΛΛΙΝΙΑΤΗΣ	7	
ΚΟΛΛΙ	ΚΟΛΛΙΝΙΑΤΗ	5	
ΚΟΛΟΓ	ΚΟΛΟΓΙΑΝΝΗΣ	3	
ΚΟΛΟΥ	ΚΟΛΟΥΘΩΣ	4	
ΚΟΜΑ	ΚΟΜΑ	14	
ΚΟΝΑ	ΚΟΝΑ	6	
ΚΟΝΙΔ	ΚΟΝΙΔΙΤΣΑ	3	
ΚΟΝΙΔ	ΚΟΝΙΔΙΤΣΑΣ	3	
ΚΟΝΟΜ	ΚΟΝΟΜΙΚ	11	
ΚΟΡΕΤ	ΚΟΡΕΤΣΑΚΙ	7	
ΚΟΡΖΗ	ΚΟΡΖΗΣ	13	
ΚΟΡΖΗ	ΚΟΡΖΗ	7	
ΚΟΡΙΑ	ΚΟΡΙΑΣ	4	
ΚΟΡΙΝ	ΚΟΡΙΝΗ	5	
ΚΟΡΣΗ	ΚΟΡΣΗΣ	7	
ΚΟΡΤΖ	ΚΟΡΤΖΗΣ	3	
ΚΟΤΡΩ	ΚΟΤΡΩΝΙΑ	6	
ΚΟΤΣΟ	ΚΟΤΣΟΒΟΛΟΣ	8	
ΚΟΥΓΕ	ΚΟΥΓΕΤΑΙ	3	
ΚΟΥΜΠ	ΚΟΥΜΠΑΡΟΠΟΥΛΟ	4	
ΚΟΥΝΤ	ΚΟΥΝΤΟΥΡΑ	4	
ΚΟΥΡΑ	ΚΟΥΡΑΜΠΗ	7	
ΚΟΥΡΕ	ΚΟΥΡΕΜΠΗΣ	23	
ΚΟΥΡΕ	ΚΟΥΡΕΜΠΗ	9	
ΚΟΥΡΗ	ΚΟΥΡΗ	3	
ΚΟΥΤΣ	ΚΟΥΤΣΟΠΟΥΛΟΥ	12	
ΚΟΥΤΣ	ΚΟΥΤΣΑΡΗ	11	
ΚΟΥΤΣ	ΚΟΥΤΣΟΥΜΠΑΣ	3	
ΚΟΦΙΑ	ΚΟΦΙΑΣ	8	
ΚΟΦΙΑ	ΚΟΦΙΑ	3	
ΚΠΑΙΔ	ΚΠΑΙΔΕΥΣΗ	7	
ΚΠΡΟΣ	ΚΠΡΟΣΩΠΟΣ	3	
ΚΡΑΤΟ	ΚΡΑΤΟ	3	
ΚΡΙΒ	ΚΡΙΒ	4	
ΚΡΟΚΕ	ΚΡΟΚΕΩΝ	4	
ΚΤΑΣΗ	ΚΤΑΣΗ	3	
ΚΤΟΣ	ΚΤΟΣ	4	
ΚΥΡΙΑ	ΚΥΡΙΑΚΗΝ	4	
ΚΥΡΙΩ	ΚΥΡΙΩ	3	
ΚΩΝΣΤ	ΚΩΝΣΤ	11	
ΚΩΝΣΤ	ΚΩΝΣΤΑΝΤΙΝΑΚΟΥ	4	
ΚΩΝΣΤ	ΚΩΝΣΤΑΝΤΗ	4	
ΚΩΝΣΤ	ΚΩΝΣΤΑΝΤ	3	
ΚΩΝΣΤ	ΚΩΝΣΤΑΝΤΙΝΟΝ	3	
ΚΩΣΤΟ	ΚΩΣΤΟΚΑΝΕΛΛΗΣ	15	
ΚΩΣΤΟ	ΚΩΣΤΟΚΑΝΕΛΛΗ	10	
ΚΩΤΣΟ	ΚΩΤΣΟΒΟΛΟΣ	8	
ΛΑΓΓΑ	ΛΑΓΓΑΝΙΚΟΥ	5	
ΛΑΓΓΑ	ΛΑΓΓΑΝΙΚΟ	4	
ΛΑΓΙΑ	ΛΑΓΙΑΝΑΚΙ	7	
ΛΑΓΚΑ	ΛΑΓΚΑΔΙΑΝΟΙ	4	
ΛΑΖΑΡ	ΛΑΖΑΡΗΣ	3	
ΛΑΙΟΛ	ΛΑΙΟΛΑΔΟΥ	4	
ΛΑΚΑΔ	ΛΑΚΑΔΑΙΜΟΝΙΩΝ	3	
ΛΑΚΚΟ	ΛΑΚΚΟΥΔΕΣ	4	
ΛΑΚΟΥ	ΛΑΚΟΥΡΓΟΥ	5	
ΛΑΚΩΝ	ΛΑΚΩΝΩΝ	10	
ΛΑΚΩΝ	ΛΑΚΩΝΑΣ	5	
ΛΑΚΩΝ	ΛΑΚΩΝΟΣ	5	
ΛΑΚΩΝ	ΛΑΚΩΝΑ	3	
ΛΑΚΩΝ	ΛΑΚΩΝΙΚ	3	
ΛΑΜΠΡ	ΛΑΜΠΡΑΚΟΥ	7	
ΛΑΤΑ	ΛΑΤΑ	5	
ΛΕΓΓΑ	ΛΕΓΓΑΝΙΚΟ	6	
ΛΕΓΟΣ	ΛΕΓΟΣ	16	
ΛΕΙΒΑ	ΛΕΙΒΑΔΙΑ	3	
ΛΕΝΗ	ΛΕΝΗ	4	
ΛΕΟΝΤ	ΛΕΟΝΤΑΡΙΤΗΣ	4	
ΛΕΟΝΤ	ΛΕΟΝΤΙΟΥ	3	
ΛΕΥΡΟ	ΛΕΥΡΟ	5	
ΛΕΩΝΙ	ΛΕΩΝΙΔΟΥ	4	
ΛΗΘΕΙ	ΛΗΘΕΙΑ	4	
ΛΙΑΠΗ	ΛΙΑΠΗ	3	
ΛΙΑΣ	ΛΙΑΣ	14	
ΛΙΔΙΩ	ΛΙΔΙΩΝ	3	
ΛΙΕΣ	ΛΙΕΣ	5	
ΛΙΚΙΑ	ΛΙΚΙΑ	3	
ΛΙΝΑΡ	ΛΙΝΑΡΔΑΚΗ	6	
ΛΙΝΑΡ	ΛΙΝΑΡΔΑΚΗΣ	5	
ΛΙΟΣ	ΛΙΟΣ	5	
ΛΙΟΥ	ΛΙΟΥ	5	
ΛΛΑΔΑ	ΛΛΑΔΑ	10	
ΛΛΑΔΑ	ΛΛΑΔΑΣ	3	
ΛΛΑΔΟ	ΛΛΑΔΟΣ	5	
ΛΛΕΣ	ΛΛΕΣ	5	
ΛΛΗΝΕ	ΛΛΗΝΕΣ	5	
ΛΛΗΝΙ	ΛΛΗΝΙΚ	10	
ΛΛΗΝΩ	ΛΛΗΝΩΝ	4	
ΛΛΟΙ	ΛΛΟΙ	12	
ΛΛΟΤΕ	ΛΛΟΤΕ	3	
ΛΛΟΥΣ	ΛΛΟΥΣ	7	
ΛΛΩΝ	ΛΛΩΝ	3	
ΛΟΓΓΑ	ΛΟΓΓΑΝΙΚΟΥ	35	
ΛΟΓΓΑ	ΛΟΓΓΑΝΙΚΟΣ	24	
ΛΟΓΓΑ	ΛΟΓΓΑΝΙΚΟ	21	
ΛΟΓΙΑ	ΛΟΓΙΑΝΙΚΟ	3	
ΛΟΓΙΚ	ΛΟΓΙΚΑΝΙΚΟ	5	
ΛΟΓΚΑ	ΛΟΓΚΑΝΙΚΟΣ	18	
ΛΟΓΚΑ	ΛΟΓΚΑΝΙΚΟ	14	
ΛΟΓΚΑ	ΛΟΓΚΑΝΙΚΟΥ	9	
ΛΟΓΚΑ	ΛΟΓΚΑΝΙΚΑ	3	
ΛΟΓΟΤ	ΛΟΓΟΤΕΧΝΙΑΝ	3	
ΛΟΙΠ	ΛΟΙΠ	4	
ΛΟΚΛΗ	ΛΟΚΛΗΡΟ	3	
ΛΟΝΤΑ	ΛΟΝΤΑΡΙ	4	
ΛΟΥΛΟ	ΛΟΥΛΟ	7	
ΛΟΥΠΗ	ΛΟΥΠΗΣ	4	
ΛΟΥΠΗ	ΛΟΥΠΗ	3	
ΛΟΥΣ	ΛΟΥΣ	21	
ΛΟΥΤΡ	ΛΟΥΤΡΑΚΙΟΥ	7	
ΛΟΦΤΑ	ΛΟΦΤΑ	4	
ΛΟΨΥΧ	ΛΟΨΥΧΑ	4	
ΛΠΙΔΟ	ΛΠΙΔΟΦΟΡΙΑ	3	
ΛΥΚΟΥ	ΛΥΚΟΥΡΕΣΗ	10	
ΛΥΚΟΥ	ΛΥΚΟΥΡΕΣΗΣ	9	
ΛΥΚΟΥ	ΛΥΚΟΥΡΗΣ	3	
ΜΑΓΑΖ	ΜΑΓΑΖΙΩΤΗΣ	4	
ΜΑΓΚΑ	ΜΑΓΚΑΚΗΣ	4	
ΜΑΘΗΤ	ΜΑΘΗΤ	6	
ΜΑΘΗΤ	ΜΑΘΗΤΑΙ	3	
ΜΑΚΡ	ΜΑΚΡ	3	
ΜΑΚΡΙ	ΜΑΚΡΙ	3	
ΜΑΝΑΣ	ΜΑΝΑΣΙΩΤΗ	4	
ΜΑΝΑΣ	ΜΑΝΑΣΙΩΤΗΣ	3	
ΜΑΝΕΣ	ΜΑΝΕΣΙΩΤΗΣ	55	
ΜΑΝΕΣ	ΜΑΝΕΣΙΩΤΗ	27	
ΜΑΝΕΣ	ΜΑΝΕΣΩΤΗΣ	3	
ΜΑΝΕΣ	ΜΑΝΕΣΙΑΣ	3	
ΜΑΝΙΑ	ΜΑΝΙΑΤΩΝ	7	
ΜΑΝΙΑ	ΜΑΝΙΑΤΗ	3	
ΜΑΝΙΝ	ΜΑΝΙΝΟΥ	6	
ΜΑΝΙΣ	ΜΑΝΙΣΙΩΤΗΣ	11	
ΜΑΝΤΖ	ΜΑΝΤΖΩΡΗΣ	11	
ΜΑΝΤΖ	ΜΑΝΤΖΩΡΗ	3	
ΜΑΡΙΛ	ΜΑΡΙΛΗ	3	
ΜΑΡΟΥ	ΜΑΡΟΥΛΗ	5	
ΜΑΡΟΥ	ΜΑΡΟΥΛΗΣ	4	
ΜΑΡΤΙ	ΜΑΡΤΙΝΟΥ	3	
ΜΑΣΟΥ	ΜΑΣΟΥΡΑ	6	
ΜΑΣΟΥ	ΜΑΣΟΥΡΑΣ	4	
ΜΑΥΡΑ	ΜΑΥΡΑΣ	9	
ΜΑΥΡΑ	ΜΑΥΡΑΚΗ	3	
ΜΑΥΡΙ	ΜΑΥΡΙΚΗΣ	3	
ΜΑΥΡΟ	ΜΑΥΡΟΓΙΑΝΝΗ	3	
ΜΕΓΑΛ	ΜΕΓΑΛΟΠΟΛΕΩΣ	7	
ΜΕΓΑΛ	ΜΕΓΑΛΟΠΟΥΛΟΣ	3	
ΜΕΛΕΓ	ΜΕΛΕΓΑΚΗΣ	3	
ΜΕΝΙΔ	ΜΕΝΙΔΗΣ	4	
ΜΕΝΙΟ	ΜΕΝΙΟΥ	3	
ΜΕΡΙΚ	ΜΕΡΙΚ	10	
ΜΕΡΦΗ	ΜΕΡΦΗΣ	4	
ΜΕΣΙΤ	ΜΕΣΙΤΙΚΟΝ	3	
ΜΕΣΟΡ	ΜΕΣΟΡΑΧΗ	3	
ΜΕΣΩΣ	ΜΕΣΩΣ	10	
ΜΕΤΑΞ	ΜΕΤΑΞ	6	
ΜΕΤΑΤ	ΜΕΤΑΤΕΘΗ	3	
ΜΕΤΣΟ	ΜΕΤΣΟΒΙΟΥ	3	
ΜΕΧΑΛ	ΜΕΧΑΛΟΠΟΥΛΟΣ	3	
ΜΗΝΑΚ	ΜΗΝΑΚΑΚΗ	5	
ΜΗΝΑΚ	ΜΗΝΑΚΑΚΗΣ	3	
ΜΗΤΡΟ	ΜΗΤΡΟΠΟΛΙΤΗΝ	4	
ΜΙΚΟΥ	ΜΙΚΟΥ	4	
ΜΙΚΡ	ΜΙΚΡ	14	
ΜΙΛΛΙ	ΜΙΛΛΙΕΞ	4	
ΜΙΜΗΣ	ΜΙΜΗΣΙΝ	5	
ΜΙΣΟΡ	ΜΙΣΟΡΑΧΙ	4	
ΜΙΧΑΛ	ΜΙΧΑΛΟΠΟΥΛΟΣ	27	
ΜΙΧΑΛ	ΜΙΧΑΛΑΧΡΗΣ	12	
ΜΙΧΑΛ	ΜΙΧΑΛΑΠΟΥΛΟΥ	7	
ΜΙΧΑΛ	ΜΙΧΑΛΟΠΟΥΛΟ	6	
ΜΙΧΑΛ	ΜΙΧΑΛΟΧΡΗΣ	5	
ΜΙΧΑΛ	ΜΙΧΑΛΑΠΟΥΛΟΣ	4	
ΜΙΧΑΛ	ΜΙΧΑΛΑΧΡΗΣΤΑ	3	
ΜΙΧΑΛ	ΜΙΧΑΛΑΧΟΥ	3	
ΜΙΧΑΛ	ΜΙΧΑΛΟΧΡΗΣΤΟΣ	3	
ΜΝΗΜΟ	ΜΝΗΜΟΣΙΟ	5	
ΜΟΜΑ	ΜΟΜΑ	3	
ΜΟΝΕΜ	ΜΟΝΕΜΒΑΣΙΑΣ	38	
ΜΟΝΙΜ	ΜΟΝΙΜΟΝ	3	
ΜΟΝΟΔ	ΜΟΝΟΔΕΝΔΡΙ	3	
ΜΟΡΡΗ	ΜΟΡΡΗ	6	
ΜΟΡΡΗ	ΜΟΡΡΗΣ	5	
ΜΟΡΦΟ	ΜΟΡΦΟ	9	
ΜΟΣΧΟ	ΜΟΣΧΟΔΙΤΗΣ	8	
ΜΟΣΧΟ	ΜΟΣΧΟΒΙΤΗ	5	
ΜΟΥΣΤ	ΜΟΥΣΤΑΚΗ	5	
ΜΠΑΘΟ	ΜΠΑΘΟΥΛΗΣ	11	
ΜΠΑΚΗ	ΜΠΑΚΗΣ	70	
ΜΠΑΚΗ	ΜΠΑΚΗ	53	
ΜΠΑΚΚ	ΜΠΑΚΚΗ	3	
ΜΠΑΛΑ	ΜΠΑΛΑΝΗ	6	
ΜΠΑΛΑ	ΜΠΑΛΑΝΗΣ	4	
ΜΠΑΛΑ	ΜΠΑΛΑΣΗ	4	
ΜΠΑΝΗ	ΜΠΑΝΗΣ	4	
ΜΠΑΡΟ	ΜΠΑΡΟΥΝΗΣ	3	
ΜΠΕΛΚ	ΜΠΕΛΚΑΣ	39	
ΜΠΕΛΚ	ΜΠΕΛΚΑ	19	
ΜΠΕΡΝ	ΜΠΕΡΝΤΕΝΗΣ	3	
ΜΠΙΡΜ	ΜΠΙΡΜΠΙΛΗΣ	12	
ΜΠΟΛΑ	ΜΠΟΛΑΝΗΣ	57	
ΜΠΟΛΑ	ΜΠΟΛΑΝΗ	31	
ΜΠΟΛΑ	ΜΠΟΛΑΝΝΗ	7	
ΜΠΟΛΚ	ΜΠΟΛΚΑΣ	4	
ΜΠΟΡΕ	ΜΠΟΡΕ	23	
ΜΠΟΡΙ	ΜΠΟΡΙΚ	4	
ΜΠΟΡΟ	ΜΠΟΡΟ	15	
ΜΠΟΡΟ	ΜΠΟΡΟΣ	4	
ΜΠΟΦΙ	ΜΠΟΦΙΛΙΟΥ	3	
ΜΠΡΟΣ	ΜΠΡΟΣΤ	3	
ΝΑΓΚΗ	ΝΑΓΚΗ	6	
ΝΑΓΝΩ	ΝΑΓΝΩΣΤΕΣ	4	
ΝΑΚΑΚ	ΝΑΚΑΚΗ	3	
ΝΑΜΕΣ	ΝΑΜΕΣΑ	7	
ΝΑΝΤΙ	ΝΑΝΤΙΑ	3	
ΝΑΠΤΥ	ΝΑΠΤΥΞΗ	4	
ΝΑΣΤΑ	ΝΑΣΤΑΣΗ	3	
ΝΑΥΑΡ	ΝΑΥΑΡΙΝΟΥ	3	
ΝΑΦΕΡ	ΝΑΦΕΡΕΤΑΙ	4	
ΝΔΙΑΦ	ΝΔΙΑΦΕΡΟΝ	4	
ΝΔΡΕΑ	ΝΔΡΕΑ	4	
ΝΕΑΡ	ΝΕΑΡ	4	
ΝΕΚΡ	ΝΕΚΡ	3	
ΝΕΛΕ	ΝΕΛΕ	3	
ΝΕΟΧΩ	ΝΕΟΧΩΡΙ	4	
ΝΕΟΧΩ	ΝΕΟΧΩΡΙΟΥ	3	
ΝΕΡΓΕ	ΝΕΡΓΕΙΕΣ	5	
ΝΘΑΡΡ	ΝΘΑΡΡΥΝΤΙΚ	4	
ΝΘΡΩΠ	ΝΘΡΩΠΟΣ	13	
ΝΘΡΩΠ	ΝΘΡΩΠΟΙ	11	
ΝΘΡΩΠ	ΝΘΡΩΠΟ	6	
ΝΘΡΩΠ	ΝΘΡΩΠΟΥΣ	6	
ΝΘΡΩΠ	ΝΘΡΩΠΟΥ	6	
ΝΘΡΩΠ	ΝΘΡΩΠΙΝΗ	4	
ΝΘΡΩΠ	ΝΘΡΩΠΙΣΤΙΚ	3	
ΝΘΡΩΠ	ΝΘΡΩΠΙΝΟ	3	
ΝΙΖΑΜ	ΝΙΖΑΜΗΣ	4	
ΝΙΚΗΤ	ΝΙΚΗΤΑΚΗΣ	7	
ΝΙΚΛΙ	ΝΙΚΛΙ	5	
ΝΙΚΟΛ	ΝΙΚΟΛΑΡΟΣ	47	
ΝΙΚΟΛ	ΝΙΚΟΛΑΚΑΚΗΣ	38	
ΝΙΚΟΛ	ΝΙΚΟΛΑΚΑΚΗ	14	
ΝΙΚΟΛ	ΝΙΚΟΛΕΤΤΑ	5	
ΝΙΚΟΛ	ΝΙΚΟΛΑΡΟΥ	4	
ΝΙΚΟΛ	ΝΙΚΟΛΟΠΟΥΛΟΣ	3	
ΝΙΚΩΝ	ΝΙΚΩΝΟΣ	12	
ΝΙΚΩΝ	ΝΙΚΩΝΑ	3	
ΝΙΣΧΥ	ΝΙΣΧΥΣΗ	5	
ΝΙΤΣΑ	ΝΙΤΣΑ	7	
ΝΟΔΙΚ	ΝΟΔΙΚΗ	3	
ΝΟΙΞΙ	ΝΟΙΞΙΑΤΙΚΗ	3	
ΝΟΜΑ	ΝΟΜΑ	13	
ΝΟΜΑΣ	ΝΟΜΑΣΤΙΚ	3	
ΝΣΗΣ	ΝΣΗΣ	3	
ΝΤΑΙ	ΝΤΑΙ	13	
ΝΤΑΛΛ	ΝΤΑΛΛΑΣ	4	
ΝΤΑΜΩ	ΝΤΑΜΩΣΗ	3	
ΝΤΕΡΑ	ΝΤΕΡΑΣ	6	
ΝΤΕΡΟ	ΝΤΕΡΟΣ	56	
ΝΤΕΡΟ	ΝΤΕΡΟΥ	33	
ΝΤΕΡΟ	ΝΤΕΡΟ	3	
ΝΤΗΣ	ΝΤΗΣ	8	
ΝΤΙΝΑ	ΝΤΙΝΑ	12	
ΝΤΙΝΑ	ΝΤΙΝΑΣ	4	
ΝΩΤΕΡ	ΝΩΤΕΡΩ	3	
ΞΑΧΑΡ	ΞΑΧΑΡΟΠΛΑΣΤΙΚΗΣ	3	
ΞΕΝΗΤ	ΞΕΝΗΤΕΜΕΝΟΥΣ	6	
ΞΕΝΗΤ	ΞΕΝΗΤΕΜΕΝΟΙ	3	
ΞΕΝΙΤ	ΞΕΝΙΤΙ	4	
ΞΗΡΟΚ	ΞΗΡΟΚΑΜΠΙΟΥ	5	
ΞΗΡΟΚ	ΞΗΡΟΚΑΜΠΙ	4	
ΞΗΡΟΚ	ΞΗΡΟΚΟΜΕΙΟΥ	3	
ΞΙΖΕΙ	ΞΙΖΕΙ	3	
ΞΥΠΗΡ	ΞΥΠΗΡΕΤΗΣΗ	4	
ΞΩΚΚΛ	ΞΩΚΚΛΗΣΙΑ	4	
ΞΩΡΑΙ	ΞΩΡΑΙΣΤΙΚΟ	3	
ΞΩΣΤΗ	ΞΩΣΤΗ	3	
ΞΩΤΕΡ	ΞΩΤΕΡΙΚΟ	4	
ΟΔΟΥΥ	ΟΔΟΥΥΧΑ	3	
ΟΔΟΥΧ	ΟΔΟΥΧΑ	5	
ΟΙΚΕΙ	ΟΙΚΕΙΑΚΩΣ	7	
ΟΙΚΗΜ	ΟΙΚΗΜΩΣ	5	
ΟΙΚΙΑ	ΟΙΚΙΑΚΩΣ	10	
ΟΙΤΙΝ	ΟΙΤΙΝΕΣ	3	
ΟΛΑΣ	ΟΛΑΣ	3	
ΟΛΟΘΕ	ΟΛΟΘΕΡΜΗ	5	
ΟΛΟΘΕ	ΟΛΟΘΕΡΜΑ	3	
ΟΛΟΥΨ	ΟΛΟΥΨΥΧΑ	3	
ΟΛΟΨΥ	ΟΛΟΨΥΧΩΣ	3	
ΟΡΑΙΟ	ΟΡΑΙΟΤΕΡΟ	3	
ΟΡΤΑΣ	ΟΡΤΑΣΤΗΚΕ	3	
ΟΡΤΗ	ΟΡΤΗ	4	
ΟΣΤΙΣ	ΟΣΤΙΣ	6	
ΟΥΧΕΤ	ΟΥΧΕΤΑΙ	3	
ΠΑΙΚΟ	ΠΑΙΚΟΠΟΥΛΟΥ	3	
ΠΑΙΚΟ	ΠΑΙΚΟΠΟΥΛΟΣ	3	
ΠΑΛΑΙ	ΠΑΛΑΙΟΠΑΝΑΓΙΑ	7	
ΠΑΛΙΓ	ΠΑΛΙΓΓΙΝΗ	3	
ΠΑΛΛΗ	ΠΑΛΛΗΛΟΣ	4	
ΠΑΛΛΗ	ΠΑΛΛΗΛΟΙ	3	
ΠΑΝΑΓ	ΠΑΝΑΓ	156	
ΠΑΝΑΓ	ΠΑΝΑΓΙΩΤΟΥ	28	
ΠΑΝΑΓ	ΠΑΝΑΓΟΠΟΥΛΟΣ	14	
ΠΑΝΑΓ	ΠΑΝΑΓΑΚΟΥ	8	
ΠΑΝΑΓ	ΠΑΝΑΓΑΚΟΣ	5	
ΠΑΝΑΓ	ΠΑΝΑΓΟΠΟΥΛΟΥ	4	
ΠΑΝΑΙ	ΠΑΝΑΙΤΣΑ	5	
ΠΑΝΓΕ	ΠΑΝΓΕΩΡΓΙΤΣΙΑΝΙΚΟ	4	
ΠΑΝΗΓ	ΠΑΝΗΓΥΡΙΚ	3	
ΠΑΝΟΥ	ΠΑΝΟΥΣΗ	6	
ΠΑΝΤ	ΠΑΝΤ	15	
ΠΑΝΤΑ	ΠΑΝΤΑΖΕΛΟΣ	65	
ΠΑΝΤΑ	ΠΑΝΤΑΖΕΛΟΥ	55	
ΠΑΝΤΑ	ΠΑΝΤΑΖΗ	10	
ΠΑΝΤΑ	ΠΑΝΤΑΣ	10	
ΠΑΝΤΑ	ΠΑΝΤΑΖΟΠΟΥΛΟΣ	9	
ΠΑΝΤΑ	ΠΑΝΤΑΛΗ	8	
ΠΑΝΤΑ	ΠΑΝΤΑΞΕΛΟΣ	4	
ΠΑΝΤΑ	ΠΑΝΤΑΝΑΣΣΗΣ	4	
ΠΑΝΤΑ	ΠΑΝΤΑΖΕΛΑΣ	4	
ΠΑΝΤΑ	ΠΑΝΤΑΖΟΠΟΥΛΟΥ	3	
ΠΑΝΤΕ	ΠΑΝΤΕΛ	11	
ΠΑΝΤΕ	ΠΑΝΤΕΙΟ	4	
ΠΑΝΤΕ	ΠΑΝΤΕΙΟΥ	4	
ΠΑΝΤΟ	ΠΑΝΤΟ	7	
ΠΑΝΤΟ	ΠΑΝΤΟΛΗ	4	
ΠΑΠΑΓ	ΠΑΠΑΓΕΩΡΓΙΑΚΟΠΟΥΛΟΣ	3	
ΠΑΠΑΓ	ΠΑΠΑΓΕΩΡΓΟΠΟΥΛΟΥ	3	
ΠΑΠΑΔ	ΠΑΠΑΔΟΓΙΑΝΝΗΣ	18	
ΠΑΠΑΔ	ΠΑΠΑΔΟΓΙΑΝΝΗ	8	
ΠΑΠΑΖ	ΠΑΠΑΖΗΤΗΣ	7	
ΠΑΠΑΖ	ΠΑΠΑΖΗΤΗ	4	
ΠΑΠΑΗ	ΠΑΠΑΗΛΙΟΥ	7	
ΠΑΠΑΘ	ΠΑΠΑΘΑΝΑΣΟΠΟΥΛΟΣ	44	
ΠΑΠΑΘ	ΠΑΠΑΘΑΝΑΣΟΠΟΥΛΟΥ	22	
ΠΑΠΑΘ	ΠΑΠΑΘΑΝΑΣΟΠΟΥΛΟ	9	
ΠΑΠΑΘ	ΠΑΠΑΘΕΟΦΙΛΟΠΟΥΛΟΣ	8	
ΠΑΠΑΘ	ΠΑΠΑΘΕΟΦΙΛΟΠΟΥΛΟΥ	6	
ΠΑΠΑΚ	ΠΑΠΑΚΩΝΣΤΑΝΤΙΝΟΥ	7	
ΠΑΠΑΚ	ΠΑΠΑΚΑΛΟΣ	3	
ΠΑΠΑΝ	ΠΑΠΑΝΤ	13	
ΠΑΠΑΝ	ΠΑΠΑΝΤΗ	6	
ΠΑΠΑΝ	ΠΑΠΑΝΤΖΗΣ	3	
ΠΑΠΑΣ	ΠΑΠΑΣΤΑΘΗΣ	49	
ΠΑΠΑΣ	ΠΑΠΑΣΤΑΘΗ	40	
ΠΑΠΑΣ	ΠΑΠΑΣΤΑΔΗΣ	10	
ΠΑΠΑΣ	ΠΑΠΑΣΤΑΔΗ	6	
ΠΑΠΑΣ	ΠΑΠΑΣΤΑΦΙΔΑΣ	5	
ΠΑΠΑΣ	ΠΑΠΑΣΤΡΑΤΑΚΟΥ	3	
ΠΑΠΑΣ	ΠΑΠΑΣΤΑΦΙΔΑ	3	
ΠΑΠΟΥ	ΠΑΠΟΥΛΑΚΗΣ	4	
ΠΑΠΟΥ	ΠΑΠΟΥΛΗΣ	3	
ΠΑΠΠΑ	ΠΑΠΠΑ	6	
ΠΑΠΡΟ	ΠΑΠΡΟΝΙΚΟΛΑΣ	3	
ΠΑΡΑΒ	ΠΑΡΑΒΑΛΟΣ	15	
ΠΑΡΑΒ	ΠΑΡΑΒΑΛΟΥ	6	
ΠΑΡΑΔ	ΠΑΡΑΔΟΛΟΣ	3	
ΠΑΡΑΙ	ΠΑΡΑΙΤΗΤΟ	3	
ΠΑΡΑΚ	ΠΑΡΑΚΑΛΟ	5	
ΠΑΡΑΚ	ΠΑΡΑΚΑΛΟΥΜΕΝ	4	
ΠΑΡΑΚ	ΠΑΡΑΚΑΛ	3	
ΠΑΡΑΠ	ΠΑΡΑΠΛΑΝΗ	7	
ΠΑΡΑΣ	ΠΑΡΑΣΧΗ	29	
ΠΑΡΑΣ	ΠΑΡΑΣΚΕΥΑΣ	10	
ΠΑΡΑΣ	ΠΑΡΑΣΧΟΠΟΥΛΟΥ	7	
ΠΑΡΑΣ	ΠΑΡΑΣΧΕΙΚΑ	7	
ΠΑΡΑΣ	ΠΑΡΑΣΧΟΠΟΥΛΟΣ	7	
ΠΑΡΑΣ	ΠΑΡΑΣΚΕΙΚΑ	3	
ΠΑΡΑΣ	ΠΑΡΑΣΧΗΣ	3	
ΠΑΡΑΣ	ΠΑΡΑΣΚΕΥΑ	3	
ΠΑΡΔΑ	ΠΑΡΔΑΛΙ	27	
ΠΑΡΔΑ	ΠΑΡΔΑΛΙΟΥ	3	
ΠΑΡΕΒ	ΠΑΡΕΒΡΕΘΗΚΑΝ	3	
ΠΑΡΝΩ	ΠΑΡΝΩΝΑ	24	
ΠΑΡΞΗ	ΠΑΡΞΗ	3	
ΠΑΡΤΥ	ΠΑΡΤΥ	4	
ΠΑΡΧΕ	ΠΑΡΧΕΙ	5	
ΠΑΡΧΟ	ΠΑΡΧΟΥΝ	6	
ΠΑΣΤΑ	ΠΑΣΤΑΤΑΔΗΣ	3	
ΠΑΤΡΟ	ΠΑΤΡΟΝΙΚΟΛΑΣ	17	
ΠΑΤΡΟ	ΠΑΤΡΟΝΙΚΟΛΑ	8	
ΠΑΤΡΟ	ΠΑΤΡΟΠΟΥΛΟΥ	4	
ΠΑΤΣΙ	ΠΑΤΣΙΟΥ	7	
ΠΑΤΣΙ	ΠΑΤΣΙΟΣ	7	
ΠΑΤΣΟ	ΠΑΤΣΟΥ	11	
ΠΑΧΥΓ	ΠΑΧΥΓΙΑΝΝΗ	8	
ΠΕΒΙΩ	ΠΕΒΙΩΣΕ	8	
ΠΕΒΙΩ	ΠΕΒΙΩΣΕΝ	8	
ΠΕΙΔΗ	ΠΕΙΔΗ	5	
ΠΕΙΛ	ΠΕΙΛ	5	
ΠΕΙΛΑ	ΠΕΙΛΑΝΙΑΣ	5	
ΠΕΙΛΑ	ΠΕΙΛΑΝΑ	5	
ΠΕΙΛΑ	ΠΕΙΛΑΝΙΑΝ	3	
ΠΕΙΛΑ	ΠΕΙΛΑΝΙΩΤΩΝ	3	
ΠΕΙΤΑ	ΠΕΙΤΑ	3	
ΠΕΚΤΑ	ΠΕΚΤΑΣΗ	3	
ΠΕΚΤΗ	ΠΕΚΤΗΣΕ	7	
ΠΕΛΙΑ	ΠΕΛΙΑΝΝΑ	4	
ΠΕΛΙΛ	ΠΕΛΙΛΑΝΑΣ	6	
ΠΕΛΛΑ	ΠΕΛΛΑΝΑ	157	
ΠΕΛΛΑ	ΠΕΛΛΑΝΑΣ	46	
ΠΕΛΛΑ	ΠΕΛΛΑΝΗΣ	18	
ΠΕΛΛΑ	ΠΕΛΛΑΝΙΑ	7	
ΠΕΛΛΑ	ΠΕΛΛΑΝΙΤΩΝ	3	
ΠΕΛΛΟ	ΠΕΛΛΟΝΑ	10	
ΠΕΛΛΟ	ΠΕΛΛΟΝΑΣ	4	
ΠΕΛΛΩ	ΠΕΛΛΩΝΗΣ	3	
ΠΕΝΤΑ	ΠΕΝΤΑΝΟΣΤΙΜΑ	3	
ΠΕΡΑΝ	ΠΕΡΑΝΤΗ	3	
ΠΕΡΔΙ	ΠΕΡΔΙΚΗΣ	18	
ΠΕΡΔΙ	ΠΕΡΔΙΚΗ	8	
ΠΕΡΙΓ	ΠΕΡΙΓΡΑΦ	3	
ΠΕΡΙΔ	ΠΕΡΙΔΗΣ	8	
ΠΕΡΙΔ	ΠΕΡΙΔΗ	4	
ΠΕΡΙΔ	ΠΕΡΙΔΟΛΙΩΝ	3	
ΠΕΡΙΔ	ΠΕΡΙΔΩΛΙΑ	3	
ΠΕΡΙΟ	ΠΕΡΙΟΧ	5	
ΠΕΡΟΧ	ΠΕΡΟΧΗ	3	
ΠΕΣΚΕ	ΠΕΣΚΕΦΘΗ	3	
ΠΕΤΕΙ	ΠΕΤΕΙΟΣ	3	
ΠΕΤΡΑ	ΠΕΤΡΑΚΗΣ	33	
ΠΕΤΡΑ	ΠΕΤΡΑΚΗ	24	
ΠΕΤΡΟ	ΠΕΤΡΟΠΟΥΛΟΥ	6	
ΠΕΤΡΟ	ΠΕΤΡΟΜΕΝΟΥΣ	3	
ΠΕΥΘΥ	ΠΕΥΘΥΝΕΙ	6	
ΠΗΡΕΣ	ΠΗΡΕΣΙΕΣ	7	
ΠΗΡΕΣ	ΠΗΡΕΣΙΑ	3	
ΠΙΘΥΜ	ΠΙΘΥΜΟ	3	
ΠΙΚΤΗ	ΠΙΚΤΗΤΕΣ	3	
ΠΙΠΕΡ	ΠΙΠΕΡΙΓΚΑΣ	3	
ΠΙΠΙΤ	ΠΙΠΙΤΣΑ	3	
ΠΙΠΛΑ	ΠΙΠΛΑ	3	
ΠΙΣΗΣ	ΠΙΣΗΣ	27	
ΠΙΣΤΗ	ΠΙΣΤΗΜΗ	4	
ΠΙΣΤΗ	ΠΙΣΤΗΜΗΣ	3	
ΠΙΣΤΟ	ΠΙΣΤΟΛΗ	9	
ΠΙΤΑΚ	ΠΙΤΑΚΤΙΚ	3	
ΠΙΤΡΟ	ΠΙΤΡΟΠ	4	
ΠΙΤΥΧ	ΠΙΤΥΧΙΑ	4	
ΠΛΑΚΟ	ΠΛΑΚΟ	10	
ΠΛΑΤ	ΠΛΑΤ	3	
ΠΛΑΤΑ	ΠΛΑΤΑΝΑΚΙ	6	
ΠΛΑΤΑ	ΠΛΑΤΑΝΑ	6	
ΠΛΕΥΡ	ΠΛΕΥΡ	6	
ΠΛΗΡΟ	ΠΛΗΡΟΦΟΡΟ	4	
ΠΛΗΡΟ	ΠΛΗΡΟΦΟΡΟΥΜΕΘΑ	4	
ΠΝΕΥΜ	ΠΝΕΥΜΑΤΙΚ	6	
ΠΟΙΗΤ	ΠΟΙΗΤΑΙ	3	
ΠΟΚΤΗ	ΠΟΚΤΗΣΕΝ	4	
ΠΟΛΕΙ	ΠΟΛΕΙΤΑΙ	4	
ΠΟΛΙΑ	ΠΟΛΙΑΝΑ	5	
ΠΟΛΙΤ	ΠΟΛΙΤ	3	
ΠΟΛΛ	ΠΟΛΛ	14	
ΠΟΛΛΗ	ΠΟΛΛΗΝ	5	
ΠΟΛΛΟ	ΠΟΛΛΟ	7	
ΠΟΛΥΤ	ΠΟΛΥΤΗ	4	
ΠΟΜΕΝ	ΠΟΜΕΝΟ	3	
ΠΟΜΕΝ	ΠΟΜΕΝΩΣ	3	
ΠΟΡΣΕ	ΠΟΡΣΕΛΑΝΑ	14	
ΠΟΣΤΑ	ΠΟΣΤΑΣΗ	3	
ΠΟΤΑΣ	ΠΟΤΑΣ	5	
ΠΟΤΕΛ	ΠΟΤΕΛΕΣΜΑΤΑ	4	
ΠΟΤΕΛ	ΠΟΤΕΛΕΣΜΑ	3	
ΠΟΤΕΛ	ΠΟΤΕΛΟΥΜΕΝΗ	3	
ΠΟΤΟΥ	ΠΟΤΟΥΛΑ	8	
ΠΟΤΟΥ	ΠΟΤΟΥΛΑΣ	5	
ΠΟΥΡΓ	ΠΟΥΡΓ	4	
ΠΟΥΡΓ	ΠΟΥΡΓΕ	4	
ΠΡΑΓΜ	ΠΡΑΓΜΑΤΙΚ	4	
ΠΡΕΙΤ	ΠΡΕΙΤΕ	3	
ΠΡΕΣΒ	ΠΡΕΣΒΥΣ	3	
ΠΡΙΛΙ	ΠΡΙΛΙΟΥ	6	
ΠΡΟΕΔ	ΠΡΟΕΔΡΟΝ	11	
ΠΡΟΕΔ	ΠΡΟΕΔΡΙΑΝ	3	
ΠΡΟΕΞ	ΠΡΟΕΞΗΡΧΕ	6	
ΠΡΟΕΣ	ΠΡΟΕΣΤΗ	14	
ΠΡΟΟΔ	ΠΡΟΟΔΟΝ	3	
ΠΡΟΣΚ	ΠΡΟΣΚΥΝΗΤ	4	
ΠΡΟΣΦ	ΠΡΟΣΦΟΡΑΝ	4	
ΠΡΩΤ	ΠΡΩΤ	6	
ΠΡΩΤΟ	ΠΡΩΤΟΔΡΟΧΙ	4	
ΠΥΚΝ	ΠΥΚΝ	3	
ΠΥΛΑΣ	ΠΥΛΑΣ	3	
ΠΥΡΓΑ	ΠΥΡΓΑΚΙ	5	
ΠΥΡΝΟ	ΠΥΡΝΟΚΟΚΚΑΣ	8	
ΠΥΡΝΟ	ΠΥΡΝΟΚΟΚΑΣ	3	
ΠΥΡΟΣ	ΠΥΡΟΣΒΕΣΤΟΥ	3	
ΡΑΙΑ	ΡΑΙΑ	5	
ΡΑΣΙΑ	ΡΑΣΙΑ	8	
ΡΑΣΙΑ	ΡΑΣΙΑΣ	7	
ΡΑΣΣΑ	ΡΑΣΣΑ	4	
ΡΑΣΣΑ	ΡΑΣΣΑΣ	3	
ΡΑΣΣΙ	ΡΑΣΣΙΑΣ	51	
ΡΑΣΣΙ	ΡΑΣΣΙΑ	31	
ΡΑΣΤΙ	ΡΑΣΤΙΑΣ	29	
ΡΑΣΤΙ	ΡΑΣΤΙΑ	10	
ΡΑΣΤΙ	ΡΑΣΤΙ	4	
ΡΓΑΝΑ	ΡΓΑΝΑ	3	
ΡΓΑΣΙ	ΡΓΑΣΙΑ	3	
ΡΓΟΝ	ΡΓΟΝ	4	
ΡΓΟΥ	ΡΓΟΥ	5	
ΡΓΩΝ	ΡΓΩΝ	6	
ΡΗΝΗ	ΡΗΝΗ	4	
ΡΗΝΙΚ	ΡΗΝΙΚ	3	
ΡΘΑΝ	ΡΘΑΝ	3	
ΡΙΖΟΝ	ΡΙΖΟΝΤΑ	4	
ΡΙΘΜ	ΡΙΘΜ	3	
ΡΙΣΜΕ	ΡΙΣΜΕΝΕΣ	4	
ΡΚΑΔΙ	ΡΚΑΔΙΑΣ	4	
ΡΜΟΔΙ	ΡΜΟΔΙΟ	3	
ΡΜΟΔΙ	ΡΜΟΔΙΟΣ	3	
ΡΟΥΜΛ	ΡΟΥΜΛΙΩΤΗΣ	3	
ΡΟΥΤΣ	ΡΟΥΤΣΗ	6	
ΡΡΑΒ	ΡΡΑΒ	4	
ΡΧΑΙΟ	ΡΧΑΙΟΤΗΤΩΝ	3	
ΡΧΙΜΑ	ΡΧΙΜΑΝΔΡΙΤΗΣ	6	
ΡΧΙΣΑ	ΡΧΙΣΑΝ	3	
ΡΧΙΣΕ	ΡΧΙΣΕ	4	
ΡΧΟΝΤ	ΡΧΟΝΤΑΙ	4	
ΣΑΒΑΛ	ΣΑΒΑΛΑΝΟΣ	16	
ΣΑΒΒΑ	ΣΑΒΒΑΣΙΜΟΤΑΤΟΣ	3	
ΣΑΚΚΕ	ΣΑΚΚΕΤΑ	3	
ΣΑΚΚΙ	ΣΑΚΚΙΑ	5	
ΣΑΚΚΟ	ΣΑΚΚΟΥΛΙ	4	
ΣΑΛΑΡ	ΣΑΛΑΡΗΣ	8	
ΣΑΛΑΡ	ΣΑΛΑΡΗ	3	
ΣΑΡΑΤ	ΣΑΡΑΤΖΟΓΛΟΥ	4	
ΣΑΡΟΥ	ΣΑΡΟΥΜΠΕΛΟΥ	4	
ΣΑΡΟΥ	ΣΑΡΟΥΜΠΕΛΟΣ	4	
ΣΑΧΑΜ	ΣΑΧΑΜΗΣ	4	
ΣΑΧΑΡ	ΣΑΧΑΡΙΚΗΣ	7	
ΣΑΧΑΡ	ΣΑΧΑΡΙΑΣ	3	
ΣΓΟΥΡ	ΣΓΟΥΡΔΑΣ	18	
ΣΓΟΥΡ	ΣΓΟΥΡΔΑ	11	
ΣΕΒΑΣ	ΣΕΒΑΣΜΙΩΤΑΤΟΥ	25	
ΣΕΒΑΣ	ΣΕΒΑΣΜΙΩΤΑΤΟΣ	23	
ΣΕΛΑΣ	ΣΕΛΑΣΙΑ	3	
ΣΕΡΑΦ	ΣΕΡΑΦΕΙΟΥ	3	
ΣΕΡΟΥ	ΣΕΡΟΥΜΠΕΛΟΥ	4	
ΣΗΜΕΡ	ΣΗΜΕΡΙΝ	4	
ΣΗΤΗ	ΣΗΤΗ	3	
ΣΗΤΗΣ	ΣΗΤΗΣ	3	
ΣΙΑΡΧ	ΣΙΑΡΧΟΣ	5	
ΣΙΓΑΛ	ΣΙΓΑΛΑΣ	8	
ΣΙΓΑΛ	ΣΙΓΑΛΟΝ	3	
ΣΙΓΟΥ	ΣΙΓΟΥΡΔΑΣ	3	
ΣΙΤΑ	ΣΙΤΑ	7	
ΣΙΤΗ	ΣΙΤΗ	3	
ΣΙΤΗΣ	ΣΙΤΗΣ	3	
ΣΙΩΤΗ	ΣΙΩΤΗ	3	
ΣΚΑΔΑ	ΣΚΑΔΑ	5	
ΣΚΛΗΡ	ΣΚΛΗΡ	3	
ΣΚΟΠ	ΣΚΟΠ	3	
ΣΚΟΥΛ	ΣΚΟΥΛΙΚΑΚΡΑΣΑ	3	
ΣΚΟΥΛ	ΣΚΟΥΛΙΚΟΥΡΑΣΤΑ	3	
ΣΚΡΟΥ	ΣΚΡΟΥΜΠΕΛΟΣ	53	
ΣΚΡΟΥ	ΣΚΡΟΥΜΠΕΛΟΥ	21	
ΣΚΡΟΥ	ΣΚΡΟΥΜΠΕΛΛΟΥ	19	
ΣΚΡΟΥ	ΣΚΡΟΥΜΠΕΛΟ	12	
ΣΚΡΟΥ	ΣΚΡΟΥΜΠΕΛΛΟΣ	7	
ΣΚΡΟΥ	ΣΚΡΟΥΜΠΕΛΑΣ	3	
ΣΛΗΘΑ	ΣΛΗΘΑΝΙΤΗ	3	
ΣΜΗΤΙ	ΣΜΗΤΙΚΑ	3	
ΣΜΥΡΙ	ΣΜΥΡΙΝΟΣ	5	
ΣΜΥΡΝ	ΣΜΥΡΝΟΣ	13	
ΣΟΒΑΡ	ΣΟΒΑΡ	3	
ΣΟΝΙΑ	ΣΟΝΙΑ	3	
ΣΟΥΛΑ	ΣΟΥΛΑ	10	
ΣΟΥΝ	ΣΟΥΝ	3	
ΣΟΥΣ	ΣΟΥΣ	3	
ΣΟΥΧΛ	ΣΟΥΧΛΕΡΗ	5	
ΣΟΥΧΛ	ΣΟΥΧΛΕΡΗΣ	4	
ΣΠΑΡΑ	ΣΠΑΡΑΓΓΗΣ	5	
ΣΠΑΡΑ	ΣΠΑΡΑΓΝΗΣ	3	
ΣΠΑΡΑ	ΣΠΑΡΑΓΗΣ	3	
ΣΠΑΡΑ	ΣΠΑΡΑΓΓΗ	3	
ΣΠΑΡΤ	ΣΠΑΡΤΗΝ	23	
ΣΠΑΡΤ	ΣΠΑΡΤΑΘΛΟ	4	
ΣΠΑΡΤ	ΣΠΑΡΤΙΑΤΗ	3	
ΣΠΑΦΤ	ΣΠΑΦΤΗΣ	7	
ΣΠΑΦΤ	ΣΠΑΦΤΗ	5	
ΣΠΑΧΤ	ΣΠΑΧΤΗΣ	7	
ΣΠΑΧΤ	ΣΠΑΧΤΗ	6	
ΣΠΗΛΙ	ΣΠΗΛΙΟΠΟΥΛΟΣ	4	
ΣΠΟΝΔ	ΣΠΟΝΔΥΛΟΑΡΘΡΙΤΙΔΑ	6	
ΣΠΟΥΔ	ΣΠΟΥΔ	3	
ΣΠΡΟΥ	ΣΠΡΟΥΜΠΕΛΟΥ	8	
ΣΠΥΡ	ΣΠΥΡ	9	
ΣΠΥΡΟ	ΣΠΥΡΟΠΟΥΛΟΥ	4	
ΣΤΑΘΑ	ΣΤΑΘΑΚΟΣ	11	
ΣΤΑΘΑ	ΣΤΑΘΑΚΗ	3	
ΣΤΑΘΟ	ΣΤΑΘΟΠΟΥΛΟΣ	6	
ΣΤΑΜ	ΣΤΑΜ	3	
ΣΤΑΜΑ	ΣΤΑΜΑΤΙΚΗ	7	
ΣΤΑΜΑ	ΣΤΑΜΑΤΙΚΗΣ	3	
ΣΤΑΥΡ	ΣΤΑΥΡΟΠΟΥΛΟΥ	9	
ΣΤΑΥΡ	ΣΤΑΥΡΟΥΛΗ	4	
ΣΤΑΥΡ	ΣΤΑΥΡΑΚΗ	4	
ΣΤΑΦΤ	ΣΤΑΦΤΗ	3	
ΣΤΕΡ	ΣΤΕΡ	5	
ΣΤΕΡΑ	ΣΤΕΡΑ	5	
ΣΤΕΡΑ	ΣΤΕΡΑΝΑ	4	
ΣΤΕΡΚ	ΣΤΕΡΚΑ	3	
ΣΤΕΦΑ	ΣΤΕΦΑΝΟΠΟΥΛΟΥ	5	
ΣΤΙΓΜ	ΣΤΙΓΜ	7	
ΣΤΟΡΙ	ΣΤΟΡΙΚ	3	
ΣΤΟΡΙ	ΣΤΟΡΙΑΣ	3	
ΣΤΡΑΛ	ΣΤΡΑΛΙΑ	4	
ΣΤΡΑΤ	ΣΤΡΑΤΑΚΗΣ	11	
ΣΤΡΑΤ	ΣΤΡΑΤΕΑΣ	8	
ΣΤΡΑΤ	ΣΤΡΑΤΕΑ	4	
ΣΤΡΕΜ	ΣΤΡΕΜ	12	
ΣΤΡΙΓ	ΣΤΡΙΓΓΑΡΗ	7	
ΣΤΡΙΓ	ΣΤΡΙΓΓΛΟΠΟΥΛΑ	3	
ΣΥΓΓΕ	ΣΥΓΓΕΝΕ	9	
ΣΥΓΧΑ	ΣΥΓΧΑΙΡΟΜΕΝ	4	
ΣΥΓΧΡ	ΣΥΓΧΡΟΝΟΝ	3	
ΣΥΖΥΓ	ΣΥΖΥΓΟΝ	6	
ΣΥΛΛΟ	ΣΥΛΛΟΓΟΝ	8	
ΣΥΛΛΟ	ΣΥΛΛΟΓΗΝ	4	
ΣΥΛΛΥ	ΣΥΛΛΥΠΟΥΜΕΘΑ	52	
ΣΥΛΛΥ	ΣΥΛΛΥΠΑΤΑΙ	3	
ΣΥΜΕΩ	ΣΥΜΕΩΝΙΔΗΣ	6	
ΣΥΜΜΕ	ΣΥΜΜΕΤΟΧ	3	
ΣΥΜΠΑ	ΣΥΜΠΑΡΑΣΤΑΤΟΥΜΕΝΟΣ	16	
ΣΥΜΠΑ	ΣΥΜΠΑΤΡΙΩΤ	7	
ΣΥΜΠΑ	ΣΥΜΠΑΤΡΙ	6	
ΣΥΜΠΑ	ΣΥΜΠΑΤΡΙΩΤΟΥ	6	
ΣΥΜΠΑ	ΣΥΜΠΑΡΑΣΤΑΣΙ	3	
ΣΥΜΠΑ	ΣΥΜΠΑΘΟΥΝΤΕΣ	3	
ΣΥΝΕΔ	ΣΥΝΕΔΡΙΑΣΙΝ	3	
ΣΥΝΕΚ	ΣΥΝΕΚΙΝΗΣΕ	3	
ΣΥΝΕΛ	ΣΥΝΕΛΕΥΣΙΝ	3	
ΣΥΝΕΡ	ΣΥΝΕΡΓΑΤΟΥ	3	
ΣΥΝΕΧ	ΣΥΝΕΧ	4	
ΣΥΝΗΡ	ΣΥΝΗΡΠΑΣΕ	7	
ΣΦΑΛΕ	ΣΦΑΛΕΙΑΣ	3	
ΣΧΕΔ	ΣΧΕΔ	4	
ΣΧΕΣΙ	ΣΧΕΣΙ	3	
ΣΧΟΛ	ΣΧΟΛ	9	
ΣΧΟΛΕ	ΣΧΟΛΕ	14	
ΣΧΟΛΗ	ΣΧΟΛΗΝ	3	
ΣΩΜΑΤ	ΣΩΜΑΤΙΚ	3	
ΣΩΡΙΝ	ΣΩΡΙΝΟΣ	3	
ΣΩΣΤ	ΣΩΣΤ	7	
ΣΩΤΗΡ	ΣΩΤΗΡΟΣ	5	
ΣΩΤΗΡ	ΣΩΤΗΡΟΠΟΥΛΟΣ	4	
ΣΩΤΗΡ	ΣΩΤΗΡΟΥΛΑ	3	
ΤΑΙΓΕ	ΤΑΙΓΕΤΟΥ	3	
ΤΑΛΙΑ	ΤΑΛΙΑ	3	
ΤΑΛΙΚ	ΤΑΛΙΚΑ	3	
ΤΑΧΥΑ	ΤΑΧΥΑΝΑΠΤΥΚΤΑ	3	
ΤΕΒΕ	ΤΕΒΕ	4	
ΤΕΚΑ	ΤΕΚΑ	5	
ΤΕΛΕΘ	ΤΕΛΕΘΗΚΕ	5	
ΤΕΛΕΘ	ΤΕΛΕΘΗΚΑΝ	3	
ΤΕΛΕΣ	ΤΕΛΕΣΘΗ	8	
ΤΕΛΕΥ	ΤΕΛΕΥΤΗΣΕΝ	4	
ΤΕΛΙΚ	ΤΕΛΙΚ	3	
ΤΕΧΝΙ	ΤΕΧΝΙΚ	7	
ΤΖΑΝΟ	ΤΖΑΝΟΛΙΝΟΥ	3	
ΤΗΛΕΦ	ΤΗΛΕΦ	17	
ΤΗΛΕΦ	ΤΗΛΕΦΩΝΕΙΣΤΕ	4	
ΤΗΜΑ	ΤΗΜΑ	3	
ΤΗΣΙΑ	ΤΗΣΙΑ	5	
ΤΙΠΟΤ	ΤΙΠΟΤ	4	
ΤΟΚΙΝ	ΤΟΚΙΝΗΤΑ	4	
ΤΟΚΙΝ	ΤΟΚΙΝΗΤΟ	3	
ΤΟΠΙΚ	ΤΟΠΙΚ	6	
ΤΟΥΛΑ	ΤΟΥΛΑ	13	
ΤΟΥΛΑ	ΤΟΥΛΑΣ	4	
ΤΟΥΡΙ	ΤΟΥΡΙΣΤΙΚ	7	
ΤΟΥΡΝ	ΤΟΥΡΝΑΣ	21	
ΤΟΥΡΝ	ΤΟΥΡΝΑ	9	
ΤΟΥΡΣ	ΤΟΥΡΣ	5	
ΤΟΥΧΛ	ΤΟΥΧΛΗΣ	6	
ΤΡΙΠΟ	ΤΡΙΠΟΛΙ	6	
ΤΡΙΠΟ	ΤΡΙΠΟΛΙΝ	3	
ΤΣΑΓΓ	ΤΣΑΓΓΑΡΗΣ	6	
ΤΣΑΓΓ	ΤΣΑΓΓΑΡΗ	4	
ΤΣΑΓΙ	ΤΣΑΓΙΟΡΗΣ	3	
ΤΣΑΓΚ	ΤΣΑΓΚΡΑΣ	7	
ΤΣΑΓΚ	ΤΣΑΓΚΡΑ	5	
ΤΣΑΠΑ	ΤΣΑΠΑΝΤΗ	6	
ΤΣΕΡΜ	ΤΣΕΡΜΠΑΣ	4	
ΤΣΕΡΜ	ΤΣΕΡΜΑΣ	3	
ΤΣΕΡΩ	ΤΣΕΡΩΤΑ	41	
ΤΣΕΡΩ	ΤΣΕΡΩΤΑΣ	36	
ΤΣΕΡΩ	ΤΣΕΡΩΤΟΣ	5	
ΤΣΙΑΓ	ΤΣΙΑΓΚΡΑΣ	8	
ΤΣΙΑΓ	ΤΣΙΑΓΚΡΑ	3	
ΤΣΙΜΕ	ΤΣΙΜΕΝΤΟΣΤΡΩΣΗ	8	
ΤΣΙΜΕ	ΤΣΙΜΕΝΤΟΣΤΡΩΘΗΚΕ	5	
ΤΣΙΧΛ	ΤΣΙΧΛΗΣ	60	
ΤΣΙΧΛ	ΤΣΙΧΛΗ	43	
ΤΣΙΧΛ	ΤΣΙΧΛΕΙΚΑ	4	
ΤΣΟΥΜ	ΤΣΟΥΜΑΝΑΣ	10	
ΤΣΟΥΜ	ΤΣΟΥΜΑΝΑ	6	
ΤΣΟΥΤ	ΤΣΟΥΤΑ	4	
ΤΤΙΚ	ΤΤΙΚ	8	
ΤΥΝΔΑ	ΤΥΝΔΑΡΙΟΥ	3	
ΤΥΧΗΜ	ΤΥΧΗΜΑΤΑ	3	
ΤΥΧΙΣ	ΤΥΧΙΣΜΕΝΟΙ	4	
ΥΓΕΤΟ	ΥΓΕΤΟΥ	10	
ΥΔΡΑΚ	ΥΔΡΑΚΗΣ	3	
ΥΔΡΕΥ	ΥΔΡΕΥΣΙΝ	3	
ΥΠΑΛ	ΥΠΑΛ	3	
ΥΠΕΣΧ	ΥΠΕΣΧΕΤΟ	6	
ΥΠΟΘΕ	ΥΠΟΘΕΣΙΝ	6	
ΥΠΟΣΧ	ΥΠΟΣΧΗΣΗ	3	
ΦΑΝΑΤ	ΦΑΝΑΤΟΙ	4	
ΦΑΡΦΑ	ΦΑΡΦΑΡΑ	10	
ΦΑΡΦΑ	ΦΑΡΦΑΡΑΣ	5	
ΦΕΛΕ	ΦΕΛΕ	7	
ΦΕΛΙΜ	ΦΕΛΙΜΟ	3	
ΦΗΜΕΡ	ΦΗΜΕΡΙΔΑ	23	
ΦΗΜΕΡ	ΦΗΜΕΡΙΔΑΣ	9	
ΦΗΜΕΡ	ΦΗΜΕΡΙΔΩΝ	3	
ΦΗΜΕΡ	ΦΗΜΕΡΙΟΣ	3	
ΦΗΜΕΡ	ΦΗΜΕΡΙΔΟΣ	3	
ΦΗΜΕΡ	ΦΗΜΕΡΙΟΥ	3	
ΦΗΣΕ	ΦΗΣΕ	3	
ΦΘΟΝΑ	ΦΘΟΝΑ	3	
ΦΙΛΕΙ	ΦΙΛΕΙΡΗΝΙΚ	4	
ΦΙΛΙΠ	ΦΙΛΙΠΠΟΠΟΥΛΟΣ	3	
ΦΙΛΟΠ	ΦΙΛΟΠΟΥΛΟΥ	5	
ΦΛΥΤΖ	ΦΛΥΤΖΑΝΙ	4	
ΦΟΡΙΑ	ΦΟΡΙΑ	3	
ΦΟΤΕΡ	ΦΟΤΕΡΑ	3	
ΦΟΥΝΤ	ΦΟΥΝΤΕΙΚΑ	8	
ΦΡΙΚΗ	ΦΡΙΚΗΝ	4	
ΦΥΣΙΚ	ΦΥΣΙΚ	5	
ΦΥΤΑΡ	ΦΥΤΑΡΙΑ	8	
ΦΥΤΕΥ	ΦΥΤΕΥΘΕΙ	7	
ΦΥΤΕΥ	ΦΥΤΕΥΣΕΙ	3	
ΧΑΡΑΛ	ΧΑΡΑΛ	17	
ΧΑΡΑΛ	ΧΑΡΑΛΑΜ	3	
ΧΑΡΙΣ	ΧΑΡΙΣΤΟ	15	
ΧΑΡΙΣ	ΧΑΡΙΣΤΗΣΗ	3	
ΧΕΙΣ	ΧΕΙΣ	12	
ΧΕΛΙΩ	ΧΕΛΙΩΤΗΣ	16	
ΧΕΛΙΩ	ΧΕΛΙΩΤΗ	5	
ΧΕΤΑΙ	ΧΕΤΑΙ	8	
ΧΙΛΙΟ	ΧΙΛΙΟΠΛΑΣΙΑ	3	
ΧΟΙΡΟ	ΧΟΙΡΟΣΦΑΓΙΑ	4	
ΧΟΜΑΙ	ΧΟΜΑΙ	4	
ΧΟΜΑΣ	ΧΟΜΑΣΤΕ	5	
ΧΟΜΕΘ	ΧΟΜΕΘΑ	6	
ΧΟΝΤΡ	ΧΟΝΤΡΩΜΕΝΟ	3	
ΧΟΡΙΤ	ΧΟΡΙΤΣΑΚΙ	4	
ΧΟΡΟΣ	ΧΟΡΟΣΤΑΤΟΥΝΤΟΣ	3	
ΧΟΥΠΠ	ΧΟΥΠΠΕΡΤ	4	
ΧΡΙΣΤ	ΧΡΙΣΤΟΥΛΑ	8	
ΧΡΙΣΤ	ΧΡΙΣΤΟΥΛΑΣ	4	
ΧΡΙΣΤ	ΧΡΙΣΤΙΑΝΙΚ	3	
ΧΡΙΣΤ	ΧΡΙΣΤΑΛΗ	3	
ΧΡΙΣΤ	ΧΡΙΣΤΟΔΟΤΗ	3	
ΧΡΥΣΟ	ΧΡΥΣΟΥΛΑΣ	4	
ΧΩΡΙ	ΧΩΡΙ	23	
ΨΑΛΗ	ΨΑΛΗ	6	
ΨΟΜΕΤ	ΨΟΜΕΤΡΟ	4	
ΨΟΥΣ	ΨΟΥΣ	4	
ΨΥΧΙΚ	ΨΥΧΙΚ	8	
ΨΥΧΡΑ	ΨΥΧΡΑΜΗΣ	5	
ΩΑΝΝΗ	ΩΑΝΝΗΣ	7	
ΩΜΙΛΗ	ΩΜΙΛΗΣΕ	6	
ΩΡΑΙΩ	ΩΡΑΙΩΤΕΡΟ	24	
